Date,date_iso,State,District Name,Market Name,Commodity,Variety,Grade,Min Price (Rs./Quintal),Max Price (Rs./Quintal),Modal Price (Rs./Quintal),Arrivals_Quintal,is_synthetic,generator,seed,config_hash
15 Aug 2024,2024-08-15,Maharashtra,Nashik,Lasalgaon,Onion,Nasik,FAQ,1756.76,2313.04,2034.9,2124.77,True,agmarknet_mimic_v1,42,08efbdb5ab95
16 Aug 2024,2024-08-16,Maharashtra,Nashik,Lasalgaon,Onion,Nasik,FAQ,1911.17,2400.27,2155.72,2248.68,True,agmarknet_mimic_v1,42,08efbdb5ab95
17 Aug 2024,2024-08-17,Maharashtra,Nashik,Lasalgaon,Onion,Nasik,FAQ,1901.2,2472.21,2186.71,1904.2,True,agmarknet_mimic_v1,42,08efbdb5ab95
19 Aug 2024,2024-08-19,Maharashtra,Nashik,Lasalgaon,Onion,Nasik,FAQ,1722.54,2502.05,2112.3,2338.24,True,agmarknet_mimic_v1,42,08efbdb5ab95
20 Aug 2024,2024-08-20,Maharashtra,Nashik,Lasalgaon,Onion,Red,FAQ,1844.11,2421.29,2132.7,2541.94,True,agmarknet_mimic_v1,42,08efbdb5ab95
21 Aug 2024,2024-08-21,Maharashtra,Nashik,Lasalgaon,Onion,Nasik,FAQ,1891.62,2345.88,2118.75,1610.34,True,agmarknet_mimic_v1,42,08efbdb5ab95
22 Aug 2024,2024-08-22,Maharashtra,Nashik,Lasalgaon,Onion,Nasik,FAQ,1762.11,2412.1,2087.1,2635.68,True,agmarknet_mimic_v1,42,08efbdb5ab95
23 Aug 2024,2024-08-23,Maharashtra,Nashik,Lasalgaon,Onion,Red,FAQ,1768.01,2559.3,2163.66,2270.01,True,agmarknet_mimic_v1,42,08efbdb5ab95
24 Aug 2024,2024-08-24,Maharashtra,Nashik,Lasalgaon,Onion,Nasik,FAQ,1766.66,2595.81,2181.23,1978.58,True,agmarknet_mimic_v1,42,08efbdb5ab95
26 Aug 2024,2024-08-26,Maharashtra,Nashik,Lasalgaon,Onion,FAQ,FAQ,1793.05,2596.27,2194.66,1984.12,True,agmarknet_mimic_v1,42,08efbdb5ab95
27 Aug 2024,2024-08-27,Maharashtra,Nashik,Lasalgaon,Onion,FAQ,FAQ,1810.4,2463.52,2136.96,2011.26,True,agmarknet_mimic_v1,42,08efbdb5ab95
28 Aug 2024,2024-08-28,Maharashtra,Nashik,Lasalgaon,Onion,Red,FAQ,1833.98,2275.54,2054.76,1765.38,True,agmarknet_mimic_v1,42,08efbdb5ab95
29 Aug 2024,2024-08-29,Maharashtra,Nashik,Lasalgaon,Onion,FAQ,FAQ,1726.01,2394.33,2060.17,1318.86,True,agmarknet_mimic_v1,42,08efbdb5ab95
30 Aug 2024,2024-08-30,Maharashtra,Nashik,Lasalgaon,Onion,Nasik,FAQ,1893.0,2537.44,2215.22,2290.91,True,agmarknet_mimic_v1,42,08efbdb5ab95
31 Aug 2024,2024-08-31,Maharashtra,Nashik,Lasalgaon,Onion,Red,FAQ,1871.14,2720.19,2295.67,1978.3,True,agmarknet_mimic_v1,42,08efbdb5ab95
02 Sep 2024,2024-09-02,Maharashtra,Nashik,Lasalgaon,Onion,Nasik,FAQ,2065.33,2616.33,2340.83,1822.03,True,agmarknet_mimic_v1,42,08efbdb5ab95
03 Sep 2024,2024-09-03,Maharashtra,Nashik,Lasalgaon,Onion,FAQ,FAQ,1906.18,2788.67,2347.42,2006.57,True,agmarknet_mimic_v1,42,08efbdb5ab95
04 Sep 2024,2024-09-04,Maharashtra,Nashik,Lasalgaon,Onion,Red,FAQ,2004.54,2515.79,2260.17,1683.62,True,agmarknet_mimic_v1,42,08efbdb5ab95
05 Sep 2024,2024-09-05,Maharashtra,Nashik,Lasalgaon,Onion,Red,FAQ,1793.29,2657.03,2225.16,2633.62,True,agmarknet_mimic_v1,42,08efbdb5ab95
06 Sep 2024,2024-09-06,Maharashtra,Nashik,Lasalgaon,Onion,Red,FAQ,1833.93,2518.18,2176.06,2241.54,True,agmarknet_mimic_v1,42,08efbdb5ab95
07 Sep 2024,2024-09-07,Maharashtra,Nashik,Lasalgaon,Onion,Nasik,FAQ,1789.14,2598.14,2193.64,2205.77,True,agmarknet_mimic_v1,42,08efbdb5ab95
09 Sep 2024,2024-09-09,Maharashtra,Nashik,Lasalgaon,Onion,Nasik,FAQ,1807.09,2421.34,2114.22,2567.13,True,agmarknet_mimic_v1,42,08efbdb5ab95
10 Sep 2024,2024-09-10,Maharashtra,Nashik,Lasalgaon,Onion,FAQ,FAQ,1801.76,2294.42,2048.09,1920.28,True,agmarknet_mimic_v1,42,08efbdb5ab95
11 Sep 2024,2024-09-11,Maharashtra,Nashik,Lasalgaon,Onion,Red,FAQ,1789.94,2311.53,2050.73,2421.27,True,agmarknet_mimic_v1,42,08efbdb5ab95
12 Sep 2024,2024-09-12,Maharashtra,Nashik,Lasalgaon,Onion,FAQ,FAQ,1661.51,2326.49,1994.0,1944.51,True,agmarknet_mimic_v1,42,08efbdb5ab95
13 Sep 2024,2024-09-13,Maharashtra,Nashik,Lasalgaon,Onion,Red,FAQ,1774.14,2316.99,2045.56,2573.62,True,agmarknet_mimic_v1,42,08efbdb5ab95
14 Sep 2024,2024-09-14,Maharashtra,Nashik,Lasalgaon,Onion,FAQ,FAQ,1643.67,2399.21,2021.44,1996.53,True,agmarknet_mimic_v1,42,08efbdb5ab95
16 Sep 2024,2024-09-16,Maharashtra,Nashik,Lasalgaon,Onion,Nasik,FAQ,1788.55,2444.13,2116.34,2891.91,True,agmarknet_mimic_v1,42,08efbdb5ab95
17 Sep 2024,2024-09-17,Maharashtra,Nashik,Lasalgaon,Onion,Red,FAQ,1906.33,2638.61,2272.47,2281.22,True,agmarknet_mimic_v1,42,08efbdb5ab95
18 Sep 2024,2024-09-18,Maharashtra,Nashik,Lasalgaon,Onion,FAQ,FAQ,1848.04,2586.02,2217.03,1862.6,True,agmarknet_mimic_v1,42,08efbdb5ab95
19 Sep 2024,2024-09-19,Maharashtra,Nashik,Lasalgaon,Onion,FAQ,FAQ,1845.05,2454.84,2149.95,1807.06,True,agmarknet_mimic_v1,42,08efbdb5ab95
20 Sep 2024,2024-09-20,Maharashtra,Nashik,Lasalgaon,Onion,Red,FAQ,1737.71,2458.96,2098.34,2098.45,True,agmarknet_mimic_v1,42,08efbdb5ab95
21 Sep 2024,2024-09-21,Maharashtra,Nashik,Lasalgaon,Onion,Red,FAQ,1802.32,2426.15,2114.24,2911.98,True,agmarknet_mimic_v1,42,08efbdb5ab95
23 Sep 2024,2024-09-23,Maharashtra,Nashik,Lasalgaon,Onion,Nasik,FAQ,1820.82,2459.75,2140.28,2360.4,True,agmarknet_mimic_v1,42,08efbdb5ab95
24 Sep 2024,2024-09-24,Maharashtra,Nashik,Lasalgaon,Onion,Nasik,FAQ,1717.54,2427.99,2072.76,2589.58,True,agmarknet_mimic_v1,42,08efbdb5ab95
25 Sep 2024,2024-09-25,Maharashtra,Nashik,Lasalgaon,Onion,Nasik,FAQ,1566.78,2292.05,1929.41,2548.85,True,agmarknet_mimic_v1,42,08efbdb5ab95
26 Sep 2024,2024-09-26,Maharashtra,Nashik,Lasalgaon,Onion,Nasik,FAQ,1642.73,2421.41,2032.07,1698.84,True,agmarknet_mimic_v1,42,08efbdb5ab95
27 Sep 2024,2024-09-27,Maharashtra,Nashik,Lasalgaon,Onion,Red,FAQ,1869.35,2348.35,2108.85,2297.87,True,agmarknet_mimic_v1,42,08efbdb5ab95
28 Sep 2024,2024-09-28,Maharashtra,Nashik,Lasalgaon,Onion,FAQ,FAQ,1757.7,2499.43,2128.57,1611.34,True,agmarknet_mimic_v1,42,08efbdb5ab95
30 Sep 2024,2024-09-30,Maharashtra,Nashik,Lasalgaon,Onion,Red,FAQ,1855.41,2356.1,2105.76,2105.0,True,agmarknet_mimic_v1,42,08efbdb5ab95
01 Oct 2024,2024-10-01,Maharashtra,Nashik,Lasalgaon,Onion,Nasik,FAQ,1741.97,2412.49,2077.23,2487.55,True,agmarknet_mimic_v1,42,08efbdb5ab95
02 Oct 2024,2024-10-02,Maharashtra,Nashik,Lasalgaon,Onion,Nasik,FAQ,1697.13,2409.0,2053.06,1606.69,True,agmarknet_mimic_v1,42,08efbdb5ab95
03 Oct 2024,2024-10-03,Maharashtra,Nashik,Lasalgaon,Onion,Nasik,FAQ,1773.46,2399.49,2086.48,2347.41,True,agmarknet_mimic_v1,42,08efbdb5ab95
04 Oct 2024,2024-10-04,Maharashtra,Nashik,Lasalgaon,Onion,FAQ,FAQ,1716.1,2207.11,1961.61,2440.79,True,agmarknet_mimic_v1,42,08efbdb5ab95
05 Oct 2024,2024-10-05,Maharashtra,Nashik,Lasalgaon,Onion,FAQ,FAQ,1719.25,2226.96,1973.1,2170.47,True,agmarknet_mimic_v1,42,08efbdb5ab95
07 Oct 2024,2024-10-07,Maharashtra,Nashik,Lasalgaon,Onion,FAQ,FAQ,1729.08,2350.91,2040.0,2257.54,True,agmarknet_mimic_v1,42,08efbdb5ab95
08 Oct 2024,2024-10-08,Maharashtra,Nashik,Lasalgaon,Onion,Nasik,FAQ,1545.91,2266.28,1906.1,2819.41,True,agmarknet_mimic_v1,42,08efbdb5ab95
09 Oct 2024,2024-10-09,Maharashtra,Nashik,Lasalgaon,Onion,Nasik,FAQ,1617.76,2111.04,1864.4,2689.96,True,agmarknet_mimic_v1,42,08efbdb5ab95
10 Oct 2024,2024-10-10,Maharashtra,Nashik,Lasalgaon,Onion,Nasik,FAQ,1596.64,2363.54,1980.09,2288.42,True,agmarknet_mimic_v1,42,08efbdb5ab95
11 Oct 2024,2024-10-11,Maharashtra,Nashik,Lasalgaon,Onion,FAQ,FAQ,1720.17,2251.95,1986.06,2534.98,True,agmarknet_mimic_v1,42,08efbdb5ab95
12 Oct 2024,2024-10-12,Maharashtra,Nashik,Lasalgaon,Onion,Nasik,FAQ,1718.46,2327.34,2022.9,2468.08,True,agmarknet_mimic_v1,42,08efbdb5ab95
14 Oct 2024,2024-10-14,Maharashtra,Nashik,Lasalgaon,Onion,Nasik,FAQ,1824.65,2394.29,2109.47,2178.22,True,agmarknet_mimic_v1,42,08efbdb5ab95
15 Oct 2024,2024-10-15,Maharashtra,Nashik,Lasalgaon,Onion,FAQ,FAQ,1836.75,2347.12,2091.94,1843.44,True,agmarknet_mimic_v1,42,08efbdb5ab95
16 Oct 2024,2024-10-16,Maharashtra,Nashik,Lasalgaon,Onion,Nasik,FAQ,1608.81,2283.51,1946.16,1992.15,True,agmarknet_mimic_v1,42,08efbdb5ab95
17 Oct 2024,2024-10-17,Maharashtra,Nashik,Lasalgaon,Onion,Red,FAQ,1664.38,2177.12,1920.75,2177.58,True,agmarknet_mimic_v1,42,08efbdb5ab95
18 Oct 2024,2024-10-18,Maharashtra,Nashik,Lasalgaon,Onion,Nasik,FAQ,1691.59,2113.35,1902.47,2603.05,True,agmarknet_mimic_v1,42,08efbdb5ab95
19 Oct 2024,2024-10-19,Maharashtra,Nashik,Lasalgaon,Onion,Red,FAQ,1661.38,2059.33,1860.36,2823.08,True,agmarknet_mimic_v1,42,08efbdb5ab95
21 Oct 2024,2024-10-21,Maharashtra,Nashik,Lasalgaon,Onion,Red,FAQ,1518.69,2033.89,1776.29,2038.78,True,agmarknet_mimic_v1,42,08efbdb5ab95
22 Oct 2024,2024-10-22,Maharashtra,Nashik,Lasalgaon,Onion,Red,FAQ,1545.14,2210.88,1878.01,2561.24,True,agmarknet_mimic_v1,42,08efbdb5ab95
23 Oct 2024,2024-10-23,Maharashtra,Nashik,Lasalgaon,Onion,Red,FAQ,1516.69,2211.43,1864.06,2320.6,True,agmarknet_mimic_v1,42,08efbdb5ab95
24 Oct 2024,2024-10-24,Maharashtra,Nashik,Lasalgaon,Onion,Red,FAQ,1646.96,2110.02,1878.49,2256.14,True,agmarknet_mimic_v1,42,08efbdb5ab95
25 Oct 2024,2024-10-25,Maharashtra,Nashik,Lasalgaon,Onion,FAQ,FAQ,1456.43,2143.17,1799.8,1788.42,True,agmarknet_mimic_v1,42,08efbdb5ab95
26 Oct 2024,2024-10-26,Maharashtra,Nashik,Lasalgaon,Onion,FAQ,FAQ,1576.69,2124.24,1850.46,3015.89,True,agmarknet_mimic_v1,42,08efbdb5ab95
28 Oct 2024,2024-10-28,Maharashtra,Nashik,Lasalgaon,Onion,Red,FAQ,1633.47,2150.77,1892.12,2324.94,True,agmarknet_mimic_v1,42,08efbdb5ab95
29 Oct 2024,2024-10-29,Maharashtra,Nashik,Lasalgaon,Onion,Red,FAQ,1615.3,2161.08,1888.19,2603.8,True,agmarknet_mimic_v1,42,08efbdb5ab95
30 Oct 2024,2024-10-30,Maharashtra,Nashik,Lasalgaon,Onion,Nasik,FAQ,1553.36,2225.86,1889.61,2714.94,True,agmarknet_mimic_v1,42,08efbdb5ab95
31 Oct 2024,2024-10-31,Maharashtra,Nashik,Lasalgaon,Onion,FAQ,FAQ,1654.65,2228.38,1941.52,2092.69,True,agmarknet_mimic_v1,42,08efbdb5ab95
01 Nov 2024,2024-11-01,Maharashtra,Nashik,Lasalgaon,Onion,Red,FAQ,1666.25,2142.86,1904.56,1945.13,True,agmarknet_mimic_v1,42,08efbdb5ab95
02 Nov 2024,2024-11-02,Maharashtra,Nashik,Lasalgaon,Onion,Nasik,FAQ,1684.4,2147.7,1916.05,2131.16,True,agmarknet_mimic_v1,42,08efbdb5ab95
04 Nov 2024,2024-11-04,Maharashtra,Nashik,Lasalgaon,Onion,FAQ,FAQ,1592.26,2332.76,1962.51,2501.57,True,agmarknet_mimic_v1,42,08efbdb5ab95
05 Nov 2024,2024-11-05,Maharashtra,Nashik,Lasalgaon,Onion,FAQ,FAQ,1597.29,2349.92,1973.61,2570.44,True,agmarknet_mimic_v1,42,08efbdb5ab95
06 Nov 2024,2024-11-06,Maharashtra,Nashik,Lasalgaon,Onion,FAQ,FAQ,1556.55,2270.39,1913.47,2273.67,True,agmarknet_mimic_v1,42,08efbdb5ab95
07 Nov 2024,2024-11-07,Maharashtra,Nashik,Lasalgaon,Onion,Red,FAQ,1705.76,2136.19,1920.97,1480.49,True,agmarknet_mimic_v1,42,08efbdb5ab95
08 Nov 2024,2024-11-08,Maharashtra,Nashik,Lasalgaon,Onion,Nasik,FAQ,1459.52,1944.82,1702.17,2967.07,True,agmarknet_mimic_v1,42,08efbdb5ab95
09 Nov 2024,2024-11-09,Maharashtra,Nashik,Lasalgaon,Onion,FAQ,FAQ,1392.03,1968.66,1680.34,2180.61,True,agmarknet_mimic_v1,42,08efbdb5ab95
11 Nov 2024,2024-11-11,Maharashtra,Nashik,Lasalgaon,Onion,FAQ,FAQ,1327.75,1787.28,1557.51,2586.63,True,agmarknet_mimic_v1,42,08efbdb5ab95
12 Nov 2024,2024-11-12,Maharashtra,Nashik,Lasalgaon,Onion,Red,FAQ,1206.85,1781.32,1494.08,2234.17,True,agmarknet_mimic_v1,42,08efbdb5ab95
13 Nov 2024,2024-11-13,Maharashtra,Nashik,Lasalgaon,Onion,Nasik,FAQ,1363.85,1752.68,1558.27,2472.66,True,agmarknet_mimic_v1,42,08efbdb5ab95
14 Nov 2024,2024-11-14,Maharashtra,Nashik,Lasalgaon,Onion,FAQ,FAQ,1254.13,1771.79,1512.96,2126.14,True,agmarknet_mimic_v1,42,08efbdb5ab95
15 Nov 2024,2024-11-15,Maharashtra,Nashik,Lasalgaon,Onion,FAQ,FAQ,1247.26,1800.99,1524.12,2386.91,True,agmarknet_mimic_v1,42,08efbdb5ab95
16 Nov 2024,2024-11-16,Maharashtra,Nashik,Lasalgaon,Onion,Red,FAQ,1204.65,1763.93,1484.29,2684.94,True,agmarknet_mimic_v1,42,08efbdb5ab95
18 Nov 2024,2024-11-18,Maharashtra,Nashik,Lasalgaon,Onion,FAQ,FAQ,1198.68,1521.13,1359.91,1990.4,True,agmarknet_mimic_v1,42,08efbdb5ab95
19 Nov 2024,2024-11-19,Maharashtra,Nashik,Lasalgaon,Onion,Nasik,FAQ,1157.63,1520.76,1339.2,2348.35,True,agmarknet_mimic_v1,42,08efbdb5ab95
20 Nov 2024,2024-11-20,Maharashtra,Nashik,Lasalgaon,Onion,Nasik,FAQ,1191.6,1549.8,1370.7,2017.52,True,agmarknet_mimic_v1,42,08efbdb5ab95
21 Nov 2024,2024-11-21,Maharashtra,Nashik,Lasalgaon,Onion,Red,FAQ,1147.15,1557.77,1352.46,2308.11,True,agmarknet_mimic_v1,42,08efbdb5ab95
22 Nov 2024,2024-11-22,Maharashtra,Nashik,Lasalgaon,Onion,Nasik,FAQ,1087.89,1513.38,1300.64,2481.2,True,agmarknet_mimic_v1,42,08efbdb5ab95
23 Nov 2024,2024-11-23,Maharashtra,Nashik,Lasalgaon,Onion,Red,FAQ,1140.26,1539.66,1339.96,2608.05,True,agmarknet_mimic_v1,42,08efbdb5ab95
25 Nov 2024,2024-11-25,Maharashtra,Nashik,Lasalgaon,Onion,Red,FAQ,1171.86,1459.35,1315.6,2816.42,True,agmarknet_mimic_v1,42,08efbdb5ab95
26 Nov 2024,2024-11-26,Maharashtra,Nashik,Lasalgaon,Onion,Nasik,FAQ,1140.71,1526.67,1333.69,3034.43,True,agmarknet_mimic_v1,42,08efbdb5ab95
27 Nov 2024,2024-11-27,Maharashtra,Nashik,Lasalgaon,Onion,Nasik,FAQ,1190.72,1478.71,1334.71,3380.65,True,agmarknet_mimic_v1,42,08efbdb5ab95
28 Nov 2024,2024-11-28,Maharashtra,Nashik,Lasalgaon,Onion,Nasik,FAQ,1061.67,1477.05,1269.36,2043.2,True,agmarknet_mimic_v1,42,08efbdb5ab95
29 Nov 2024,2024-11-29,Maharashtra,Nashik,Lasalgaon,Onion,Red,FAQ,1190.68,1598.09,1394.39,2825.82,True,agmarknet_mimic_v1,42,08efbdb5ab95
30 Nov 2024,2024-11-30,Maharashtra,Nashik,Lasalgaon,Onion,Red,FAQ,1178.5,1559.03,1368.76,2676.0,True,agmarknet_mimic_v1,42,08efbdb5ab95
02 Dec 2024,2024-12-02,Maharashtra,Nashik,Lasalgaon,Onion,Nasik,FAQ,1155.05,1567.07,1361.06,2500.17,True,agmarknet_mimic_v1,42,08efbdb5ab95
03 Dec 2024,2024-12-03,Maharashtra,Nashik,Lasalgaon,Onion,FAQ,FAQ,1170.08,1471.26,1320.67,2943.04,True,agmarknet_mimic_v1,42,08efbdb5ab95
04 Dec 2024,2024-12-04,Maharashtra,Nashik,Lasalgaon,Onion,FAQ,FAQ,1134.72,1564.18,1349.45,2838.09,True,agmarknet_mimic_v1,42,08efbdb5ab95
05 Dec 2024,2024-12-05,Maharashtra,Nashik,Lasalgaon,Onion,Red,FAQ,1119.23,1596.95,1358.09,3017.59,True,agmarknet_mimic_v1,42,08efbdb5ab95
06 Dec 2024,2024-12-06,Maharashtra,Nashik,Lasalgaon,Onion,FAQ,FAQ,1318.6,1640.59,1479.6,2811.5,True,agmarknet_mimic_v1,42,08efbdb5ab95
07 Dec 2024,2024-12-07,Maharashtra,Nashik,Lasalgaon,Onion,Red,FAQ,1299.32,1647.68,1473.5,2543.65,True,agmarknet_mimic_v1,42,08efbdb5ab95
09 Dec 2024,2024-12-09,Maharashtra,Nashik,Lasalgaon,Onion,FAQ,FAQ,1224.31,1642.01,1433.16,3534.59,True,agmarknet_mimic_v1,42,08efbdb5ab95
10 Dec 2024,2024-12-10,Maharashtra,Nashik,Lasalgaon,Onion,Red,FAQ,1228.47,1655.88,1442.17,3764.33,True,agmarknet_mimic_v1,42,08efbdb5ab95
11 Dec 2024,2024-12-11,Maharashtra,Nashik,Lasalgaon,Onion,Nasik,FAQ,1141.35,1677.1,1409.22,3166.66,True,agmarknet_mimic_v1,42,08efbdb5ab95
12 Dec 2024,2024-12-12,Maharashtra,Nashik,Lasalgaon,Onion,Red,FAQ,1222.32,1534.26,1378.29,3334.08,True,agmarknet_mimic_v1,42,08efbdb5ab95
13 Dec 2024,2024-12-13,Maharashtra,Nashik,Lasalgaon,Onion,FAQ,FAQ,1092.65,1613.28,1352.97,3173.51,True,agmarknet_mimic_v1,42,08efbdb5ab95
14 Dec 2024,2024-12-14,Maharashtra,Nashik,Lasalgaon,Onion,Red,FAQ,1083.03,1566.13,1324.58,2581.67,True,agmarknet_mimic_v1,42,08efbdb5ab95
16 Dec 2024,2024-12-16,Maharashtra,Nashik,Lasalgaon,Onion,Red,FAQ,979.06,1298.06,1138.56,2971.71,True,agmarknet_mimic_v1,42,08efbdb5ab95
17 Dec 2024,2024-12-17,Maharashtra,Nashik,Lasalgaon,Onion,Red,FAQ,1071.82,1369.08,1220.45,3406.85,True,agmarknet_mimic_v1,42,08efbdb5ab95
18 Dec 2024,2024-12-18,Maharashtra,Nashik,Lasalgaon,Onion,Red,FAQ,1066.89,1366.2,1216.54,2994.54,True,agmarknet_mimic_v1,42,08efbdb5ab95
19 Dec 2024,2024-12-19,Maharashtra,Nashik,Lasalgaon,Onion,Nasik,FAQ,1057.86,1478.16,1268.01,3286.83,True,agmarknet_mimic_v1,42,08efbdb5ab95
20 Dec 2024,2024-12-20,Maharashtra,Nashik,Lasalgaon,Onion,Nasik,FAQ,1072.5,1510.3,1291.4,2898.31,True,agmarknet_mimic_v1,42,08efbdb5ab95
21 Dec 2024,2024-12-21,Maharashtra,Nashik,Lasalgaon,Onion,Red,FAQ,967.87,1397.8,1182.83,3440.39,True,agmarknet_mimic_v1,42,08efbdb5ab95
23 Dec 2024,2024-12-23,Maharashtra,Nashik,Lasalgaon,Onion,Red,FAQ,1019.11,1339.5,1179.31,3496.19,True,agmarknet_mimic_v1,42,08efbdb5ab95
24 Dec 2024,2024-12-24,Maharashtra,Nashik,Lasalgaon,Onion,FAQ,FAQ,965.13,1218.81,1091.97,4287.9,True,agmarknet_mimic_v1,42,08efbdb5ab95
25 Dec 2024,2024-12-25,Maharashtra,Nashik,Lasalgaon,Onion,FAQ,FAQ,900.54,1289.55,1095.04,3039.14,True,agmarknet_mimic_v1,42,08efbdb5ab95
26 Dec 2024,2024-12-26,Maharashtra,Nashik,Lasalgaon,Onion,FAQ,FAQ,814.2,1145.21,979.71,2821.59,True,agmarknet_mimic_v1,42,08efbdb5ab95
27 Dec 2024,2024-12-27,Maharashtra,Nashik,Lasalgaon,Onion,FAQ,FAQ,968.54,1231.83,1100.18,3381.12,True,agmarknet_mimic_v1,42,08efbdb5ab95
28 Dec 2024,2024-12-28,Maharashtra,Nashik,Lasalgaon,Onion,Nasik,FAQ,947.24,1208.06,1077.65,3607.6,True,agmarknet_mimic_v1,42,08efbdb5ab95
30 Dec 2024,2024-12-30,Maharashtra,Nashik,Lasalgaon,Onion,Red,FAQ,966.7,1252.57,1109.63,3131.4,True,agmarknet_mimic_v1,42,08efbdb5ab95
31 Dec 2024,2024-12-31,Maharashtra,Nashik,Lasalgaon,Onion,FAQ,FAQ,906.27,1169.05,1037.66,2913.35,True,agmarknet_mimic_v1,42,08efbdb5ab95
01 Jan 2025,2025-01-01,Maharashtra,Nashik,Lasalgaon,Onion,Red,FAQ,881.45,1127.25,1004.35,3253.43,True,agmarknet_mimic_v1,42,08efbdb5ab95
02 Jan 2025,2025-01-02,Maharashtra,Nashik,Lasalgaon,Onion,Red,FAQ,876.64,1151.47,1014.06,2929.66,True,agmarknet_mimic_v1,42,08efbdb5ab95
03 Jan 2025,2025-01-03,Maharashtra,Nashik,Lasalgaon,Onion,Red,FAQ,914.61,1171.62,1043.11,3338.54,True,agmarknet_mimic_v1,42,08efbdb5ab95
04 Jan 2025,2025-01-04,Maharashtra,Nashik,Lasalgaon,Onion,FAQ,FAQ,899.26,1317.22,1108.24,3249.49,True,agmarknet_mimic_v1,42,08efbdb5ab95
06 Jan 2025,2025-01-06,Maharashtra,Nashik,Lasalgaon,Onion,Nasik,FAQ,875.37,1245.85,1060.61,3370.0,True,agmarknet_mimic_v1,42,08efbdb5ab95
07 Jan 2025,2025-01-07,Maharashtra,Nashik,Lasalgaon,Onion,Red,FAQ,893.87,1301.28,1097.57,3609.37,True,agmarknet_mimic_v1,42,08efbdb5ab95
08 Jan 2025,2025-01-08,Maharashtra,Nashik,Lasalgaon,Onion,FAQ,FAQ,988.21,1290.77,1139.49,3005.93,True,agmarknet_mimic_v1,42,08efbdb5ab95
09 Jan 2025,2025-01-09,Maharashtra,Nashik,Lasalgaon,Onion,Red,FAQ,815.7,1209.59,1012.65,3408.95,True,agmarknet_mimic_v1,42,08efbdb5ab95
10 Jan 2025,2025-01-10,Maharashtra,Nashik,Lasalgaon,Onion,Red,FAQ,864.82,1074.4,969.61,3212.68,True,agmarknet_mimic_v1,42,08efbdb5ab95
11 Jan 2025,2025-01-11,Maharashtra,Nashik,Lasalgaon,Onion,Nasik,FAQ,793.78,1094.41,944.1,2929.46,True,agmarknet_mimic_v1,42,08efbdb5ab95
13 Jan 2025,2025-01-13,Maharashtra,Nashik,Lasalgaon,Onion,Red,FAQ,829.07,1104.12,966.59,3516.89,True,agmarknet_mimic_v1,42,08efbdb5ab95
14 Jan 2025,2025-01-14,Maharashtra,Nashik,Lasalgaon,Onion,FAQ,FAQ,897.43,1162.95,1030.19,3518.22,True,agmarknet_mimic_v1,42,08efbdb5ab95
15 Jan 2025,2025-01-15,Maharashtra,Nashik,Lasalgaon,Onion,Nasik,FAQ,898.9,1165.95,1032.43,3419.06,True,agmarknet_mimic_v1,42,08efbdb5ab95
16 Jan 2025,2025-01-16,Maharashtra,Nashik,Lasalgaon,Onion,Red,FAQ,933.76,1223.98,1078.87,3358.43,True,agmarknet_mimic_v1,42,08efbdb5ab95
17 Jan 2025,2025-01-17,Maharashtra,Nashik,Lasalgaon,Onion,Nasik,FAQ,913.57,1236.61,1075.09,3417.5,True,agmarknet_mimic_v1,42,08efbdb5ab95
18 Jan 2025,2025-01-18,Maharashtra,Nashik,Lasalgaon,Onion,Nasik,FAQ,1018.21,1394.39,1206.3,3506.37,True,agmarknet_mimic_v1,42,08efbdb5ab95
20 Jan 2025,2025-01-20,Maharashtra,Nashik,Lasalgaon,Onion,FAQ,FAQ,960.02,1417.1,1188.56,3211.39,True,agmarknet_mimic_v1,42,08efbdb5ab95
21 Jan 2025,2025-01-21,Maharashtra,Nashik,Lasalgaon,Onion,FAQ,FAQ,972.85,1401.21,1187.03,3223.52,True,agmarknet_mimic_v1,42,08efbdb5ab95
22 Jan 2025,2025-01-22,Maharashtra,Nashik,Lasalgaon,Onion,Nasik,FAQ,1000.79,1436.11,1218.45,3829.44,True,agmarknet_mimic_v1,42,08efbdb5ab95
23 Jan 2025,2025-01-23,Maharashtra,Nashik,Lasalgaon,Onion,Nasik,FAQ,962.79,1410.56,1186.68,4372.93,True,agmarknet_mimic_v1,42,08efbdb5ab95
24 Jan 2025,2025-01-24,Maharashtra,Nashik,Lasalgaon,Onion,Nasik,FAQ,995.82,1242.72,1119.27,3006.84,True,agmarknet_mimic_v1,42,08efbdb5ab95
25 Jan 2025,2025-01-25,Maharashtra,Nashik,Lasalgaon,Onion,Red,FAQ,1034.89,1293.52,1164.21,3409.24,True,agmarknet_mimic_v1,42,08efbdb5ab95
27 Jan 2025,2025-01-27,Maharashtra,Nashik,Lasalgaon,Onion,Red,FAQ,1052.98,1328.47,1190.72,2959.61,True,agmarknet_mimic_v1,42,08efbdb5ab95
28 Jan 2025,2025-01-28,Maharashtra,Nashik,Lasalgaon,Onion,Red,FAQ,1038.18,1325.98,1182.08,3487.99,True,agmarknet_mimic_v1,42,08efbdb5ab95
29 Jan 2025,2025-01-29,Maharashtra,Nashik,Lasalgaon,Onion,Nasik,FAQ,1028.77,1377.26,1203.02,3167.78,True,agmarknet_mimic_v1,42,08efbdb5ab95
30 Jan 2025,2025-01-30,Maharashtra,Nashik,Lasalgaon,Onion,Red,FAQ,901.07,1337.55,1119.31,3580.34,True,agmarknet_mimic_v1,42,08efbdb5ab95
31 Jan 2025,2025-01-31,Maharashtra,Nashik,Lasalgaon,Onion,FAQ,FAQ,946.99,1385.53,1166.26,3567.95,True,agmarknet_mimic_v1,42,08efbdb5ab95
01 Feb 2025,2025-02-01,Maharashtra,Nashik,Lasalgaon,Onion,Nasik,FAQ,1091.18,1598.67,1344.93,2822.67,True,agmarknet_mimic_v1,42,08efbdb5ab95
03 Feb 2025,2025-02-03,Maharashtra,Nashik,Lasalgaon,Onion,Red,FAQ,1086.26,1456.84,1271.55,2985.1,True,agmarknet_mimic_v1,42,08efbdb5ab95
04 Feb 2025,2025-02-04,Maharashtra,Nashik,Lasalgaon,Onion,Nasik,FAQ,964.0,1404.12,1184.06,3115.44,True,agmarknet_mimic_v1,42,08efbdb5ab95
05 Feb 2025,2025-02-05,Maharashtra,Nashik,Lasalgaon,Onion,FAQ,FAQ,1083.95,1347.76,1215.85,2954.37,True,agmarknet_mimic_v1,42,08efbdb5ab95
06 Feb 2025,2025-02-06,Maharashtra,Nashik,Lasalgaon,Onion,FAQ,FAQ,1124.98,1566.33,1345.65,2394.07,True,agmarknet_mimic_v1,42,08efbdb5ab95
07 Feb 2025,2025-02-07,Maharashtra,Nashik,Lasalgaon,Onion,FAQ,FAQ,993.06,1440.51,1216.79,3044.68,True,agmarknet_mimic_v1,42,08efbdb5ab95
08 Feb 2025,2025-02-08,Maharashtra,Nashik,Lasalgaon,Onion,Nasik,FAQ,1020.21,1347.28,1183.75,3293.86,True,agmarknet_mimic_v1,42,08efbdb5ab95
10 Feb 2025,2025-02-10,Maharashtra,Nashik,Lasalgaon,Onion,Red,FAQ,970.41,1281.64,1126.03,3096.34,True,agmarknet_mimic_v1,42,08efbdb5ab95
11 Feb 2025,2025-02-11,Maharashtra,Nashik,Lasalgaon,Onion,Red,FAQ,1004.55,1285.61,1145.08,3011.85,True,agmarknet_mimic_v1,42,08efbdb5ab95
12 Feb 2025,2025-02-12,Maharashtra,Nashik,Lasalgaon,Onion,Nasik,FAQ,982.87,1292.52,1137.69,2873.85,True,agmarknet_mimic_v1,42,08efbdb5ab95
13 Feb 2025,2025-02-13,Maharashtra,Nashik,Lasalgaon,Onion,Red,FAQ,976.21,1291.67,1133.94,3299.45,True,agmarknet_mimic_v1,42,08efbdb5ab95
14 Feb 2025,2025-02-14,Maharashtra,Nashik,Lasalgaon,Onion,FAQ,FAQ,913.61,1333.56,1123.58,3233.04,True,agmarknet_mimic_v1,42,08efbdb5ab95
15 Feb 2025,2025-02-15,Maharashtra,Nashik,Lasalgaon,Onion,Nasik,FAQ,1003.57,1340.17,1171.87,3361.36,True,agmarknet_mimic_v1,42,08efbdb5ab95
17 Feb 2025,2025-02-17,Maharashtra,Nashik,Lasalgaon,Onion,FAQ,FAQ,1115.46,1400.66,1258.06,2731.52,True,agmarknet_mimic_v1,42,08efbdb5ab95
18 Feb 2025,2025-02-18,Maharashtra,Nashik,Lasalgaon,Onion,Red,FAQ,1037.39,1470.31,1253.85,3015.07,True,agmarknet_mimic_v1,42,08efbdb5ab95
19 Feb 2025,2025-02-19,Maharashtra,Nashik,Lasalgaon,Onion,FAQ,FAQ,969.3,1342.97,1156.13,2758.93,True,agmarknet_mimic_v1,42,08efbdb5ab95
20 Feb 2025,2025-02-20,Maharashtra,Nashik,Lasalgaon,Onion,Red,FAQ,958.14,1381.13,1169.63,2629.72,True,agmarknet_mimic_v1,42,08efbdb5ab95
21 Feb 2025,2025-02-21,Maharashtra,Nashik,Lasalgaon,Onion,Red,FAQ,1038.47,1333.73,1186.1,3856.62,True,agmarknet_mimic_v1,42,08efbdb5ab95
22 Feb 2025,2025-02-22,Maharashtra,Nashik,Lasalgaon,Onion,FAQ,FAQ,1036.39,1381.75,1209.07,2627.49,True,agmarknet_mimic_v1,42,08efbdb5ab95
24 Feb 2025,2025-02-24,Maharashtra,Nashik,Lasalgaon,Onion,Nasik,FAQ,1150.67,1474.61,1312.64,2628.85,True,agmarknet_mimic_v1,42,08efbdb5ab95
25 Feb 2025,2025-02-25,Maharashtra,Nashik,Lasalgaon,Onion,Red,FAQ,1075.89,1528.48,1302.18,2676.0,True,agmarknet_mimic_v1,42,08efbdb5ab95
26 Feb 2025,2025-02-26,Maharashtra,Nashik,Lasalgaon,Onion,Red,FAQ,1141.74,1605.26,1373.5,2485.76,True,agmarknet_mimic_v1,42,08efbdb5ab95
27 Feb 2025,2025-02-27,Maharashtra,Nashik,Lasalgaon,Onion,Red,FAQ,1231.64,1605.98,1418.81,2769.48,True,agmarknet_mimic_v1,42,08efbdb5ab95
28 Feb 2025,2025-02-28,Maharashtra,Nashik,Lasalgaon,Onion,FAQ,FAQ,1210.37,1495.69,1353.03,3432.93,True,agmarknet_mimic_v1,42,08efbdb5ab95
01 Mar 2025,2025-03-01,Maharashtra,Nashik,Lasalgaon,Onion,Red,FAQ,1056.31,1498.51,1277.41,3242.46,True,agmarknet_mimic_v1,42,08efbdb5ab95
03 Mar 2025,2025-03-03,Maharashtra,Nashik,Lasalgaon,Onion,Nasik,FAQ,1162.47,1522.89,1342.68,3100.3,True,agmarknet_mimic_v1,42,08efbdb5ab95
04 Mar 2025,2025-03-04,Maharashtra,Nashik,Lasalgaon,Onion,Nasik,FAQ,1136.62,1565.87,1351.24,3175.45,True,agmarknet_mimic_v1,42,08efbdb5ab95
05 Mar 2025,2025-03-05,Maharashtra,Nashik,Lasalgaon,Onion,FAQ,FAQ,1113.79,1475.29,1294.54,2888.66,True,agmarknet_mimic_v1,42,08efbdb5ab95
06 Mar 2025,2025-03-06,Maharashtra,Nashik,Lasalgaon,Onion,Red,FAQ,1151.53,1498.32,1324.93,3182.75,True,agmarknet_mimic_v1,42,08efbdb5ab95
07 Mar 2025,2025-03-07,Maharashtra,Nashik,Lasalgaon,Onion,FAQ,FAQ,979.62,1432.44,1206.03,3103.39,True,agmarknet_mimic_v1,42,08efbdb5ab95
08 Mar 2025,2025-03-08,Maharashtra,Nashik,Lasalgaon,Onion,Red,FAQ,987.36,1312.28,1149.82,3280.46,True,agmarknet_mimic_v1,42,08efbdb5ab95
10 Mar 2025,2025-03-10,Maharashtra,Nashik,Lasalgaon,Onion,Red,FAQ,856.63,1098.71,977.67,3631.94,True,agmarknet_mimic_v1,42,08efbdb5ab95
11 Mar 2025,2025-03-11,Maharashtra,Nashik,Lasalgaon,Onion,Red,FAQ,837.95,1133.28,985.61,3380.08,True,agmarknet_mimic_v1,42,08efbdb5ab95
12 Mar 2025,2025-03-12,Maharashtra,Nashik,Lasalgaon,Onion,Nasik,FAQ,968.58,1226.43,1097.5,3080.98,True,agmarknet_mimic_v1,42,08efbdb5ab95
13 Mar 2025,2025-03-13,Maharashtra,Nashik,Lasalgaon,Onion,Nasik,FAQ,939.47,1360.74,1150.11,3755.13,True,agmarknet_mimic_v1,42,08efbdb5ab95
14 Mar 2025,2025-03-14,Maharashtra,Nashik,Lasalgaon,Onion,Nasik,FAQ,945.53,1204.2,1074.86,3321.13,True,agmarknet_mimic_v1,42,08efbdb5ab95
15 Mar 2025,2025-03-15,Maharashtra,Nashik,Lasalgaon,Onion,Red,FAQ,1029.76,1340.02,1184.89,3321.84,True,agmarknet_mimic_v1,42,08efbdb5ab95
17 Mar 2025,2025-03-17,Maharashtra,Nashik,Lasalgaon,Onion,Red,FAQ,1123.04,1616.74,1369.89,2678.31,True,agmarknet_mimic_v1,42,08efbdb5ab95
18 Mar 2025,2025-03-18,Maharashtra,Nashik,Lasalgaon,Onion,FAQ,FAQ,1203.45,1501.13,1352.29,2526.53,True,agmarknet_mimic_v1,42,08efbdb5ab95
19 Mar 2025,2025-03-19,Maharashtra,Nashik,Lasalgaon,Onion,Red,FAQ,1139.05,1520.3,1329.68,2666.97,True,agmarknet_mimic_v1,42,08efbdb5ab95
20 Mar 2025,2025-03-20,Maharashtra,Nashik,Lasalgaon,Onion,Nasik,FAQ,1240.98,1679.18,1460.08,3327.65,True,agmarknet_mimic_v1,42,08efbdb5ab95
21 Mar 2025,2025-03-21,Maharashtra,Nashik,Lasalgaon,Onion,Red,FAQ,1340.83,1671.12,1505.98,3348.35,True,agmarknet_mimic_v1,42,08efbdb5ab95
22 Mar 2025,2025-03-22,Maharashtra,Nashik,Lasalgaon,Onion,FAQ,FAQ,1251.73,1745.96,1498.84,2963.93,True,agmarknet_mimic_v1,42,08efbdb5ab95
24 Mar 2025,2025-03-24,Maharashtra,Nashik,Lasalgaon,Onion,Red,FAQ,1307.35,1725.92,1516.63,2708.04,True,agmarknet_mimic_v1,42,08efbdb5ab95
25 Mar 2025,2025-03-25,Maharashtra,Nashik,Lasalgaon,Onion,FAQ,FAQ,1328.03,1740.5,1534.26,3228.43,True,agmarknet_mimic_v1,42,08efbdb5ab95
26 Mar 2025,2025-03-26,Maharashtra,Nashik,Lasalgaon,Onion,Red,FAQ,1211.43,1537.11,1374.27,1959.9,True,agmarknet_mimic_v1,42,08efbdb5ab95
27 Mar 2025,2025-03-27,Maharashtra,Nashik,Lasalgaon,Onion,FAQ,FAQ,1304.41,1650.23,1477.32,3158.42,True,agmarknet_mimic_v1,42,08efbdb5ab95
28 Mar 2025,2025-03-28,Maharashtra,Nashik,Lasalgaon,Onion,FAQ,FAQ,1215.24,1542.14,1378.69,2762.27,True,agmarknet_mimic_v1,42,08efbdb5ab95
29 Mar 2025,2025-03-29,Maharashtra,Nashik,Lasalgaon,Onion,Red,FAQ,1123.77,1595.91,1359.84,3803.97,True,agmarknet_mimic_v1,42,08efbdb5ab95
31 Mar 2025,2025-03-31,Maharashtra,Nashik,Lasalgaon,Onion,Red,FAQ,1281.8,1603.4,1442.6,3303.58,True,agmarknet_mimic_v1,42,08efbdb5ab95
01 Apr 2025,2025-04-01,Maharashtra,Nashik,Lasalgaon,Onion,Red,FAQ,1240.93,1636.02,1438.48,2669.36,True,agmarknet_mimic_v1,42,08efbdb5ab95
02 Apr 2025,2025-04-02,Maharashtra,Nashik,Lasalgaon,Onion,Nasik,FAQ,1209.1,1564.66,1386.88,2471.96,True,agmarknet_mimic_v1,42,08efbdb5ab95
03 Apr 2025,2025-04-03,Maharashtra,Nashik,Lasalgaon,Onion,Red,FAQ,1266.16,1730.58,1498.37,2967.0,True,agmarknet_mimic_v1,42,08efbdb5ab95
04 Apr 2025,2025-04-04,Maharashtra,Nashik,Lasalgaon,Onion,FAQ,FAQ,1222.56,1778.8,1500.68,2269.54,True,agmarknet_mimic_v1,42,08efbdb5ab95
05 Apr 2025,2025-04-05,Maharashtra,Nashik,Lasalgaon,Onion,FAQ,FAQ,1156.34,1580.65,1368.5,2826.8,True,agmarknet_mimic_v1,42,08efbdb5ab95
07 Apr 2025,2025-04-07,Maharashtra,Nashik,Lasalgaon,Onion,Red,FAQ,1243.21,1739.43,1491.32,2313.73,True,agmarknet_mimic_v1,42,08efbdb5ab95
08 Apr 2025,2025-04-08,Maharashtra,Nashik,Lasalgaon,Onion,Nasik,FAQ,1252.53,1706.32,1479.42,3628.83,True,agmarknet_mimic_v1,42,08efbdb5ab95
09 Apr 2025,2025-04-09,Maharashtra,Nashik,Lasalgaon,Onion,Red,FAQ,1324.57,1801.22,1562.9,2339.56,True,agmarknet_mimic_v1,42,08efbdb5ab95
10 Apr 2025,2025-04-10,Maharashtra,Nashik,Lasalgaon,Onion,FAQ,FAQ,1428.98,1804.54,1616.76,2572.77,True,agmarknet_mimic_v1,42,08efbdb5ab95
11 Apr 2025,2025-04-11,Maharashtra,Nashik,Lasalgaon,Onion,FAQ,FAQ,1396.82,2035.27,1716.04,1738.92,True,agmarknet_mimic_v1,42,08efbdb5ab95
12 Apr 2025,2025-04-12,Maharashtra,Nashik,Lasalgaon,Onion,Red,FAQ,1445.7,2026.48,1736.09,2661.12,True,agmarknet_mimic_v1,42,08efbdb5ab95
14 Apr 2025,2025-04-14,Maharashtra,Nashik,Lasalgaon,Onion,FAQ,FAQ,1417.58,1996.84,1707.21,2053.39,True,agmarknet_mimic_v1,42,08efbdb5ab95
15 Apr 2025,2025-04-15,Maharashtra,Nashik,Lasalgaon,Onion,Red,FAQ,1387.96,1947.5,1667.73,2389.53,True,agmarknet_mimic_v1,42,08efbdb5ab95
16 Apr 2025,2025-04-16,Maharashtra,Nashik,Lasalgaon,Onion,Nasik,FAQ,1462.28,1955.63,1708.95,2594.58,True,agmarknet_mimic_v1,42,08efbdb5ab95
17 Apr 2025,2025-04-17,Maharashtra,Nashik,Lasalgaon,Onion,FAQ,FAQ,1392.04,1769.66,1580.85,1980.68,True,agmarknet_mimic_v1,42,08efbdb5ab95
18 Apr 2025,2025-04-18,Maharashtra,Nashik,Lasalgaon,Onion,Nasik,FAQ,1296.57,1777.48,1537.02,2429.16,True,agmarknet_mimic_v1,42,08efbdb5ab95
19 Apr 2025,2025-04-19,Maharashtra,Nashik,Lasalgaon,Onion,Nasik,FAQ,1300.95,1787.25,1544.1,2807.42,True,agmarknet_mimic_v1,42,08efbdb5ab95
21 Apr 2025,2025-04-21,Maharashtra,Nashik,Lasalgaon,Onion,Nasik,FAQ,1361.56,1890.86,1626.21,2308.79,True,agmarknet_mimic_v1,42,08efbdb5ab95
22 Apr 2025,2025-04-22,Maharashtra,Nashik,Lasalgaon,Onion,FAQ,FAQ,1402.77,1764.14,1583.45,2671.34,True,agmarknet_mimic_v1,42,08efbdb5ab95
23 Apr 2025,2025-04-23,Maharashtra,Nashik,Lasalgaon,Onion,Nasik,FAQ,1211.0,1693.47,1452.23,2216.42,True,agmarknet_mimic_v1,42,08efbdb5ab95
24 Apr 2025,2025-04-24,Maharashtra,Nashik,Lasalgaon,Onion,FAQ,FAQ,1388.5,1785.06,1586.78,2005.86,True,agmarknet_mimic_v1,42,08efbdb5ab95
25 Apr 2025,2025-04-25,Maharashtra,Nashik,Lasalgaon,Onion,FAQ,FAQ,1424.87,1960.51,1692.69,2301.45,True,agmarknet_mimic_v1,42,08efbdb5ab95
26 Apr 2025,2025-04-26,Maharashtra,Nashik,Lasalgaon,Onion,Nasik,FAQ,1422.42,2058.66,1740.54,1832.71,True,agmarknet_mimic_v1,42,08efbdb5ab95
28 Apr 2025,2025-04-28,Maharashtra,Nashik,Lasalgaon,Onion,Nasik,FAQ,1642.1,2046.08,1844.09,2553.05,True,agmarknet_mimic_v1,42,08efbdb5ab95
29 Apr 2025,2025-04-29,Maharashtra,Nashik,Lasalgaon,Onion,Nasik,FAQ,1645.53,2175.09,1910.31,2291.25,True,agmarknet_mimic_v1,42,08efbdb5ab95
30 Apr 2025,2025-04-30,Maharashtra,Nashik,Lasalgaon,Onion,Nasik,FAQ,1782.7,2243.8,2013.25,2885.34,True,agmarknet_mimic_v1,42,08efbdb5ab95
01 May 2025,2025-05-01,Maharashtra,Nashik,Lasalgaon,Onion,FAQ,FAQ,1657.5,2194.91,1926.2,2401.52,True,agmarknet_mimic_v1,42,08efbdb5ab95
02 May 2025,2025-05-02,Maharashtra,Nashik,Lasalgaon,Onion,FAQ,FAQ,1591.48,2114.78,1853.13,2858.4,True,agmarknet_mimic_v1,42,08efbdb5ab95
03 May 2025,2025-05-03,Maharashtra,Nashik,Lasalgaon,Onion,FAQ,FAQ,1503.65,2184.15,1843.9,2691.91,True,agmarknet_mimic_v1,42,08efbdb5ab95
05 May 2025,2025-05-05,Maharashtra,Nashik,Lasalgaon,Onion,Nasik,FAQ,1554.76,2231.57,1893.16,3439.58,True,agmarknet_mimic_v1,42,08efbdb5ab95
06 May 2025,2025-05-06,Maharashtra,Nashik,Lasalgaon,Onion,Nasik,FAQ,1556.63,2178.41,1867.52,2744.44,True,agmarknet_mimic_v1,42,08efbdb5ab95
07 May 2025,2025-05-07,Maharashtra,Nashik,Lasalgaon,Onion,FAQ,FAQ,1634.63,2037.86,1836.24,2651.94,True,agmarknet_mimic_v1,42,08efbdb5ab95
08 May 2025,2025-05-08,Maharashtra,Nashik,Lasalgaon,Onion,FAQ,FAQ,1517.63,2065.56,1791.59,2475.62,True,agmarknet_mimic_v1,42,08efbdb5ab95
09 May 2025,2025-05-09,Maharashtra,Nashik,Lasalgaon,Onion,Nasik,FAQ,1563.04,1972.25,1767.64,1716.38,True,agmarknet_mimic_v1,42,08efbdb5ab95
10 May 2025,2025-05-10,Maharashtra,Nashik,Lasalgaon,Onion,Red,FAQ,1398.91,2014.3,1706.6,2370.29,True,agmarknet_mimic_v1,42,08efbdb5ab95
12 May 2025,2025-05-12,Maharashtra,Nashik,Lasalgaon,Onion,Red,FAQ,1480.29,1900.77,1690.53,2249.64,True,agmarknet_mimic_v1,42,08efbdb5ab95
13 May 2025,2025-05-13,Maharashtra,Nashik,Lasalgaon,Onion,Red,FAQ,1555.9,2054.62,1805.26,2414.27,True,agmarknet_mimic_v1,42,08efbdb5ab95
14 May 2025,2025-05-14,Maharashtra,Nashik,Lasalgaon,Onion,FAQ,FAQ,1460.49,2133.28,1796.88,2620.76,True,agmarknet_mimic_v1,42,08efbdb5ab95
15 May 2025,2025-05-15,Maharashtra,Nashik,Lasalgaon,Onion,Nasik,FAQ,1475.96,2045.84,1760.9,1633.4,True,agmarknet_mimic_v1,42,08efbdb5ab95
16 May 2025,2025-05-16,Maharashtra,Nashik,Lasalgaon,Onion,Nasik,FAQ,1640.22,2031.16,1835.69,3070.09,True,agmarknet_mimic_v1,42,08efbdb5ab95
17 May 2025,2025-05-17,Maharashtra,Nashik,Lasalgaon,Onion,Red,FAQ,1483.76,2114.68,1799.22,2369.17,True,agmarknet_mimic_v1,42,08efbdb5ab95
19 May 2025,2025-05-19,Maharashtra,Nashik,Lasalgaon,Onion,Red,FAQ,1544.08,2091.82,1817.95,2688.27,True,agmarknet_mimic_v1,42,08efbdb5ab95
20 May 2025,2025-05-20,Maharashtra,Nashik,Lasalgaon,Onion,FAQ,FAQ,1683.66,2175.66,1929.66,2450.42,True,agmarknet_mimic_v1,42,08efbdb5ab95
21 May 2025,2025-05-21,Maharashtra,Nashik,Lasalgaon,Onion,Nasik,FAQ,1753.39,2234.14,1993.77,2645.53,True,agmarknet_mimic_v1,42,08efbdb5ab95
22 May 2025,2025-05-22,Maharashtra,Nashik,Lasalgaon,Onion,Red,FAQ,1651.62,2252.44,1952.03,3181.41,True,agmarknet_mimic_v1,42,08efbdb5ab95
23 May 2025,2025-05-23,Maharashtra,Nashik,Lasalgaon,Onion,Nasik,FAQ,1587.73,2065.04,1826.39,2808.59,True,agmarknet_mimic_v1,42,08efbdb5ab95
24 May 2025,2025-05-24,Maharashtra,Nashik,Lasalgaon,Onion,FAQ,FAQ,1646.92,2133.08,1890.0,2719.18,True,agmarknet_mimic_v1,42,08efbdb5ab95
26 May 2025,2025-05-26,Maharashtra,Nashik,Lasalgaon,Onion,Red,FAQ,1659.76,2320.71,1990.24,2900.41,True,agmarknet_mimic_v1,42,08efbdb5ab95
27 May 2025,2025-05-27,Maharashtra,Nashik,Lasalgaon,Onion,Nasik,FAQ,1702.73,2348.28,2025.5,2209.15,True,agmarknet_mimic_v1,42,08efbdb5ab95
28 May 2025,2025-05-28,Maharashtra,Nashik,Lasalgaon,Onion,Red,FAQ,1791.35,2493.91,2142.63,2620.78,True,agmarknet_mimic_v1,42,08efbdb5ab95
29 May 2025,2025-05-29,Maharashtra,Nashik,Lasalgaon,Onion,Nasik,FAQ,1813.93,2480.32,2147.12,2317.79,True,agmarknet_mimic_v1,42,08efbdb5ab95
30 May 2025,2025-05-30,Maharashtra,Nashik,Lasalgaon,Onion,FAQ,FAQ,1828.98,2529.84,2179.41,2227.75,True,agmarknet_mimic_v1,42,08efbdb5ab95
31 May 2025,2025-05-31,Maharashtra,Nashik,Lasalgaon,Onion,Nasik,FAQ,2021.04,2551.47,2286.26,2507.17,True,agmarknet_mimic_v1,42,08efbdb5ab95
02 Jun 2025,2025-06-02,Maharashtra,Nashik,Lasalgaon,Onion,Red,FAQ,1915.44,2398.16,2156.8,2549.28,True,agmarknet_mimic_v1,42,08efbdb5ab95
03 Jun 2025,2025-06-03,Maharashtra,Nashik,Lasalgaon,Onion,Red,FAQ,1840.65,2465.33,2152.99,2694.41,True,agmarknet_mimic_v1,42,08efbdb5ab95
04 Jun 2025,2025-06-04,Maharashtra,Nashik,Lasalgaon,Onion,Red,FAQ,1912.93,2542.03,2227.48,2375.51,True,agmarknet_mimic_v1,42,08efbdb5ab95
05 Jun 2025,2025-06-05,Maharashtra,Nashik,Lasalgaon,Onion,FAQ,FAQ,1865.66,2596.2,2230.93,2671.18,True,agmarknet_mimic_v1,42,08efbdb5ab95
06 Jun 2025,2025-06-06,Maharashtra,Nashik,Lasalgaon,Onion,FAQ,FAQ,1822.93,2424.43,2123.68,2511.18,True,agmarknet_mimic_v1,42,08efbdb5ab95
07 Jun 2025,2025-06-07,Maharashtra,Nashik,Lasalgaon,Onion,Nasik,FAQ,1855.65,2469.91,2162.78,2149.74,True,agmarknet_mimic_v1,42,08efbdb5ab95
09 Jun 2025,2025-06-09,Maharashtra,Nashik,Lasalgaon,Onion,Nasik,FAQ,1932.51,2399.71,2166.11,2144.21,True,agmarknet_mimic_v1,42,08efbdb5ab95
10 Jun 2025,2025-06-10,Maharashtra,Nashik,Lasalgaon,Onion,Red,FAQ,2010.55,2589.88,2300.22,2444.33,True,agmarknet_mimic_v1,42,08efbdb5ab95
11 Jun 2025,2025-06-11,Maharashtra,Nashik,Lasalgaon,Onion,Nasik,FAQ,1876.68,2693.53,2285.1,1470.85,True,agmarknet_mimic_v1,42,08efbdb5ab95
12 Jun 2025,2025-06-12,Maharashtra,Nashik,Lasalgaon,Onion,Red,FAQ,2005.95,2602.26,2304.11,1461.44,True,agmarknet_mimic_v1,42,08efbdb5ab95
13 Jun 2025,2025-06-13,Maharashtra,Nashik,Lasalgaon,Onion,Red,FAQ,1960.11,2815.26,2387.68,2379.25,True,agmarknet_mimic_v1,42,08efbdb5ab95
14 Jun 2025,2025-06-14,Maharashtra,Nashik,Lasalgaon,Onion,Nasik,FAQ,1920.25,2829.1,2374.67,2871.62,True,agmarknet_mimic_v1,42,08efbdb5ab95
16 Jun 2025,2025-06-16,Maharashtra,Nashik,Lasalgaon,Onion,FAQ,FAQ,1973.48,2632.2,2302.84,2397.96,True,agmarknet_mimic_v1,42,08efbdb5ab95
17 Jun 2025,2025-06-17,Maharashtra,Nashik,Lasalgaon,Onion,FAQ,FAQ,1899.56,2472.12,2185.84,3081.85,True,agmarknet_mimic_v1,42,08efbdb5ab95
18 Jun 2025,2025-06-18,Maharashtra,Nashik,Lasalgaon,Onion,Red,FAQ,1867.06,2714.11,2290.59,2198.45,True,agmarknet_mimic_v1,42,08efbdb5ab95
19 Jun 2025,2025-06-19,Maharashtra,Nashik,Lasalgaon,Onion,Nasik,FAQ,1982.48,2647.17,2314.82,1861.0,True,agmarknet_mimic_v1,42,08efbdb5ab95
20 Jun 2025,2025-06-20,Maharashtra,Nashik,Lasalgaon,Onion,Red,FAQ,2104.65,2694.21,2399.43,2582.01,True,agmarknet_mimic_v1,42,08efbdb5ab95
21 Jun 2025,2025-06-21,Maharashtra,Nashik,Lasalgaon,Onion,Red,FAQ,2009.31,2756.25,2382.78,2388.27,True,agmarknet_mimic_v1,42,08efbdb5ab95
23 Jun 2025,2025-06-23,Maharashtra,Nashik,Lasalgaon,Onion,Red,FAQ,1974.21,2786.63,2380.42,2325.33,True,agmarknet_mimic_v1,42,08efbdb5ab95
24 Jun 2025,2025-06-24,Maharashtra,Nashik,Lasalgaon,Onion,Red,FAQ,1976.02,2850.44,2413.23,3015.73,True,agmarknet_mimic_v1,42,08efbdb5ab95
25 Jun 2025,2025-06-25,Maharashtra,Nashik,Lasalgaon,Onion,Nasik,FAQ,2027.29,2869.62,2448.45,1894.74,True,agmarknet_mimic_v1,42,08efbdb5ab95
26 Jun 2025,2025-06-26,Maharashtra,Nashik,Lasalgaon,Onion,Nasik,FAQ,2160.15,2866.36,2513.25,1482.68,True,agmarknet_mimic_v1,42,08efbdb5ab95
27 Jun 2025,2025-06-27,Maharashtra,Nashik,Lasalgaon,Onion,Red,FAQ,2014.55,2902.96,2458.75,2164.6,True,agmarknet_mimic_v1,42,08efbdb5ab95
28 Jun 2025,2025-06-28,Maharashtra,Nashik,Lasalgaon,Onion,Nasik,FAQ,2146.06,2771.24,2458.65,1858.25,True,agmarknet_mimic_v1,42,08efbdb5ab95
30 Jun 2025,2025-06-30,Maharashtra,Nashik,Lasalgaon,Onion,FAQ,FAQ,2163.62,2705.62,2434.62,1690.53,True,agmarknet_mimic_v1,42,08efbdb5ab95
01 Jul 2025,2025-07-01,Maharashtra,Nashik,Lasalgaon,Onion,Red,FAQ,1949.33,2693.5,2321.41,1961.02,True,agmarknet_mimic_v1,42,08efbdb5ab95
02 Jul 2025,2025-07-02,Maharashtra,Nashik,Lasalgaon,Onion,Nasik,FAQ,1862.63,2558.41,2210.52,2181.9,True,agmarknet_mimic_v1,42,08efbdb5ab95
03 Jul 2025,2025-07-03,Maharashtra,Nashik,Lasalgaon,Onion,Red,FAQ,1880.28,2697.98,2289.13,2803.95,True,agmarknet_mimic_v1,42,08efbdb5ab95
04 Jul 2025,2025-07-04,Maharashtra,Nashik,Lasalgaon,Onion,Nasik,FAQ,1846.81,2667.67,2257.24,2259.51,True,agmarknet_mimic_v1,42,08efbdb5ab95
05 Jul 2025,2025-07-05,Maharashtra,Nashik,Lasalgaon,Onion,Nasik,FAQ,1945.53,2530.45,2237.99,2685.47,True,agmarknet_mimic_v1,42,08efbdb5ab95
07 Jul 2025,2025-07-07,Maharashtra,Nashik,Lasalgaon,Onion,Red,FAQ,1923.23,2487.65,2205.44,2207.85,True,agmarknet_mimic_v1,42,08efbdb5ab95
08 Jul 2025,2025-07-08,Maharashtra,Nashik,Lasalgaon,Onion,Red,FAQ,1864.77,2468.46,2166.61,2174.15,True,agmarknet_mimic_v1,42,08efbdb5ab95
09 Jul 2025,2025-07-09,Maharashtra,Nashik,Lasalgaon,Onion,FAQ,FAQ,2026.09,2516.17,2271.13,2090.12,True,agmarknet_mimic_v1,42,08efbdb5ab95
10 Jul 2025,2025-07-10,Maharashtra,Nashik,Lasalgaon,Onion,Red,FAQ,1940.37,2718.31,2329.34,2389.37,True,agmarknet_mimic_v1,42,08efbdb5ab95
11 Jul 2025,2025-07-11,Maharashtra,Nashik,Lasalgaon,Onion,Nasik,FAQ,1893.41,2662.76,2278.09,2709.64,True,agmarknet_mimic_v1,42,08efbdb5ab95
12 Jul 2025,2025-07-12,Maharashtra,Nashik,Lasalgaon,Onion,Nasik,FAQ,1997.45,2571.78,2284.61,1972.83,True,agmarknet_mimic_v1,42,08efbdb5ab95
14 Jul 2025,2025-07-14,Maharashtra,Nashik,Lasalgaon,Onion,Nasik,FAQ,2139.73,2763.7,2451.71,1450.9,True,agmarknet_mimic_v1,42,08efbdb5ab95
15 Jul 2025,2025-07-15,Maharashtra,Nashik,Lasalgaon,Onion,Nasik,FAQ,2212.3,2846.56,2529.43,2153.51,True,agmarknet_mimic_v1,42,08efbdb5ab95
16 Jul 2025,2025-07-16,Maharashtra,Nashik,Lasalgaon,Onion,FAQ,FAQ,2141.01,2926.97,2533.99,2092.58,True,agmarknet_mimic_v1,42,08efbdb5ab95
17 Jul 2025,2025-07-17,Maharashtra,Nashik,Lasalgaon,Onion,Nasik,FAQ,2200.5,2899.01,2549.76,1896.39,True,agmarknet_mimic_v1,42,08efbdb5ab95
18 Jul 2025,2025-07-18,Maharashtra,Nashik,Lasalgaon,Onion,Red,FAQ,2016.06,2875.06,2445.56,2202.41,True,agmarknet_mimic_v1,42,08efbdb5ab95
19 Jul 2025,2025-07-19,Maharashtra,Nashik,Lasalgaon,Onion,FAQ,FAQ,1970.59,2867.36,2418.97,2149.43,True,agmarknet_mimic_v1,42,08efbdb5ab95
21 Jul 2025,2025-07-21,Maharashtra,Nashik,Lasalgaon,Onion,Red,FAQ,2131.84,2797.66,2464.75,1981.05,True,agmarknet_mimic_v1,42,08efbdb5ab95
22 Jul 2025,2025-07-22,Maharashtra,Nashik,Lasalgaon,Onion,Red,FAQ,2189.85,2794.66,2492.25,2291.53,True,agmarknet_mimic_v1,42,08efbdb5ab95
23 Jul 2025,2025-07-23,Maharashtra,Nashik,Lasalgaon,Onion,FAQ,FAQ,2232.61,2803.62,2518.11,2324.08,True,agmarknet_mimic_v1,42,08efbdb5ab95
24 Jul 2025,2025-07-24,Maharashtra,Nashik,Lasalgaon,Onion,Nasik,FAQ,2137.0,3036.29,2586.65,2526.64,True,agmarknet_mimic_v1,42,08efbdb5ab95
25 Jul 2025,2025-07-25,Maharashtra,Nashik,Lasalgaon,Onion,FAQ,FAQ,2174.27,2777.38,2475.82,1494.12,True,agmarknet_mimic_v1,42,08efbdb5ab95
26 Jul 2025,2025-07-26,Maharashtra,Nashik,Lasalgaon,Onion,Nasik,FAQ,2149.1,2764.68,2456.89,1436.24,True,agmarknet_mimic_v1,42,08efbdb5ab95
28 Jul 2025,2025-07-28,Maharashtra,Nashik,Lasalgaon,Onion,FAQ,FAQ,1949.69,2831.23,2390.46,2014.72,True,agmarknet_mimic_v1,42,08efbdb5ab95
29 Jul 2025,2025-07-29,Maharashtra,Nashik,Lasalgaon,Onion,Nasik,FAQ,2068.05,2902.38,2485.21,2337.45,True,agmarknet_mimic_v1,42,08efbdb5ab95
30 Jul 2025,2025-07-30,Maharashtra,Nashik,Lasalgaon,Onion,Nasik,FAQ,2034.95,2975.52,2505.23,2473.11,True,agmarknet_mimic_v1,42,08efbdb5ab95
31 Jul 2025,2025-07-31,Maharashtra,Nashik,Lasalgaon,Onion,Nasik,FAQ,2157.24,2698.79,2428.02,2596.48,True,agmarknet_mimic_v1,42,08efbdb5ab95
01 Aug 2025,2025-08-01,Maharashtra,Nashik,Lasalgaon,Onion,Nasik,FAQ,1981.88,2856.11,2418.99,1078.71,True,agmarknet_mimic_v1,42,08efbdb5ab95
02 Aug 2025,2025-08-02,Maharashtra,Nashik,Lasalgaon,Onion,Red,FAQ,2009.17,2873.12,2441.15,2132.98,True,agmarknet_mimic_v1,42,08efbdb5ab95
04 Aug 2025,2025-08-04,Maharashtra,Nashik,Lasalgaon,Onion,Red,FAQ,2103.07,2770.37,2436.72,2099.56,True,agmarknet_mimic_v1,42,08efbdb5ab95
05 Aug 2025,2025-08-05,Maharashtra,Nashik,Lasalgaon,Onion,Nasik,FAQ,2128.22,2755.13,2441.67,2213.74,True,agmarknet_mimic_v1,42,08efbdb5ab95
06 Aug 2025,2025-08-06,Maharashtra,Nashik,Lasalgaon,Onion,Red,FAQ,1987.8,2758.63,2373.21,2637.26,True,agmarknet_mimic_v1,42,08efbdb5ab95
07 Aug 2025,2025-08-07,Maharashtra,Nashik,Lasalgaon,Onion,FAQ,FAQ,1891.92,2651.97,2271.95,1934.62,True,agmarknet_mimic_v1,42,08efbdb5ab95
08 Aug 2025,2025-08-08,Maharashtra,Nashik,Lasalgaon,Onion,Nasik,FAQ,1922.73,2547.11,2234.92,2845.29,True,agmarknet_mimic_v1,42,08efbdb5ab95
09 Aug 2025,2025-08-09,Maharashtra,Nashik,Lasalgaon,Onion,FAQ,FAQ,1805.51,2553.45,2179.48,1667.36,True,agmarknet_mimic_v1,42,08efbdb5ab95
11 Aug 2025,2025-08-11,Maharashtra,Nashik,Lasalgaon,Onion,FAQ,FAQ,1828.75,2532.73,2180.74,2006.32,True,agmarknet_mimic_v1,42,08efbdb5ab95
12 Aug 2025,2025-08-12,Maharashtra,Nashik,Lasalgaon,Onion,Red,FAQ,1776.17,2526.23,2151.2,3080.22,True,agmarknet_mimic_v1,42,08efbdb5ab95
13 Aug 2025,2025-08-13,Maharashtra,Nashik,Lasalgaon,Onion,Nasik,FAQ,1792.69,2468.66,2130.68,1847.66,True,agmarknet_mimic_v1,42,08efbdb5ab95
14 Aug 2025,2025-08-14,Maharashtra,Nashik,Lasalgaon,Onion,FAQ,FAQ,1777.66,2330.58,2054.12,2595.69,True,agmarknet_mimic_v1,42,08efbdb5ab95
15 Aug 2024,2024-08-15,Maharashtra,Nashik,Pimpalgaon,Onion,Red,FAQ,1484.22,2151.75,1817.98,1768.76,True,agmarknet_mimic_v1,42,08efbdb5ab95
16 Aug 2024,2024-08-16,Maharashtra,Nashik,Pimpalgaon,Onion,Nasik,FAQ,1700.85,2110.78,1905.82,1557.54,True,agmarknet_mimic_v1,42,08efbdb5ab95
17 Aug 2024,2024-08-17,Maharashtra,Nashik,Pimpalgaon,Onion,Red,FAQ,1734.05,2318.02,2026.03,2405.74,True,agmarknet_mimic_v1,42,08efbdb5ab95
19 Aug 2024,2024-08-19,Maharashtra,Nashik,Pimpalgaon,Onion,FAQ,FAQ,1737.71,2430.07,2083.89,2496.47,True,agmarknet_mimic_v1,42,08efbdb5ab95
20 Aug 2024,2024-08-20,Maharashtra,Nashik,Pimpalgaon,Onion,FAQ,FAQ,1666.57,2356.61,2011.59,2504.67,True,agmarknet_mimic_v1,42,08efbdb5ab95
21 Aug 2024,2024-08-21,Maharashtra,Nashik,Pimpalgaon,Onion,Red,FAQ,1656.25,2374.17,2015.21,1490.08,True,agmarknet_mimic_v1,42,08efbdb5ab95
22 Aug 2024,2024-08-22,Maharashtra,Nashik,Pimpalgaon,Onion,Red,FAQ,1795.5,2412.64,2104.07,2537.92,True,agmarknet_mimic_v1,42,08efbdb5ab95
23 Aug 2024,2024-08-23,Maharashtra,Nashik,Pimpalgaon,Onion,Nasik,FAQ,1813.25,2518.88,2166.06,2115.62,True,agmarknet_mimic_v1,42,08efbdb5ab95
24 Aug 2024,2024-08-24,Maharashtra,Nashik,Pimpalgaon,Onion,Red,FAQ,2093.36,2606.12,2349.74,2005.21,True,agmarknet_mimic_v1,42,08efbdb5ab95
26 Aug 2024,2024-08-26,Maharashtra,Nashik,Pimpalgaon,Onion,FAQ,FAQ,2030.74,2716.43,2373.58,2747.77,True,agmarknet_mimic_v1,42,08efbdb5ab95
27 Aug 2024,2024-08-27,Maharashtra,Nashik,Pimpalgaon,Onion,Red,FAQ,2094.46,2697.97,2396.21,2330.21,True,agmarknet_mimic_v1,42,08efbdb5ab95
28 Aug 2024,2024-08-28,Maharashtra,Nashik,Pimpalgaon,Onion,Red,FAQ,2057.98,2721.81,2389.9,2167.19,True,agmarknet_mimic_v1,42,08efbdb5ab95
29 Aug 2024,2024-08-29,Maharashtra,Nashik,Pimpalgaon,Onion,Nasik,FAQ,2034.91,2663.97,2349.44,2150.18,True,agmarknet_mimic_v1,42,08efbdb5ab95
30 Aug 2024,2024-08-30,Maharashtra,Nashik,Pimpalgaon,Onion,Red,FAQ,1915.01,2668.98,2292.0,2606.12,True,agmarknet_mimic_v1,42,08efbdb5ab95
31 Aug 2024,2024-08-31,Maharashtra,Nashik,Pimpalgaon,Onion,FAQ,FAQ,1933.42,2574.96,2254.19,2099.59,True,agmarknet_mimic_v1,42,08efbdb5ab95
02 Sep 2024,2024-09-02,Maharashtra,Nashik,Pimpalgaon,Onion,FAQ,FAQ,2029.61,2553.88,2291.74,2104.43,True,agmarknet_mimic_v1,42,08efbdb5ab95
03 Sep 2024,2024-09-03,Maharashtra,Nashik,Pimpalgaon,Onion,Red,FAQ,1979.56,2706.47,2343.02,1883.91,True,agmarknet_mimic_v1,42,08efbdb5ab95
04 Sep 2024,2024-09-04,Maharashtra,Nashik,Pimpalgaon,Onion,Red,FAQ,1962.72,2715.61,2339.17,1489.42,True,agmarknet_mimic_v1,42,08efbdb5ab95
05 Sep 2024,2024-09-05,Maharashtra,Nashik,Pimpalgaon,Onion,Red,FAQ,1962.39,2520.57,2241.48,2074.2,True,agmarknet_mimic_v1,42,08efbdb5ab95
06 Sep 2024,2024-09-06,Maharashtra,Nashik,Pimpalgaon,Onion,Red,FAQ,1876.9,2552.96,2214.93,2216.76,True,agmarknet_mimic_v1,42,08efbdb5ab95
07 Sep 2024,2024-09-07,Maharashtra,Nashik,Pimpalgaon,Onion,Red,FAQ,1796.87,2453.41,2125.14,2499.66,True,agmarknet_mimic_v1,42,08efbdb5ab95
09 Sep 2024,2024-09-09,Maharashtra,Nashik,Pimpalgaon,Onion,Nasik,FAQ,1916.09,2463.37,2189.73,2336.24,True,agmarknet_mimic_v1,42,08efbdb5ab95
10 Sep 2024,2024-09-10,Maharashtra,Nashik,Pimpalgaon,Onion,FAQ,FAQ,1879.95,2375.34,2127.64,2184.08,True,agmarknet_mimic_v1,42,08efbdb5ab95
11 Sep 2024,2024-09-11,Maharashtra,Nashik,Pimpalgaon,Onion,Nasik,FAQ,1891.33,2615.0,2253.17,1607.17,True,agmarknet_mimic_v1,42,08efbdb5ab95
12 Sep 2024,2024-09-12,Maharashtra,Nashik,Pimpalgaon,Onion,FAQ,FAQ,1767.2,2610.87,2189.03,2598.94,True,agmarknet_mimic_v1,42,08efbdb5ab95
13 Sep 2024,2024-09-13,Maharashtra,Nashik,Pimpalgaon,Onion,Nasik,FAQ,1822.94,2430.33,2126.64,2198.47,True,agmarknet_mimic_v1,42,08efbdb5ab95
14 Sep 2024,2024-09-14,Maharashtra,Nashik,Pimpalgaon,Onion,FAQ,FAQ,1729.77,2566.39,2148.08,2270.95,True,agmarknet_mimic_v1,42,08efbdb5ab95
16 Sep 2024,2024-09-16,Maharashtra,Nashik,Pimpalgaon,Onion,Nasik,FAQ,1728.86,2551.09,2139.98,2468.33,True,agmarknet_mimic_v1,42,08efbdb5ab95
17 Sep 2024,2024-09-17,Maharashtra,Nashik,Pimpalgaon,Onion,FAQ,FAQ,1746.87,2454.33,2100.6,2041.92,True,agmarknet_mimic_v1,42,08efbdb5ab95
18 Sep 2024,2024-09-18,Maharashtra,Nashik,Pimpalgaon,Onion,Red,FAQ,1725.29,2410.19,2067.74,2625.02,True,agmarknet_mimic_v1,42,08efbdb5ab95
19 Sep 2024,2024-09-19,Maharashtra,Nashik,Pimpalgaon,Onion,Red,FAQ,1772.92,2561.29,2167.1,2354.61,True,agmarknet_mimic_v1,42,08efbdb5ab95
20 Sep 2024,2024-09-20,Maharashtra,Nashik,Pimpalgaon,Onion,FAQ,FAQ,1699.97,2523.27,2111.62,2244.84,True,agmarknet_mimic_v1,42,08efbdb5ab95
21 Sep 2024,2024-09-21,Maharashtra,Nashik,Pimpalgaon,Onion,Red,FAQ,1861.2,2323.15,2092.17,1721.45,True,agmarknet_mimic_v1,42,08efbdb5ab95
23 Sep 2024,2024-09-23,Maharashtra,Nashik,Pimpalgaon,Onion,Nasik,FAQ,1797.19,2471.34,2134.26,3428.72,True,agmarknet_mimic_v1,42,08efbdb5ab95
24 Sep 2024,2024-09-24,Maharashtra,Nashik,Pimpalgaon,Onion,FAQ,FAQ,1797.47,2304.88,2051.17,2859.62,True,agmarknet_mimic_v1,42,08efbdb5ab95
25 Sep 2024,2024-09-25,Maharashtra,Nashik,Pimpalgaon,Onion,FAQ,FAQ,1720.3,2400.26,2060.28,1599.61,True,agmarknet_mimic_v1,42,08efbdb5ab95
26 Sep 2024,2024-09-26,Maharashtra,Nashik,Pimpalgaon,Onion,Red,FAQ,1742.05,2248.98,1995.51,2339.71,True,agmarknet_mimic_v1,42,08efbdb5ab95
27 Sep 2024,2024-09-27,Maharashtra,Nashik,Pimpalgaon,Onion,FAQ,FAQ,1630.76,2096.79,1863.78,2099.38,True,agmarknet_mimic_v1,42,08efbdb5ab95
28 Sep 2024,2024-09-28,Maharashtra,Nashik,Pimpalgaon,Onion,Red,FAQ,1640.14,2185.91,1913.03,2641.08,True,agmarknet_mimic_v1,42,08efbdb5ab95
30 Sep 2024,2024-09-30,Maharashtra,Nashik,Pimpalgaon,Onion,FAQ,FAQ,1598.67,2354.48,1976.57,2315.58,True,agmarknet_mimic_v1,42,08efbdb5ab95
01 Oct 2024,2024-10-01,Maharashtra,Nashik,Pimpalgaon,Onion,Red,FAQ,1777.65,2254.74,2016.19,2172.68,True,agmarknet_mimic_v1,42,08efbdb5ab95
02 Oct 2024,2024-10-02,Maharashtra,Nashik,Pimpalgaon,Onion,Nasik,FAQ,1726.64,2266.86,1996.75,2485.14,True,agmarknet_mimic_v1,42,08efbdb5ab95
03 Oct 2024,2024-10-03,Maharashtra,Nashik,Pimpalgaon,Onion,Red,FAQ,1581.24,2334.08,1957.66,1878.63,True,agmarknet_mimic_v1,42,08efbdb5ab95
04 Oct 2024,2024-10-04,Maharashtra,Nashik,Pimpalgaon,Onion,Nasik,FAQ,1765.99,2285.12,2025.55,2014.56,True,agmarknet_mimic_v1,42,08efbdb5ab95
05 Oct 2024,2024-10-05,Maharashtra,Nashik,Pimpalgaon,Onion,Red,FAQ,1675.88,2298.44,1987.16,2726.73,True,agmarknet_mimic_v1,42,08efbdb5ab95
07 Oct 2024,2024-10-07,Maharashtra,Nashik,Pimpalgaon,Onion,Red,FAQ,1633.12,2271.87,1952.49,2370.79,True,agmarknet_mimic_v1,42,08efbdb5ab95
08 Oct 2024,2024-10-08,Maharashtra,Nashik,Pimpalgaon,Onion,FAQ,FAQ,1606.27,2305.53,1955.9,2565.22,True,agmarknet_mimic_v1,42,08efbdb5ab95
09 Oct 2024,2024-10-09,Maharashtra,Nashik,Pimpalgaon,Onion,Red,FAQ,1599.53,2252.22,1925.88,2366.84,True,agmarknet_mimic_v1,42,08efbdb5ab95
10 Oct 2024,2024-10-10,Maharashtra,Nashik,Pimpalgaon,Onion,Nasik,FAQ,1728.96,2173.69,1951.33,2964.31,True,agmarknet_mimic_v1,42,08efbdb5ab95
11 Oct 2024,2024-10-11,Maharashtra,Nashik,Pimpalgaon,Onion,FAQ,FAQ,1803.63,2327.06,2065.35,2721.55,True,agmarknet_mimic_v1,42,08efbdb5ab95
12 Oct 2024,2024-10-12,Maharashtra,Nashik,Pimpalgaon,Onion,Nasik,FAQ,1733.26,2393.24,2063.25,2144.07,True,agmarknet_mimic_v1,42,08efbdb5ab95
14 Oct 2024,2024-10-14,Maharashtra,Nashik,Pimpalgaon,Onion,FAQ,FAQ,1736.21,2268.23,2002.22,2698.74,True,agmarknet_mimic_v1,42,08efbdb5ab95
15 Oct 2024,2024-10-15,Maharashtra,Nashik,Pimpalgaon,Onion,Nasik,FAQ,1592.49,2217.11,1904.8,2125.16,True,agmarknet_mimic_v1,42,08efbdb5ab95
16 Oct 2024,2024-10-16,Maharashtra,Nashik,Pimpalgaon,Onion,Nasik,FAQ,1734.86,2180.54,1957.7,2807.66,True,agmarknet_mimic_v1,42,08efbdb5ab95
17 Oct 2024,2024-10-17,Maharashtra,Nashik,Pimpalgaon,Onion,Nasik,FAQ,1470.03,2081.24,1775.63,2951.27,True,agmarknet_mimic_v1,42,08efbdb5ab95
18 Oct 2024,2024-10-18,Maharashtra,Nashik,Pimpalgaon,Onion,Red,FAQ,1482.99,2039.96,1761.48,3040.88,True,agmarknet_mimic_v1,42,08efbdb5ab95
19 Oct 2024,2024-10-19,Maharashtra,Nashik,Pimpalgaon,Onion,Red,FAQ,1541.47,2007.7,1774.58,2382.14,True,agmarknet_mimic_v1,42,08efbdb5ab95
21 Oct 2024,2024-10-21,Maharashtra,Nashik,Pimpalgaon,Onion,FAQ,FAQ,1494.88,2097.87,1796.37,2603.93,True,agmarknet_mimic_v1,42,08efbdb5ab95
22 Oct 2024,2024-10-22,Maharashtra,Nashik,Pimpalgaon,Onion,FAQ,FAQ,1661.47,2085.81,1873.64,2735.61,True,agmarknet_mimic_v1,42,08efbdb5ab95
23 Oct 2024,2024-10-23,Maharashtra,Nashik,Pimpalgaon,Onion,Red,FAQ,1530.62,2165.68,1848.15,1661.58,True,agmarknet_mimic_v1,42,08efbdb5ab95
24 Oct 2024,2024-10-24,Maharashtra,Nashik,Pimpalgaon,Onion,Nasik,FAQ,1655.59,2097.37,1876.48,2535.95,True,agmarknet_mimic_v1,42,08efbdb5ab95
25 Oct 2024,2024-10-25,Maharashtra,Nashik,Pimpalgaon,Onion,Nasik,FAQ,1672.81,2306.36,1989.58,2463.78,True,agmarknet_mimic_v1,42,08efbdb5ab95
26 Oct 2024,2024-10-26,Maharashtra,Nashik,Pimpalgaon,Onion,FAQ,FAQ,1673.26,2163.83,1918.55,1881.41,True,agmarknet_mimic_v1,42,08efbdb5ab95
28 Oct 2024,2024-10-28,Maharashtra,Nashik,Pimpalgaon,Onion,FAQ,FAQ,1653.51,2323.9,1988.71,3258.02,True,agmarknet_mimic_v1,42,08efbdb5ab95
29 Oct 2024,2024-10-29,Maharashtra,Nashik,Pimpalgaon,Onion,Red,FAQ,1696.65,2353.59,2025.12,2492.25,True,agmarknet_mimic_v1,42,08efbdb5ab95
30 Oct 2024,2024-10-30,Maharashtra,Nashik,Pimpalgaon,Onion,Nasik,FAQ,1614.62,2294.04,1954.33,2630.62,True,agmarknet_mimic_v1,42,08efbdb5ab95
31 Oct 2024,2024-10-31,Maharashtra,Nashik,Pimpalgaon,Onion,FAQ,FAQ,1572.9,2112.81,1842.85,2472.15,True,agmarknet_mimic_v1,42,08efbdb5ab95
01 Nov 2024,2024-11-01,Maharashtra,Nashik,Pimpalgaon,Onion,Nasik,FAQ,1561.77,2017.73,1789.75,2493.12,True,agmarknet_mimic_v1,42,08efbdb5ab95
02 Nov 2024,2024-11-02,Maharashtra,Nashik,Pimpalgaon,Onion,Red,FAQ,1457.69,2078.06,1767.87,2039.05,True,agmarknet_mimic_v1,42,08efbdb5ab95
04 Nov 2024,2024-11-04,Maharashtra,Nashik,Pimpalgaon,Onion,Nasik,FAQ,1524.95,1935.54,1730.24,3145.08,True,agmarknet_mimic_v1,42,08efbdb5ab95
05 Nov 2024,2024-11-05,Maharashtra,Nashik,Pimpalgaon,Onion,Red,FAQ,1549.0,2073.42,1811.21,3168.58,True,agmarknet_mimic_v1,42,08efbdb5ab95
06 Nov 2024,2024-11-06,Maharashtra,Nashik,Pimpalgaon,Onion,FAQ,FAQ,1542.08,2038.54,1790.31,2384.31,True,agmarknet_mimic_v1,42,08efbdb5ab95
07 Nov 2024,2024-11-07,Maharashtra,Nashik,Pimpalgaon,Onion,Nasik,FAQ,1408.02,1988.27,1698.14,2881.72,True,agmarknet_mimic_v1,42,08efbdb5ab95
08 Nov 2024,2024-11-08,Maharashtra,Nashik,Pimpalgaon,Onion,Nasik,FAQ,1350.54,1991.4,1670.97,2840.45,True,agmarknet_mimic_v1,42,08efbdb5ab95
09 Nov 2024,2024-11-09,Maharashtra,Nashik,Pimpalgaon,Onion,FAQ,FAQ,1276.49,1862.21,1569.35,2417.31,True,agmarknet_mimic_v1,42,08efbdb5ab95
11 Nov 2024,2024-11-11,Maharashtra,Nashik,Pimpalgaon,Onion,Red,FAQ,1218.81,1682.4,1450.61,2505.89,True,agmarknet_mimic_v1,42,08efbdb5ab95
12 Nov 2024,2024-11-12,Maharashtra,Nashik,Pimpalgaon,Onion,Red,FAQ,1352.01,1883.77,1617.89,2457.69,True,agmarknet_mimic_v1,42,08efbdb5ab95
13 Nov 2024,2024-11-13,Maharashtra,Nashik,Pimpalgaon,Onion,Nasik,FAQ,1406.11,1839.25,1622.68,2411.49,True,agmarknet_mimic_v1,42,08efbdb5ab95
14 Nov 2024,2024-11-14,Maharashtra,Nashik,Pimpalgaon,Onion,Nasik,FAQ,1368.53,2001.06,1684.8,1865.65,True,agmarknet_mimic_v1,42,08efbdb5ab95
15 Nov 2024,2024-11-15,Maharashtra,Nashik,Pimpalgaon,Onion,Red,FAQ,1360.23,1828.66,1594.44,2791.61,True,agmarknet_mimic_v1,42,08efbdb5ab95
16 Nov 2024,2024-11-16,Maharashtra,Nashik,Pimpalgaon,Onion,Red,FAQ,1377.62,1782.75,1580.19,2445.12,True,agmarknet_mimic_v1,42,08efbdb5ab95
18 Nov 2024,2024-11-18,Maharashtra,Nashik,Pimpalgaon,Onion,FAQ,FAQ,1423.45,1821.2,1622.33,2351.11,True,agmarknet_mimic_v1,42,08efbdb5ab95
19 Nov 2024,2024-11-19,Maharashtra,Nashik,Pimpalgaon,Onion,FAQ,FAQ,1339.31,1871.85,1605.58,2213.99,True,agmarknet_mimic_v1,42,08efbdb5ab95
20 Nov 2024,2024-11-20,Maharashtra,Nashik,Pimpalgaon,Onion,Red,FAQ,1421.32,1815.58,1618.45,2866.23,True,agmarknet_mimic_v1,42,08efbdb5ab95
21 Nov 2024,2024-11-21,Maharashtra,Nashik,Pimpalgaon,Onion,Red,FAQ,1329.65,1870.48,1600.06,2665.31,True,agmarknet_mimic_v1,42,08efbdb5ab95
22 Nov 2024,2024-11-22,Maharashtra,Nashik,Pimpalgaon,Onion,FAQ,FAQ,1398.02,1938.23,1668.12,2367.29,True,agmarknet_mimic_v1,42,08efbdb5ab95
23 Nov 2024,2024-11-23,Maharashtra,Nashik,Pimpalgaon,Onion,FAQ,FAQ,1445.07,1875.23,1660.15,2891.63,True,agmarknet_mimic_v1,42,08efbdb5ab95
25 Nov 2024,2024-11-25,Maharashtra,Nashik,Pimpalgaon,Onion,Red,FAQ,1445.85,1896.43,1671.14,3260.86,True,agmarknet_mimic_v1,42,08efbdb5ab95
26 Nov 2024,2024-11-26,Maharashtra,Nashik,Pimpalgaon,Onion,Red,FAQ,1343.74,1832.04,1587.89,2707.31,True,agmarknet_mimic_v1,42,08efbdb5ab95
27 Nov 2024,2024-11-27,Maharashtra,Nashik,Pimpalgaon,Onion,Red,FAQ,1250.67,1837.23,1543.95,2578.8,True,agmarknet_mimic_v1,42,08efbdb5ab95
28 Nov 2024,2024-11-28,Maharashtra,Nashik,Pimpalgaon,Onion,FAQ,FAQ,1328.03,1652.51,1490.27,3195.05,True,agmarknet_mimic_v1,42,08efbdb5ab95
29 Nov 2024,2024-11-29,Maharashtra,Nashik,Pimpalgaon,Onion,Red,FAQ,1226.08,1767.55,1496.82,2825.78,True,agmarknet_mimic_v1,42,08efbdb5ab95
30 Nov 2024,2024-11-30,Maharashtra,Nashik,Pimpalgaon,Onion,FAQ,FAQ,1292.18,1686.23,1489.2,2933.75,True,agmarknet_mimic_v1,42,08efbdb5ab95
02 Dec 2024,2024-12-02,Maharashtra,Nashik,Pimpalgaon,Onion,Nasik,FAQ,1432.57,1789.33,1610.95,3110.02,True,agmarknet_mimic_v1,42,08efbdb5ab95
03 Dec 2024,2024-12-03,Maharashtra,Nashik,Pimpalgaon,Onion,Nasik,FAQ,1235.8,1738.64,1487.22,3271.88,True,agmarknet_mimic_v1,42,08efbdb5ab95
04 Dec 2024,2024-12-04,Maharashtra,Nashik,Pimpalgaon,Onion,Red,FAQ,1272.84,1571.73,1422.28,2158.13,True,agmarknet_mimic_v1,42,08efbdb5ab95
05 Dec 2024,2024-12-05,Maharashtra,Nashik,Pimpalgaon,Onion,Nasik,FAQ,1281.51,1636.83,1459.17,2636.12,True,agmarknet_mimic_v1,42,08efbdb5ab95
06 Dec 2024,2024-12-06,Maharashtra,Nashik,Pimpalgaon,Onion,Nasik,FAQ,1280.72,1597.69,1439.2,2884.65,True,agmarknet_mimic_v1,42,08efbdb5ab95
07 Dec 2024,2024-12-07,Maharashtra,Nashik,Pimpalgaon,Onion,Red,FAQ,1077.45,1588.83,1333.14,3128.23,True,agmarknet_mimic_v1,42,08efbdb5ab95
09 Dec 2024,2024-12-09,Maharashtra,Nashik,Pimpalgaon,Onion,Red,FAQ,1154.1,1590.73,1372.41,2839.4,True,agmarknet_mimic_v1,42,08efbdb5ab95
10 Dec 2024,2024-12-10,Maharashtra,Nashik,Pimpalgaon,Onion,Red,FAQ,1150.7,1440.67,1295.69,2672.72,True,agmarknet_mimic_v1,42,08efbdb5ab95
11 Dec 2024,2024-12-11,Maharashtra,Nashik,Pimpalgaon,Onion,Nasik,FAQ,1135.34,1585.6,1360.47,3861.89,True,agmarknet_mimic_v1,42,08efbdb5ab95
12 Dec 2024,2024-12-12,Maharashtra,Nashik,Pimpalgaon,Onion,FAQ,FAQ,1131.15,1406.82,1268.99,3408.83,True,agmarknet_mimic_v1,42,08efbdb5ab95
13 Dec 2024,2024-12-13,Maharashtra,Nashik,Pimpalgaon,Onion,Nasik,FAQ,1179.12,1456.95,1318.03,3141.53,True,agmarknet_mimic_v1,42,08efbdb5ab95
14 Dec 2024,2024-12-14,Maharashtra,Nashik,Pimpalgaon,Onion,FAQ,FAQ,1108.06,1496.8,1302.43,2828.74,True,agmarknet_mimic_v1,42,08efbdb5ab95
16 Dec 2024,2024-12-16,Maharashtra,Nashik,Pimpalgaon,Onion,Red,FAQ,1148.5,1438.94,1293.72,3756.98,True,agmarknet_mimic_v1,42,08efbdb5ab95
17 Dec 2024,2024-12-17,Maharashtra,Nashik,Pimpalgaon,Onion,FAQ,FAQ,1119.89,1457.38,1288.63,2909.51,True,agmarknet_mimic_v1,42,08efbdb5ab95
18 Dec 2024,2024-12-18,Maharashtra,Nashik,Pimpalgaon,Onion,Red,FAQ,1061.3,1450.09,1255.69,2699.72,True,agmarknet_mimic_v1,42,08efbdb5ab95
19 Dec 2024,2024-12-19,Maharashtra,Nashik,Pimpalgaon,Onion,Nasik,FAQ,1054.08,1440.64,1247.36,3381.15,True,agmarknet_mimic_v1,42,08efbdb5ab95
20 Dec 2024,2024-12-20,Maharashtra,Nashik,Pimpalgaon,Onion,Red,FAQ,1008.21,1477.7,1242.95,3168.59,True,agmarknet_mimic_v1,42,08efbdb5ab95
21 Dec 2024,2024-12-21,Maharashtra,Nashik,Pimpalgaon,Onion,FAQ,FAQ,984.94,1369.81,1177.38,3443.38,True,agmarknet_mimic_v1,42,08efbdb5ab95
23 Dec 2024,2024-12-23,Maharashtra,Nashik,Pimpalgaon,Onion,Red,FAQ,1003.78,1240.12,1121.95,2974.76,True,agmarknet_mimic_v1,42,08efbdb5ab95
24 Dec 2024,2024-12-24,Maharashtra,Nashik,Pimpalgaon,Onion,Red,FAQ,901.23,1186.53,1043.88,3615.99,True,agmarknet_mimic_v1,42,08efbdb5ab95
25 Dec 2024,2024-12-25,Maharashtra,Nashik,Pimpalgaon,Onion,FAQ,FAQ,908.64,1249.96,1079.3,3153.0,True,agmarknet_mimic_v1,42,08efbdb5ab95
26 Dec 2024,2024-12-26,Maharashtra,Nashik,Pimpalgaon,Onion,FAQ,FAQ,917.17,1135.06,1026.12,3327.12,True,agmarknet_mimic_v1,42,08efbdb5ab95
27 Dec 2024,2024-12-27,Maharashtra,Nashik,Pimpalgaon,Onion,Red,FAQ,873.45,1133.75,1003.6,3552.09,True,agmarknet_mimic_v1,42,08efbdb5ab95
28 Dec 2024,2024-12-28,Maharashtra,Nashik,Pimpalgaon,Onion,FAQ,FAQ,988.59,1251.86,1120.22,3347.32,True,agmarknet_mimic_v1,42,08efbdb5ab95
30 Dec 2024,2024-12-30,Maharashtra,Nashik,Pimpalgaon,Onion,Nasik,FAQ,923.62,1181.58,1052.6,3209.45,True,agmarknet_mimic_v1,42,08efbdb5ab95
31 Dec 2024,2024-12-31,Maharashtra,Nashik,Pimpalgaon,Onion,Nasik,FAQ,905.03,1140.44,1022.73,2912.63,True,agmarknet_mimic_v1,42,08efbdb5ab95
01 Jan 2025,2025-01-01,Maharashtra,Nashik,Pimpalgaon,Onion,Nasik,FAQ,820.16,1043.39,931.78,3247.02,True,agmarknet_mimic_v1,42,08efbdb5ab95
02 Jan 2025,2025-01-02,Maharashtra,Nashik,Pimpalgaon,Onion,FAQ,FAQ,844.03,1111.94,977.99,3031.01,True,agmarknet_mimic_v1,42,08efbdb5ab95
03 Jan 2025,2025-01-03,Maharashtra,Nashik,Pimpalgaon,Onion,FAQ,FAQ,848.28,1161.07,1004.68,3046.76,True,agmarknet_mimic_v1,42,08efbdb5ab95
04 Jan 2025,2025-01-04,Maharashtra,Nashik,Pimpalgaon,Onion,Red,FAQ,786.97,1075.81,931.39,3543.45,True,agmarknet_mimic_v1,42,08efbdb5ab95
06 Jan 2025,2025-01-06,Maharashtra,Nashik,Pimpalgaon,Onion,Red,FAQ,817.84,1187.04,1002.44,3588.14,True,agmarknet_mimic_v1,42,08efbdb5ab95
07 Jan 2025,2025-01-07,Maharashtra,Nashik,Pimpalgaon,Onion,FAQ,FAQ,920.6,1194.22,1057.41,3537.5,True,agmarknet_mimic_v1,42,08efbdb5ab95
08 Jan 2025,2025-01-08,Maharashtra,Nashik,Pimpalgaon,Onion,FAQ,FAQ,884.3,1265.61,1074.96,2745.86,True,agmarknet_mimic_v1,42,08efbdb5ab95
09 Jan 2025,2025-01-09,Maharashtra,Nashik,Pimpalgaon,Onion,Red,FAQ,981.74,1221.62,1101.68,2799.72,True,agmarknet_mimic_v1,42,08efbdb5ab95
10 Jan 2025,2025-01-10,Maharashtra,Nashik,Pimpalgaon,Onion,FAQ,FAQ,912.93,1141.97,1027.45,3183.57,True,agmarknet_mimic_v1,42,08efbdb5ab95
11 Jan 2025,2025-01-11,Maharashtra,Nashik,Pimpalgaon,Onion,Nasik,FAQ,820.07,1047.95,934.01,3354.53,True,agmarknet_mimic_v1,42,08efbdb5ab95
13 Jan 2025,2025-01-13,Maharashtra,Nashik,Pimpalgaon,Onion,Red,FAQ,764.48,968.28,866.38,3727.72,True,agmarknet_mimic_v1,42,08efbdb5ab95
14 Jan 2025,2025-01-14,Maharashtra,Nashik,Pimpalgaon,Onion,Nasik,FAQ,721.36,1014.55,867.95,3177.85,True,agmarknet_mimic_v1,42,08efbdb5ab95
15 Jan 2025,2025-01-15,Maharashtra,Nashik,Pimpalgaon,Onion,Red,FAQ,720.31,971.58,845.94,3223.57,True,agmarknet_mimic_v1,42,08efbdb5ab95
16 Jan 2025,2025-01-16,Maharashtra,Nashik,Pimpalgaon,Onion,Red,FAQ,742.89,1036.1,889.5,3521.73,True,agmarknet_mimic_v1,42,08efbdb5ab95
17 Jan 2025,2025-01-17,Maharashtra,Nashik,Pimpalgaon,Onion,FAQ,FAQ,816.27,1025.25,920.76,3139.42,True,agmarknet_mimic_v1,42,08efbdb5ab95
18 Jan 2025,2025-01-18,Maharashtra,Nashik,Pimpalgaon,Onion,Nasik,FAQ,791.97,1056.04,924.0,2963.57,True,agmarknet_mimic_v1,42,08efbdb5ab95
20 Jan 2025,2025-01-20,Maharashtra,Nashik,Pimpalgaon,Onion,FAQ,FAQ,858.45,1130.42,994.44,2859.31,True,agmarknet_mimic_v1,42,08efbdb5ab95
21 Jan 2025,2025-01-21,Maharashtra,Nashik,Pimpalgaon,Onion,Nasik,FAQ,964.33,1301.56,1132.95,3890.47,True,agmarknet_mimic_v1,42,08efbdb5ab95
22 Jan 2025,2025-01-22,Maharashtra,Nashik,Pimpalgaon,Onion,Red,FAQ,951.74,1286.93,1119.33,2665.73,True,agmarknet_mimic_v1,42,08efbdb5ab95
23 Jan 2025,2025-01-23,Maharashtra,Nashik,Pimpalgaon,Onion,Red,FAQ,922.2,1206.92,1064.56,3335.41,True,agmarknet_mimic_v1,42,08efbdb5ab95
24 Jan 2025,2025-01-24,Maharashtra,Nashik,Pimpalgaon,Onion,Nasik,FAQ,971.56,1213.12,1092.34,3192.01,True,agmarknet_mimic_v1,42,08efbdb5ab95
25 Jan 2025,2025-01-25,Maharashtra,Nashik,Pimpalgaon,Onion,Nasik,FAQ,819.25,1201.11,1010.18,3179.71,True,agmarknet_mimic_v1,42,08efbdb5ab95
27 Jan 2025,2025-01-27,Maharashtra,Nashik,Pimpalgaon,Onion,Nasik,FAQ,873.01,1206.81,1039.91,3640.93,True,agmarknet_mimic_v1,42,08efbdb5ab95
28 Jan 2025,2025-01-28,Maharashtra,Nashik,Pimpalgaon,Onion,Red,FAQ,849.62,1068.61,959.11,3043.53,True,agmarknet_mimic_v1,42,08efbdb5ab95
29 Jan 2025,2025-01-29,Maharashtra,Nashik,Pimpalgaon,Onion,FAQ,FAQ,873.24,1080.58,976.91,3545.28,True,agmarknet_mimic_v1,42,08efbdb5ab95
30 Jan 2025,2025-01-30,Maharashtra,Nashik,Pimpalgaon,Onion,FAQ,FAQ,775.94,1070.2,923.07,3690.29,True,agmarknet_mimic_v1,42,08efbdb5ab95
31 Jan 2025,2025-01-31,Maharashtra,Nashik,Pimpalgaon,Onion,Nasik,FAQ,786.82,1135.51,961.17,3083.47,True,agmarknet_mimic_v1,42,08efbdb5ab95
01 Feb 2025,2025-02-01,Maharashtra,Nashik,Pimpalgaon,Onion,Red,FAQ,908.46,1179.35,1043.91,3227.81,True,agmarknet_mimic_v1,42,08efbdb5ab95
03 Feb 2025,2025-02-03,Maharashtra,Nashik,Pimpalgaon,Onion,Nasik,FAQ,875.15,1155.36,1015.25,2768.76,True,agmarknet_mimic_v1,42,08efbdb5ab95
04 Feb 2025,2025-02-04,Maharashtra,Nashik,Pimpalgaon,Onion,Nasik,FAQ,901.46,1173.98,1037.72,3220.0,True,agmarknet_mimic_v1,42,08efbdb5ab95
05 Feb 2025,2025-02-05,Maharashtra,Nashik,Pimpalgaon,Onion,Red,FAQ,946.18,1358.66,1152.42,3242.57,True,agmarknet_mimic_v1,42,08efbdb5ab95
06 Feb 2025,2025-02-06,Maharashtra,Nashik,Pimpalgaon,Onion,Red,FAQ,959.31,1339.73,1149.52,2785.56,True,agmarknet_mimic_v1,42,08efbdb5ab95
07 Feb 2025,2025-02-07,Maharashtra,Nashik,Pimpalgaon,Onion,FAQ,FAQ,1005.07,1430.42,1217.75,3023.81,True,agmarknet_mimic_v1,42,08efbdb5ab95
08 Feb 2025,2025-02-08,Maharashtra,Nashik,Pimpalgaon,Onion,Red,FAQ,970.95,1207.26,1089.1,3448.4,True,agmarknet_mimic_v1,42,08efbdb5ab95
10 Feb 2025,2025-02-10,Maharashtra,Nashik,Pimpalgaon,Onion,FAQ,FAQ,832.06,1096.39,964.22,2932.64,True,agmarknet_mimic_v1,42,08efbdb5ab95
11 Feb 2025,2025-02-11,Maharashtra,Nashik,Pimpalgaon,Onion,Nasik,FAQ,864.99,1206.91,1035.95,3568.66,True,agmarknet_mimic_v1,42,08efbdb5ab95
12 Feb 2025,2025-02-12,Maharashtra,Nashik,Pimpalgaon,Onion,Red,FAQ,845.96,1162.64,1004.3,2566.6,True,agmarknet_mimic_v1,42,08efbdb5ab95
13 Feb 2025,2025-02-13,Maharashtra,Nashik,Pimpalgaon,Onion,Red,FAQ,830.73,1164.92,997.82,2991.23,True,agmarknet_mimic_v1,42,08efbdb5ab95
14 Feb 2025,2025-02-14,Maharashtra,Nashik,Pimpalgaon,Onion,Nasik,FAQ,885.69,1185.36,1035.53,3276.65,True,agmarknet_mimic_v1,42,08efbdb5ab95
15 Feb 2025,2025-02-15,Maharashtra,Nashik,Pimpalgaon,Onion,Red,FAQ,960.14,1221.22,1090.68,3042.12,True,agmarknet_mimic_v1,42,08efbdb5ab95
17 Feb 2025,2025-02-17,Maharashtra,Nashik,Pimpalgaon,Onion,Nasik,FAQ,959.46,1186.77,1073.11,3262.77,True,agmarknet_mimic_v1,42,08efbdb5ab95
18 Feb 2025,2025-02-18,Maharashtra,Nashik,Pimpalgaon,Onion,Nasik,FAQ,995.28,1294.84,1145.06,4210.04,True,agmarknet_mimic_v1,42,08efbdb5ab95
19 Feb 2025,2025-02-19,Maharashtra,Nashik,Pimpalgaon,Onion,Nasik,FAQ,998.78,1365.52,1182.15,3311.07,True,agmarknet_mimic_v1,42,08efbdb5ab95
20 Feb 2025,2025-02-20,Maharashtra,Nashik,Pimpalgaon,Onion,FAQ,FAQ,935.36,1374.19,1154.77,3284.95,True,agmarknet_mimic_v1,42,08efbdb5ab95
21 Feb 2025,2025-02-21,Maharashtra,Nashik,Pimpalgaon,Onion,Red,FAQ,1013.32,1283.01,1148.16,3444.72,True,agmarknet_mimic_v1,42,08efbdb5ab95
22 Feb 2025,2025-02-22,Maharashtra,Nashik,Pimpalgaon,Onion,FAQ,FAQ,947.34,1339.93,1143.64,3457.3,True,agmarknet_mimic_v1,42,08efbdb5ab95
24 Feb 2025,2025-02-24,Maharashtra,Nashik,Pimpalgaon,Onion,Nasik,FAQ,1061.81,1337.53,1199.67,2902.89,True,agmarknet_mimic_v1,42,08efbdb5ab95
25 Feb 2025,2025-02-25,Maharashtra,Nashik,Pimpalgaon,Onion,Nasik,FAQ,1024.75,1474.94,1249.85,3120.91,True,agmarknet_mimic_v1,42,08efbdb5ab95
26 Feb 2025,2025-02-26,Maharashtra,Nashik,Pimpalgaon,Onion,Nasik,FAQ,1046.41,1518.38,1282.4,2755.7,True,agmarknet_mimic_v1,42,08efbdb5ab95
27 Feb 2025,2025-02-27,Maharashtra,Nashik,Pimpalgaon,Onion,Nasik,FAQ,1083.89,1468.05,1275.97,2295.09,True,agmarknet_mimic_v1,42,08efbdb5ab95
28 Feb 2025,2025-02-28,Maharashtra,Nashik,Pimpalgaon,Onion,Nasik,FAQ,1099.0,1390.4,1244.7,2890.29,True,agmarknet_mimic_v1,42,08efbdb5ab95
01 Mar 2025,2025-03-01,Maharashtra,Nashik,Pimpalgaon,Onion,Red,FAQ,1113.28,1433.94,1273.61,2378.77,True,agmarknet_mimic_v1,42,08efbdb5ab95
03 Mar 2025,2025-03-03,Maharashtra,Nashik,Pimpalgaon,Onion,Red,FAQ,1110.26,1385.15,1247.71,3608.64,True,agmarknet_mimic_v1,42,08efbdb5ab95
04 Mar 2025,2025-03-04,Maharashtra,Nashik,Pimpalgaon,Onion,FAQ,FAQ,965.26,1344.83,1155.05,3065.09,True,agmarknet_mimic_v1,42,08efbdb5ab95
05 Mar 2025,2025-03-05,Maharashtra,Nashik,Pimpalgaon,Onion,FAQ,FAQ,998.18,1357.63,1177.91,2617.89,True,agmarknet_mimic_v1,42,08efbdb5ab95
06 Mar 2025,2025-03-06,Maharashtra,Nashik,Pimpalgaon,Onion,FAQ,FAQ,996.81,1431.3,1214.06,2652.43,True,agmarknet_mimic_v1,42,08efbdb5ab95
07 Mar 2025,2025-03-07,Maharashtra,Nashik,Pimpalgaon,Onion,Red,FAQ,966.36,1430.42,1198.39,2714.21,True,agmarknet_mimic_v1,42,08efbdb5ab95
08 Mar 2025,2025-03-08,Maharashtra,Nashik,Pimpalgaon,Onion,Nasik,FAQ,989.73,1296.04,1142.88,2918.84,True,agmarknet_mimic_v1,42,08efbdb5ab95
10 Mar 2025,2025-03-10,Maharashtra,Nashik,Pimpalgaon,Onion,Red,FAQ,886.51,1148.55,1017.53,2576.5,True,agmarknet_mimic_v1,42,08efbdb5ab95
11 Mar 2025,2025-03-11,Maharashtra,Nashik,Pimpalgaon,Onion,Red,FAQ,791.1,1148.13,969.62,2810.68,True,agmarknet_mimic_v1,42,08efbdb5ab95
12 Mar 2025,2025-03-12,Maharashtra,Nashik,Pimpalgaon,Onion,FAQ,FAQ,850.18,1206.1,1028.14,2813.34,True,agmarknet_mimic_v1,42,08efbdb5ab95
13 Mar 2025,2025-03-13,Maharashtra,Nashik,Pimpalgaon,Onion,FAQ,FAQ,817.92,1118.74,968.33,2897.99,True,agmarknet_mimic_v1,42,08efbdb5ab95
14 Mar 2025,2025-03-14,Maharashtra,Nashik,Pimpalgaon,Onion,Red,FAQ,782.71,1159.92,971.32,2788.37,True,agmarknet_mimic_v1,42,08efbdb5ab95
15 Mar 2025,2025-03-15,Maharashtra,Nashik,Pimpalgaon,Onion,FAQ,FAQ,889.25,1102.0,995.63,3006.81,True,agmarknet_mimic_v1,42,08efbdb5ab95
17 Mar 2025,2025-03-17,Maharashtra,Nashik,Pimpalgaon,Onion,Nasik,FAQ,951.4,1357.99,1154.69,2841.03,True,agmarknet_mimic_v1,42,08efbdb5ab95
18 Mar 2025,2025-03-18,Maharashtra,Nashik,Pimpalgaon,Onion,Red,FAQ,968.41,1383.17,1175.79,2279.31,True,agmarknet_mimic_v1,42,08efbdb5ab95
19 Mar 2025,2025-03-19,Maharashtra,Nashik,Pimpalgaon,Onion,FAQ,FAQ,1009.78,1319.41,1164.59,2204.45,True,agmarknet_mimic_v1,42,08efbdb5ab95
20 Mar 2025,2025-03-20,Maharashtra,Nashik,Pimpalgaon,Onion,Nasik,FAQ,948.34,1295.49,1121.92,3068.93,True,agmarknet_mimic_v1,42,08efbdb5ab95
21 Mar 2025,2025-03-21,Maharashtra,Nashik,Pimpalgaon,Onion,Nasik,FAQ,936.87,1251.85,1094.36,2138.22,True,agmarknet_mimic_v1,42,08efbdb5ab95
22 Mar 2025,2025-03-22,Maharashtra,Nashik,Pimpalgaon,Onion,FAQ,FAQ,973.52,1332.82,1153.17,2559.17,True,agmarknet_mimic_v1,42,08efbdb5ab95
24 Mar 2025,2025-03-24,Maharashtra,Nashik,Pimpalgaon,Onion,Nasik,FAQ,1022.87,1473.3,1248.08,2341.58,True,agmarknet_mimic_v1,42,08efbdb5ab95
25 Mar 2025,2025-03-25,Maharashtra,Nashik,Pimpalgaon,Onion,FAQ,FAQ,1201.86,1541.42,1371.64,2785.7,True,agmarknet_mimic_v1,42,08efbdb5ab95
26 Mar 2025,2025-03-26,Maharashtra,Nashik,Pimpalgaon,Onion,Nasik,FAQ,1039.9,1435.77,1237.84,2840.73,True,agmarknet_mimic_v1,42,08efbdb5ab95
27 Mar 2025,2025-03-27,Maharashtra,Nashik,Pimpalgaon,Onion,FAQ,FAQ,983.65,1395.89,1189.77,2826.72,True,agmarknet_mimic_v1,42,08efbdb5ab95
28 Mar 2025,2025-03-28,Maharashtra,Nashik,Pimpalgaon,Onion,Nasik,FAQ,1095.93,1459.47,1277.7,3235.52,True,agmarknet_mimic_v1,42,08efbdb5ab95
29 Mar 2025,2025-03-29,Maharashtra,Nashik,Pimpalgaon,Onion,Red,FAQ,1070.67,1508.13,1289.4,2399.27,True,agmarknet_mimic_v1,42,08efbdb5ab95
31 Mar 2025,2025-03-31,Maharashtra,Nashik,Pimpalgaon,Onion,Nasik,FAQ,1222.02,1750.89,1486.45,2891.59,True,agmarknet_mimic_v1,42,08efbdb5ab95
01 Apr 2025,2025-04-01,Maharashtra,Nashik,Pimpalgaon,Onion,Red,FAQ,1331.75,1872.09,1601.92,2138.18,True,agmarknet_mimic_v1,42,08efbdb5ab95
02 Apr 2025,2025-04-02,Maharashtra,Nashik,Pimpalgaon,Onion,FAQ,FAQ,1360.45,1989.18,1674.81,2771.56,True,agmarknet_mimic_v1,42,08efbdb5ab95
03 Apr 2025,2025-04-03,Maharashtra,Nashik,Pimpalgaon,Onion,Nasik,FAQ,1425.53,1944.12,1684.82,2760.24,True,agmarknet_mimic_v1,42,08efbdb5ab95
04 Apr 2025,2025-04-04,Maharashtra,Nashik,Pimpalgaon,Onion,Nasik,FAQ,1342.69,1944.76,1643.72,3457.33,True,agmarknet_mimic_v1,42,08efbdb5ab95
05 Apr 2025,2025-04-05,Maharashtra,Nashik,Pimpalgaon,Onion,Nasik,FAQ,1395.97,1865.3,1630.63,3120.05,True,agmarknet_mimic_v1,42,08efbdb5ab95
07 Apr 2025,2025-04-07,Maharashtra,Nashik,Pimpalgaon,Onion,Nasik,FAQ,1308.67,1884.71,1596.69,3054.96,True,agmarknet_mimic_v1,42,08efbdb5ab95
08 Apr 2025,2025-04-08,Maharashtra,Nashik,Pimpalgaon,Onion,Red,FAQ,1352.17,1820.5,1586.34,2943.43,True,agmarknet_mimic_v1,42,08efbdb5ab95
09 Apr 2025,2025-04-09,Maharashtra,Nashik,Pimpalgaon,Onion,FAQ,FAQ,1402.34,2003.79,1703.07,3218.94,True,agmarknet_mimic_v1,42,08efbdb5ab95
10 Apr 2025,2025-04-10,Maharashtra,Nashik,Pimpalgaon,Onion,Nasik,FAQ,1474.7,1924.49,1699.6,2576.77,True,agmarknet_mimic_v1,42,08efbdb5ab95
11 Apr 2025,2025-04-11,Maharashtra,Nashik,Pimpalgaon,Onion,Red,FAQ,1411.64,2051.36,1731.5,2123.9,True,agmarknet_mimic_v1,42,08efbdb5ab95
12 Apr 2025,2025-04-12,Maharashtra,Nashik,Pimpalgaon,Onion,Red,FAQ,1384.27,1865.98,1625.12,3419.09,True,agmarknet_mimic_v1,42,08efbdb5ab95
14 Apr 2025,2025-04-14,Maharashtra,Nashik,Pimpalgaon,Onion,Nasik,FAQ,1396.71,2016.88,1706.79,3161.11,True,agmarknet_mimic_v1,42,08efbdb5ab95
15 Apr 2025,2025-04-15,Maharashtra,Nashik,Pimpalgaon,Onion,Nasik,FAQ,1354.43,1838.97,1596.7,3030.63,True,agmarknet_mimic_v1,42,08efbdb5ab95
16 Apr 2025,2025-04-16,Maharashtra,Nashik,Pimpalgaon,Onion,Nasik,FAQ,1388.37,1877.79,1633.08,2840.48,True,agmarknet_mimic_v1,42,08efbdb5ab95
17 Apr 2025,2025-04-17,Maharashtra,Nashik,Pimpalgaon,Onion,Nasik,FAQ,1344.24,1890.98,1617.61,2610.04,True,agmarknet_mimic_v1,42,08efbdb5ab95
18 Apr 2025,2025-04-18,Maharashtra,Nashik,Pimpalgaon,Onion,Red,FAQ,1394.77,1780.93,1587.85,2960.4,True,agmarknet_mimic_v1,42,08efbdb5ab95
19 Apr 2025,2025-04-19,Maharashtra,Nashik,Pimpalgaon,Onion,FAQ,FAQ,1404.55,1894.3,1649.42,2861.5,True,agmarknet_mimic_v1,42,08efbdb5ab95
21 Apr 2025,2025-04-21,Maharashtra,Nashik,Pimpalgaon,Onion,Red,FAQ,1378.27,1957.23,1667.75,2481.4,True,agmarknet_mimic_v1,42,08efbdb5ab95
22 Apr 2025,2025-04-22,Maharashtra,Nashik,Pimpalgaon,Onion,Red,FAQ,1392.71,1823.75,1608.23,2652.86,True,agmarknet_mimic_v1,42,08efbdb5ab95
23 Apr 2025,2025-04-23,Maharashtra,Nashik,Pimpalgaon,Onion,Red,FAQ,1489.26,1926.87,1708.06,2930.61,True,agmarknet_mimic_v1,42,08efbdb5ab95
24 Apr 2025,2025-04-24,Maharashtra,Nashik,Pimpalgaon,Onion,Red,FAQ,1393.59,1990.07,1691.83,2455.04,True,agmarknet_mimic_v1,42,08efbdb5ab95
25 Apr 2025,2025-04-25,Maharashtra,Nashik,Pimpalgaon,Onion,FAQ,FAQ,1443.8,2109.57,1776.68,2092.05,True,agmarknet_mimic_v1,42,08efbdb5ab95
26 Apr 2025,2025-04-26,Maharashtra,Nashik,Pimpalgaon,Onion,Nasik,FAQ,1545.09,2201.23,1873.16,2698.55,True,agmarknet_mimic_v1,42,08efbdb5ab95
28 Apr 2025,2025-04-28,Maharashtra,Nashik,Pimpalgaon,Onion,Nasik,FAQ,1636.74,2145.56,1891.15,2706.71,True,agmarknet_mimic_v1,42,08efbdb5ab95
29 Apr 2025,2025-04-29,Maharashtra,Nashik,Pimpalgaon,Onion,Red,FAQ,1477.12,2191.79,1834.46,2641.35,True,agmarknet_mimic_v1,42,08efbdb5ab95
30 Apr 2025,2025-04-30,Maharashtra,Nashik,Pimpalgaon,Onion,Red,FAQ,1569.8,2042.33,1806.06,2477.47,True,agmarknet_mimic_v1,42,08efbdb5ab95
01 May 2025,2025-05-01,Maharashtra,Nashik,Pimpalgaon,Onion,Nasik,FAQ,1494.23,2191.59,1842.91,2507.63,True,agmarknet_mimic_v1,42,08efbdb5ab95
02 May 2025,2025-05-02,Maharashtra,Nashik,Pimpalgaon,Onion,Red,FAQ,1584.65,2046.46,1815.56,2139.9,True,agmarknet_mimic_v1,42,08efbdb5ab95
03 May 2025,2025-05-03,Maharashtra,Nashik,Pimpalgaon,Onion,Red,FAQ,1589.68,2083.65,1836.66,1900.08,True,agmarknet_mimic_v1,42,08efbdb5ab95
05 May 2025,2025-05-05,Maharashtra,Nashik,Pimpalgaon,Onion,Nasik,FAQ,1535.64,2117.3,1826.47,2393.18,True,agmarknet_mimic_v1,42,08efbdb5ab95
06 May 2025,2025-05-06,Maharashtra,Nashik,Pimpalgaon,Onion,Nasik,FAQ,1600.64,2095.36,1848.0,1955.18,True,agmarknet_mimic_v1,42,08efbdb5ab95
07 May 2025,2025-05-07,Maharashtra,Nashik,Pimpalgaon,Onion,Red,FAQ,1657.49,2152.72,1905.11,2772.67,True,agmarknet_mimic_v1,42,08efbdb5ab95
08 May 2025,2025-05-08,Maharashtra,Nashik,Pimpalgaon,Onion,FAQ,FAQ,1611.98,2205.43,1908.71,2384.26,True,agmarknet_mimic_v1,42,08efbdb5ab95
09 May 2025,2025-05-09,Maharashtra,Nashik,Pimpalgaon,Onion,Red,FAQ,1613.59,2241.34,1927.47,2191.71,True,agmarknet_mimic_v1,42,08efbdb5ab95
10 May 2025,2025-05-10,Maharashtra,Nashik,Pimpalgaon,Onion,Red,FAQ,1670.28,2301.37,1985.82,2641.44,True,agmarknet_mimic_v1,42,08efbdb5ab95
12 May 2025,2025-05-12,Maharashtra,Nashik,Pimpalgaon,Onion,Red,FAQ,1713.77,2139.84,1926.8,2802.5,True,agmarknet_mimic_v1,42,08efbdb5ab95
13 May 2025,2025-05-13,Maharashtra,Nashik,Pimpalgaon,Onion,Red,FAQ,1677.96,2284.61,1981.29,2328.89,True,agmarknet_mimic_v1,42,08efbdb5ab95
14 May 2025,2025-05-14,Maharashtra,Nashik,Pimpalgaon,Onion,Nasik,FAQ,1641.42,2354.37,1997.89,2091.82,True,agmarknet_mimic_v1,42,08efbdb5ab95
15 May 2025,2025-05-15,Maharashtra,Nashik,Pimpalgaon,Onion,Red,FAQ,1722.73,2267.4,1995.06,2331.55,True,agmarknet_mimic_v1,42,08efbdb5ab95
16 May 2025,2025-05-16,Maharashtra,Nashik,Pimpalgaon,Onion,FAQ,FAQ,1695.59,2451.77,2073.68,2657.9,True,agmarknet_mimic_v1,42,08efbdb5ab95
17 May 2025,2025-05-17,Maharashtra,Nashik,Pimpalgaon,Onion,Red,FAQ,1830.56,2345.38,2087.97,2654.75,True,agmarknet_mimic_v1,42,08efbdb5ab95
19 May 2025,2025-05-19,Maharashtra,Nashik,Pimpalgaon,Onion,Nasik,FAQ,1868.48,2374.53,2121.51,2343.13,True,agmarknet_mimic_v1,42,08efbdb5ab95
20 May 2025,2025-05-20,Maharashtra,Nashik,Pimpalgaon,Onion,Red,FAQ,1612.83,2353.56,1983.2,2434.02,True,agmarknet_mimic_v1,42,08efbdb5ab95
21 May 2025,2025-05-21,Maharashtra,Nashik,Pimpalgaon,Onion,Nasik,FAQ,1761.89,2272.86,2017.38,2600.18,True,agmarknet_mimic_v1,42,08efbdb5ab95
22 May 2025,2025-05-22,Maharashtra,Nashik,Pimpalgaon,Onion,Red,FAQ,1737.49,2299.42,2018.45,2468.3,True,agmarknet_mimic_v1,42,08efbdb5ab95
23 May 2025,2025-05-23,Maharashtra,Nashik,Pimpalgaon,Onion,Red,FAQ,1800.74,2486.61,2143.67,2422.84,True,agmarknet_mimic_v1,42,08efbdb5ab95
24 May 2025,2025-05-24,Maharashtra,Nashik,Pimpalgaon,Onion,Nasik,FAQ,1707.41,2477.66,2092.54,2846.18,True,agmarknet_mimic_v1,42,08efbdb5ab95
26 May 2025,2025-05-26,Maharashtra,Nashik,Pimpalgaon,Onion,Red,FAQ,1911.98,2483.56,2197.77,2188.55,True,agmarknet_mimic_v1,42,08efbdb5ab95
27 May 2025,2025-05-27,Maharashtra,Nashik,Pimpalgaon,Onion,FAQ,FAQ,1842.83,2459.4,2151.12,1658.72,True,agmarknet_mimic_v1,42,08efbdb5ab95
28 May 2025,2025-05-28,Maharashtra,Nashik,Pimpalgaon,Onion,Nasik,FAQ,1973.4,2478.77,2226.08,3225.63,True,agmarknet_mimic_v1,42,08efbdb5ab95
29 May 2025,2025-05-29,Maharashtra,Nashik,Pimpalgaon,Onion,FAQ,FAQ,1977.04,2617.13,2297.09,2615.96,True,agmarknet_mimic_v1,42,08efbdb5ab95
30 May 2025,2025-05-30,Maharashtra,Nashik,Pimpalgaon,Onion,Red,FAQ,1919.7,2410.3,2165.0,2603.41,True,agmarknet_mimic_v1,42,08efbdb5ab95
31 May 2025,2025-05-31,Maharashtra,Nashik,Pimpalgaon,Onion,FAQ,FAQ,1904.79,2483.86,2194.32,2086.07,True,agmarknet_mimic_v1,42,08efbdb5ab95
02 Jun 2025,2025-06-02,Maharashtra,Nashik,Pimpalgaon,Onion,Red,FAQ,1843.14,2461.76,2152.45,2343.18,True,agmarknet_mimic_v1,42,08efbdb5ab95
03 Jun 2025,2025-06-03,Maharashtra,Nashik,Pimpalgaon,Onion,Red,FAQ,1833.64,2566.67,2200.15,2025.52,True,agmarknet_mimic_v1,42,08efbdb5ab95
04 Jun 2025,2025-06-04,Maharashtra,Nashik,Pimpalgaon,Onion,FAQ,FAQ,1912.78,2508.89,2210.83,2406.85,True,agmarknet_mimic_v1,42,08efbdb5ab95
05 Jun 2025,2025-06-05,Maharashtra,Nashik,Pimpalgaon,Onion,Nasik,FAQ,1751.21,2536.15,2143.68,2255.11,True,agmarknet_mimic_v1,42,08efbdb5ab95
06 Jun 2025,2025-06-06,Maharashtra,Nashik,Pimpalgaon,Onion,FAQ,FAQ,1876.43,2660.9,2268.66,1927.18,True,agmarknet_mimic_v1,42,08efbdb5ab95
07 Jun 2025,2025-06-07,Maharashtra,Nashik,Pimpalgaon,Onion,FAQ,FAQ,1885.95,2698.07,2292.01,2716.42,True,agmarknet_mimic_v1,42,08efbdb5ab95
09 Jun 2025,2025-06-09,Maharashtra,Nashik,Pimpalgaon,Onion,FAQ,FAQ,1870.83,2596.53,2233.68,2196.88,True,agmarknet_mimic_v1,42,08efbdb5ab95
10 Jun 2025,2025-06-10,Maharashtra,Nashik,Pimpalgaon,Onion,FAQ,FAQ,1813.13,2602.55,2207.84,2345.91,True,agmarknet_mimic_v1,42,08efbdb5ab95
11 Jun 2025,2025-06-11,Maharashtra,Nashik,Pimpalgaon,Onion,Red,FAQ,1848.04,2387.69,2117.87,2877.03,True,agmarknet_mimic_v1,42,08efbdb5ab95
12 Jun 2025,2025-06-12,Maharashtra,Nashik,Pimpalgaon,Onion,FAQ,FAQ,1694.8,2472.51,2083.65,1694.66,True,agmarknet_mimic_v1,42,08efbdb5ab95
13 Jun 2025,2025-06-13,Maharashtra,Nashik,Pimpalgaon,Onion,Red,FAQ,1922.6,2447.23,2184.91,2757.42,True,agmarknet_mimic_v1,42,08efbdb5ab95
14 Jun 2025,2025-06-14,Maharashtra,Nashik,Pimpalgaon,Onion,Red,FAQ,1873.47,2677.22,2275.35,2560.69,True,agmarknet_mimic_v1,42,08efbdb5ab95
16 Jun 2025,2025-06-16,Maharashtra,Nashik,Pimpalgaon,Onion,FAQ,FAQ,2029.88,2594.03,2311.96,2363.62,True,agmarknet_mimic_v1,42,08efbdb5ab95
17 Jun 2025,2025-06-17,Maharashtra,Nashik,Pimpalgaon,Onion,Nasik,FAQ,2010.07,2830.75,2420.41,2231.1,True,agmarknet_mimic_v1,42,08efbdb5ab95
18 Jun 2025,2025-06-18,Maharashtra,Nashik,Pimpalgaon,Onion,FAQ,FAQ,2078.5,2715.43,2396.97,2064.85,True,agmarknet_mimic_v1,42,08efbdb5ab95
19 Jun 2025,2025-06-19,Maharashtra,Nashik,Pimpalgaon,Onion,Red,FAQ,2021.25,2709.95,2365.6,2226.0,True,agmarknet_mimic_v1,42,08efbdb5ab95
20 Jun 2025,2025-06-20,Maharashtra,Nashik,Pimpalgaon,Onion,Red,FAQ,1970.15,2590.09,2280.12,2270.33,True,agmarknet_mimic_v1,42,08efbdb5ab95
21 Jun 2025,2025-06-21,Maharashtra,Nashik,Pimpalgaon,Onion,Red,FAQ,2031.56,2584.87,2308.22,1490.96,True,agmarknet_mimic_v1,42,08efbdb5ab95
23 Jun 2025,2025-06-23,Maharashtra,Nashik,Pimpalgaon,Onion,FAQ,FAQ,1965.31,2465.83,2215.57,1816.59,True,agmarknet_mimic_v1,42,08efbdb5ab95
24 Jun 2025,2025-06-24,Maharashtra,Nashik,Pimpalgaon,Onion,Red,FAQ,1848.21,2506.31,2177.26,1968.76,True,agmarknet_mimic_v1,42,08efbdb5ab95
25 Jun 2025,2025-06-25,Maharashtra,Nashik,Pimpalgaon,Onion,Nasik,FAQ,1863.36,2582.52,2222.94,2035.14,True,agmarknet_mimic_v1,42,08efbdb5ab95
26 Jun 2025,2025-06-26,Maharashtra,Nashik,Pimpalgaon,Onion,FAQ,FAQ,1844.32,2646.37,2245.34,2360.66,True,agmarknet_mimic_v1,42,08efbdb5ab95
27 Jun 2025,2025-06-27,Maharashtra,Nashik,Pimpalgaon,Onion,FAQ,FAQ,2007.77,2820.93,2414.35,2466.92,True,agmarknet_mimic_v1,42,08efbdb5ab95
28 Jun 2025,2025-06-28,Maharashtra,Nashik,Pimpalgaon,Onion,FAQ,FAQ,2019.75,2532.55,2276.15,2675.86,True,agmarknet_mimic_v1,42,08efbdb5ab95
30 Jun 2025,2025-06-30,Maharashtra,Nashik,Pimpalgaon,Onion,FAQ,FAQ,1948.9,2507.55,2228.22,2127.49,True,agmarknet_mimic_v1,42,08efbdb5ab95
01 Jul 2025,2025-07-01,Maharashtra,Nashik,Pimpalgaon,Onion,FAQ,FAQ,1907.58,2410.7,2159.14,1852.81,True,agmarknet_mimic_v1,42,08efbdb5ab95
02 Jul 2025,2025-07-02,Maharashtra,Nashik,Pimpalgaon,Onion,Red,FAQ,1863.48,2395.61,2129.55,2380.63,True,agmarknet_mimic_v1,42,08efbdb5ab95
03 Jul 2025,2025-07-03,Maharashtra,Nashik,Pimpalgaon,Onion,Red,FAQ,1806.6,2472.46,2139.53,2129.17,True,agmarknet_mimic_v1,42,08efbdb5ab95
04 Jul 2025,2025-07-04,Maharashtra,Nashik,Pimpalgaon,Onion,Red,FAQ,1767.53,2517.66,2142.59,2430.78,True,agmarknet_mimic_v1,42,08efbdb5ab95
05 Jul 2025,2025-07-05,Maharashtra,Nashik,Pimpalgaon,Onion,Red,FAQ,1900.43,2436.46,2168.44,1855.32,True,agmarknet_mimic_v1,42,08efbdb5ab95
07 Jul 2025,2025-07-07,Maharashtra,Nashik,Pimpalgaon,Onion,Nasik,FAQ,1996.81,2474.39,2235.6,2344.78,True,agmarknet_mimic_v1,42,08efbdb5ab95
08 Jul 2025,2025-07-08,Maharashtra,Nashik,Pimpalgaon,Onion,Nasik,FAQ,1823.98,2675.3,2249.64,2522.82,True,agmarknet_mimic_v1,42,08efbdb5ab95
09 Jul 2025,2025-07-09,Maharashtra,Nashik,Pimpalgaon,Onion,Red,FAQ,2044.99,2588.92,2316.96,2690.47,True,agmarknet_mimic_v1,42,08efbdb5ab95
10 Jul 2025,2025-07-10,Maharashtra,Nashik,Pimpalgaon,Onion,Red,FAQ,2028.51,2689.63,2359.07,2261.26,True,agmarknet_mimic_v1,42,08efbdb5ab95
11 Jul 2025,2025-07-11,Maharashtra,Nashik,Pimpalgaon,Onion,Nasik,FAQ,1925.17,2695.56,2310.36,3233.98,True,agmarknet_mimic_v1,42,08efbdb5ab95
12 Jul 2025,2025-07-12,Maharashtra,Nashik,Pimpalgaon,Onion,FAQ,FAQ,1962.92,2674.54,2318.73,1982.43,True,agmarknet_mimic_v1,42,08efbdb5ab95
14 Jul 2025,2025-07-14,Maharashtra,Nashik,Pimpalgaon,Onion,Red,FAQ,2046.92,2792.41,2419.66,1984.8,True,agmarknet_mimic_v1,42,08efbdb5ab95
15 Jul 2025,2025-07-15,Maharashtra,Nashik,Pimpalgaon,Onion,Red,FAQ,1982.77,2744.82,2363.79,2398.2,True,agmarknet_mimic_v1,42,08efbdb5ab95
16 Jul 2025,2025-07-16,Maharashtra,Nashik,Pimpalgaon,Onion,Red,FAQ,2177.91,2900.21,2539.06,1535.02,True,agmarknet_mimic_v1,42,08efbdb5ab95
17 Jul 2025,2025-07-17,Maharashtra,Nashik,Pimpalgaon,Onion,Red,FAQ,2059.42,2883.4,2471.41,2053.16,True,agmarknet_mimic_v1,42,08efbdb5ab95
18 Jul 2025,2025-07-18,Maharashtra,Nashik,Pimpalgaon,Onion,FAQ,FAQ,2102.66,2733.64,2418.15,2442.03,True,agmarknet_mimic_v1,42,08efbdb5ab95
19 Jul 2025,2025-07-19,Maharashtra,Nashik,Pimpalgaon,Onion,Nasik,FAQ,1999.88,2760.22,2380.05,2102.58,True,agmarknet_mimic_v1,42,08efbdb5ab95
21 Jul 2025,2025-07-21,Maharashtra,Nashik,Pimpalgaon,Onion,Red,FAQ,1910.92,2685.35,2298.13,1485.17,True,agmarknet_mimic_v1,42,08efbdb5ab95
22 Jul 2025,2025-07-22,Maharashtra,Nashik,Pimpalgaon,Onion,Red,FAQ,2048.17,2660.23,2354.2,2375.84,True,agmarknet_mimic_v1,42,08efbdb5ab95
23 Jul 2025,2025-07-23,Maharashtra,Nashik,Pimpalgaon,Onion,Nasik,FAQ,1977.03,2726.53,2351.78,2500.59,True,agmarknet_mimic_v1,42,08efbdb5ab95
24 Jul 2025,2025-07-24,Maharashtra,Nashik,Pimpalgaon,Onion,FAQ,FAQ,2005.7,2818.95,2412.32,1988.47,True,agmarknet_mimic_v1,42,08efbdb5ab95
25 Jul 2025,2025-07-25,Maharashtra,Nashik,Pimpalgaon,Onion,Red,FAQ,2072.85,2572.4,2322.63,2357.58,True,agmarknet_mimic_v1,42,08efbdb5ab95
26 Jul 2025,2025-07-26,Maharashtra,Nashik,Pimpalgaon,Onion,Nasik,FAQ,1964.98,2573.97,2269.47,2324.87,True,agmarknet_mimic_v1,42,08efbdb5ab95
28 Jul 2025,2025-07-28,Maharashtra,Nashik,Pimpalgaon,Onion,Red,FAQ,1911.13,2643.57,2277.35,2292.53,True,agmarknet_mimic_v1,42,08efbdb5ab95
29 Jul 2025,2025-07-29,Maharashtra,Nashik,Pimpalgaon,Onion,Nasik,FAQ,1972.8,2485.69,2229.25,2836.05,True,agmarknet_mimic_v1,42,08efbdb5ab95
30 Jul 2025,2025-07-30,Maharashtra,Nashik,Pimpalgaon,Onion,Red,FAQ,1861.54,2478.26,2169.9,2167.64,True,agmarknet_mimic_v1,42,08efbdb5ab95
31 Jul 2025,2025-07-31,Maharashtra,Nashik,Pimpalgaon,Onion,FAQ,FAQ,1854.57,2471.83,2163.2,2732.45,True,agmarknet_mimic_v1,42,08efbdb5ab95
01 Aug 2025,2025-08-01,Maharashtra,Nashik,Pimpalgaon,Onion,Red,FAQ,1798.54,2530.91,2164.72,1597.86,True,agmarknet_mimic_v1,42,08efbdb5ab95
02 Aug 2025,2025-08-02,Maharashtra,Nashik,Pimpalgaon,Onion,FAQ,FAQ,1796.72,2660.65,2228.69,1756.18,True,agmarknet_mimic_v1,42,08efbdb5ab95
04 Aug 2025,2025-08-04,Maharashtra,Nashik,Pimpalgaon,Onion,FAQ,FAQ,2004.56,2592.68,2298.62,2032.93,True,agmarknet_mimic_v1,42,08efbdb5ab95
05 Aug 2025,2025-08-05,Maharashtra,Nashik,Pimpalgaon,Onion,Nasik,FAQ,1944.5,2642.04,2293.27,2521.62,True,agmarknet_mimic_v1,42,08efbdb5ab95
06 Aug 2025,2025-08-06,Maharashtra,Nashik,Pimpalgaon,Onion,FAQ,FAQ,1852.74,2421.15,2136.95,2213.2,True,agmarknet_mimic_v1,42,08efbdb5ab95
07 Aug 2025,2025-08-07,Maharashtra,Nashik,Pimpalgaon,Onion,Red,FAQ,1931.81,2448.22,2190.02,2039.81,True,agmarknet_mimic_v1,42,08efbdb5ab95
08 Aug 2025,2025-08-08,Maharashtra,Nashik,Pimpalgaon,Onion,Red,FAQ,1845.3,2510.58,2177.94,2585.6,True,agmarknet_mimic_v1,42,08efbdb5ab95
09 Aug 2025,2025-08-09,Maharashtra,Nashik,Pimpalgaon,Onion,FAQ,FAQ,1857.6,2535.09,2196.34,2740.72,True,agmarknet_mimic_v1,42,08efbdb5ab95
11 Aug 2025,2025-08-11,Maharashtra,Nashik,Pimpalgaon,Onion,Red,FAQ,1872.58,2521.63,2197.1,2619.36,True,agmarknet_mimic_v1,42,08efbdb5ab95
12 Aug 2025,2025-08-12,Maharashtra,Nashik,Pimpalgaon,Onion,Nasik,FAQ,1911.36,2494.95,2203.16,2062.45,True,agmarknet_mimic_v1,42,08efbdb5ab95
13 Aug 2025,2025-08-13,Maharashtra,Nashik,Pimpalgaon,Onion,Nasik,FAQ,1901.13,2649.44,2275.28,2247.71,True,agmarknet_mimic_v1,42,08efbdb5ab95
14 Aug 2025,2025-08-14,Maharashtra,Nashik,Pimpalgaon,Onion,Red,FAQ,1920.95,2526.41,2223.68,2093.97,True,agmarknet_mimic_v1,42,08efbdb5ab95
15 Aug 2024,2024-08-15,Maharashtra,Pune,Manjri,Onion,Red,FAQ,1600.36,2179.84,1890.1,2380.07,True,agmarknet_mimic_v1,42,08efbdb5ab95
16 Aug 2024,2024-08-16,Maharashtra,Pune,Manjri,Onion,Red,FAQ,1626.7,2213.6,1920.15,1646.17,True,agmarknet_mimic_v1,42,08efbdb5ab95
17 Aug 2024,2024-08-17,Maharashtra,Pune,Manjri,Onion,Red,FAQ,1748.51,2172.98,1960.74,2860.13,True,agmarknet_mimic_v1,42,08efbdb5ab95
19 Aug 2024,2024-08-19,Maharashtra,Pune,Manjri,Onion,Red,FAQ,1551.12,2157.12,1854.12,3196.8,True,agmarknet_mimic_v1,42,08efbdb5ab95
20 Aug 2024,2024-08-20,Maharashtra,Pune,Manjri,Onion,FAQ,FAQ,1742.63,2180.32,1961.47,2392.91,True,agmarknet_mimic_v1,42,08efbdb5ab95
21 Aug 2024,2024-08-21,Maharashtra,Pune,Manjri,Onion,Red,FAQ,1683.81,2147.4,1915.61,2207.41,True,agmarknet_mimic_v1,42,08efbdb5ab95
22 Aug 2024,2024-08-22,Maharashtra,Pune,Manjri,Onion,FAQ,FAQ,1633.58,2050.64,1842.11,2178.9,True,agmarknet_mimic_v1,42,08efbdb5ab95
23 Aug 2024,2024-08-23,Maharashtra,Pune,Manjri,Onion,Red,FAQ,1552.46,2287.0,1919.73,2444.83,True,agmarknet_mimic_v1,42,08efbdb5ab95
24 Aug 2024,2024-08-24,Maharashtra,Pune,Manjri,Onion,Red,FAQ,1678.11,2098.03,1888.07,1535.72,True,agmarknet_mimic_v1,42,08efbdb5ab95
26 Aug 2024,2024-08-26,Maharashtra,Pune,Manjri,Onion,FAQ,FAQ,1735.47,2184.46,1959.96,2301.72,True,agmarknet_mimic_v1,42,08efbdb5ab95
27 Aug 2024,2024-08-27,Maharashtra,Pune,Manjri,Onion,FAQ,FAQ,1794.75,2268.88,2031.81,1801.03,True,agmarknet_mimic_v1,42,08efbdb5ab95
28 Aug 2024,2024-08-28,Maharashtra,Pune,Manjri,Onion,Red,FAQ,1758.33,2206.92,1982.63,2339.01,True,agmarknet_mimic_v1,42,08efbdb5ab95
29 Aug 2024,2024-08-29,Maharashtra,Pune,Manjri,Onion,Nasik,FAQ,1715.07,2173.54,1944.31,1702.69,True,agmarknet_mimic_v1,42,08efbdb5ab95
30 Aug 2024,2024-08-30,Maharashtra,Pune,Manjri,Onion,Red,FAQ,1710.61,2189.23,1949.92,2314.87,True,agmarknet_mimic_v1,42,08efbdb5ab95
31 Aug 2024,2024-08-31,Maharashtra,Pune,Manjri,Onion,FAQ,FAQ,1836.08,2289.61,2062.84,2217.22,True,agmarknet_mimic_v1,42,08efbdb5ab95
02 Sep 2024,2024-09-02,Maharashtra,Pune,Manjri,Onion,Nasik,FAQ,1824.78,2289.08,2056.93,1929.59,True,agmarknet_mimic_v1,42,08efbdb5ab95
03 Sep 2024,2024-09-03,Maharashtra,Pune,Manjri,Onion,Red,FAQ,1748.27,2252.72,2000.49,1327.32,True,agmarknet_mimic_v1,42,08efbdb5ab95
04 Sep 2024,2024-09-04,Maharashtra,Pune,Manjri,Onion,Red,FAQ,1762.46,2369.95,2066.21,1694.71,True,agmarknet_mimic_v1,42,08efbdb5ab95
05 Sep 2024,2024-09-05,Maharashtra,Pune,Manjri,Onion,FAQ,FAQ,1772.28,2620.88,2196.58,2331.26,True,agmarknet_mimic_v1,42,08efbdb5ab95
06 Sep 2024,2024-09-06,Maharashtra,Pune,Manjri,Onion,Red,FAQ,1956.4,2522.51,2239.46,2127.41,True,agmarknet_mimic_v1,42,08efbdb5ab95
07 Sep 2024,2024-09-07,Maharashtra,Pune,Manjri,Onion,Red,FAQ,1821.79,2443.64,2132.72,1619.26,True,agmarknet_mimic_v1,42,08efbdb5ab95
09 Sep 2024,2024-09-09,Maharashtra,Pune,Manjri,Onion,Red,FAQ,1789.19,2357.93,2073.56,2731.37,True,agmarknet_mimic_v1,42,08efbdb5ab95
10 Sep 2024,2024-09-10,Maharashtra,Pune,Manjri,Onion,Red,FAQ,1895.28,2582.41,2238.85,1732.52,True,agmarknet_mimic_v1,42,08efbdb5ab95
11 Sep 2024,2024-09-11,Maharashtra,Pune,Manjri,Onion,Nasik,FAQ,1950.62,2480.3,2215.46,1987.07,True,agmarknet_mimic_v1,42,08efbdb5ab95
12 Sep 2024,2024-09-12,Maharashtra,Pune,Manjri,Onion,Nasik,FAQ,1955.4,2491.28,2223.34,2356.16,True,agmarknet_mimic_v1,42,08efbdb5ab95
13 Sep 2024,2024-09-13,Maharashtra,Pune,Manjri,Onion,Red,FAQ,1814.81,2477.27,2146.04,2243.49,True,agmarknet_mimic_v1,42,08efbdb5ab95
14 Sep 2024,2024-09-14,Maharashtra,Pune,Manjri,Onion,FAQ,FAQ,1953.84,2451.15,2202.5,1709.51,True,agmarknet_mimic_v1,42,08efbdb5ab95
16 Sep 2024,2024-09-16,Maharashtra,Pune,Manjri,Onion,Red,FAQ,1860.53,2433.03,2146.78,2533.9,True,agmarknet_mimic_v1,42,08efbdb5ab95
17 Sep 2024,2024-09-17,Maharashtra,Pune,Manjri,Onion,FAQ,FAQ,1754.42,2578.66,2166.54,2403.49,True,agmarknet_mimic_v1,42,08efbdb5ab95
18 Sep 2024,2024-09-18,Maharashtra,Pune,Manjri,Onion,Nasik,FAQ,1819.41,2653.45,2236.43,2284.57,True,agmarknet_mimic_v1,42,08efbdb5ab95
19 Sep 2024,2024-09-19,Maharashtra,Pune,Manjri,Onion,FAQ,FAQ,1938.21,2691.1,2314.65,2149.2,True,agmarknet_mimic_v1,42,08efbdb5ab95
20 Sep 2024,2024-09-20,Maharashtra,Pune,Manjri,Onion,Red,FAQ,1995.11,2608.28,2301.7,2731.61,True,agmarknet_mimic_v1,42,08efbdb5ab95
21 Sep 2024,2024-09-21,Maharashtra,Pune,Manjri,Onion,Nasik,FAQ,1866.81,2680.51,2273.66,1533.44,True,agmarknet_mimic_v1,42,08efbdb5ab95
23 Sep 2024,2024-09-23,Maharashtra,Pune,Manjri,Onion,FAQ,FAQ,1824.58,2670.67,2247.63,3175.35,True,agmarknet_mimic_v1,42,08efbdb5ab95
24 Sep 2024,2024-09-24,Maharashtra,Pune,Manjri,Onion,Red,FAQ,1940.43,2503.65,2222.04,2295.86,True,agmarknet_mimic_v1,42,08efbdb5ab95
25 Sep 2024,2024-09-25,Maharashtra,Pune,Manjri,Onion,FAQ,FAQ,1798.78,2510.78,2154.78,2055.09,True,agmarknet_mimic_v1,42,08efbdb5ab95
26 Sep 2024,2024-09-26,Maharashtra,Pune,Manjri,Onion,Red,FAQ,1714.92,2465.45,2090.19,2798.44,True,agmarknet_mimic_v1,42,08efbdb5ab95
27 Sep 2024,2024-09-27,Maharashtra,Pune,Manjri,Onion,Red,FAQ,1766.86,2344.8,2055.83,1999.27,True,agmarknet_mimic_v1,42,08efbdb5ab95
28 Sep 2024,2024-09-28,Maharashtra,Pune,Manjri,Onion,Nasik,FAQ,1655.45,2325.58,1990.52,2074.13,True,agmarknet_mimic_v1,42,08efbdb5ab95
30 Sep 2024,2024-09-30,Maharashtra,Pune,Manjri,Onion,Nasik,FAQ,1561.45,2228.58,1895.01,2404.27,True,agmarknet_mimic_v1,42,08efbdb5ab95
01 Oct 2024,2024-10-01,Maharashtra,Pune,Manjri,Onion,FAQ,FAQ,1638.81,2392.24,2015.53,2432.66,True,agmarknet_mimic_v1,42,08efbdb5ab95
02 Oct 2024,2024-10-02,Maharashtra,Pune,Manjri,Onion,Nasik,FAQ,1712.16,2282.47,1997.32,2617.75,True,agmarknet_mimic_v1,42,08efbdb5ab95
03 Oct 2024,2024-10-03,Maharashtra,Pune,Manjri,Onion,Nasik,FAQ,1731.22,2302.35,2016.78,2198.46,True,agmarknet_mimic_v1,42,08efbdb5ab95
04 Oct 2024,2024-10-04,Maharashtra,Pune,Manjri,Onion,Nasik,FAQ,1675.87,2246.88,1961.38,1916.62,True,agmarknet_mimic_v1,42,08efbdb5ab95
05 Oct 2024,2024-10-05,Maharashtra,Pune,Manjri,Onion,Nasik,FAQ,1650.41,2329.52,1989.96,2003.25,True,agmarknet_mimic_v1,42,08efbdb5ab95
07 Oct 2024,2024-10-07,Maharashtra,Pune,Manjri,Onion,Nasik,FAQ,1625.16,2214.71,1919.94,2096.47,True,agmarknet_mimic_v1,42,08efbdb5ab95
08 Oct 2024,2024-10-08,Maharashtra,Pune,Manjri,Onion,FAQ,FAQ,1722.96,2197.46,1960.21,2740.63,True,agmarknet_mimic_v1,42,08efbdb5ab95
09 Oct 2024,2024-10-09,Maharashtra,Pune,Manjri,Onion,FAQ,FAQ,1682.34,2148.92,1915.63,2462.21,True,agmarknet_mimic_v1,42,08efbdb5ab95
10 Oct 2024,2024-10-10,Maharashtra,Pune,Manjri,Onion,Nasik,FAQ,1660.49,2284.59,1972.54,3212.9,True,agmarknet_mimic_v1,42,08efbdb5ab95
11 Oct 2024,2024-10-11,Maharashtra,Pune,Manjri,Onion,FAQ,FAQ,1689.7,2201.62,1945.66,2555.63,True,agmarknet_mimic_v1,42,08efbdb5ab95
12 Oct 2024,2024-10-12,Maharashtra,Pune,Manjri,Onion,FAQ,FAQ,1637.25,2137.51,1887.38,2521.34,True,agmarknet_mimic_v1,42,08efbdb5ab95
14 Oct 2024,2024-10-14,Maharashtra,Pune,Manjri,Onion,Red,FAQ,1600.72,2258.8,1929.76,2462.57,True,agmarknet_mimic_v1,42,08efbdb5ab95
15 Oct 2024,2024-10-15,Maharashtra,Pune,Manjri,Onion,FAQ,FAQ,1658.87,2172.0,1915.43,2767.78,True,agmarknet_mimic_v1,42,08efbdb5ab95
16 Oct 2024,2024-10-16,Maharashtra,Pune,Manjri,Onion,FAQ,FAQ,1576.68,2241.44,1909.06,2547.19,True,agmarknet_mimic_v1,42,08efbdb5ab95
17 Oct 2024,2024-10-17,Maharashtra,Pune,Manjri,Onion,Nasik,FAQ,1484.27,2148.59,1816.43,2085.39,True,agmarknet_mimic_v1,42,08efbdb5ab95
18 Oct 2024,2024-10-18,Maharashtra,Pune,Manjri,Onion,Nasik,FAQ,1464.07,2093.12,1778.59,2361.53,True,agmarknet_mimic_v1,42,08efbdb5ab95
19 Oct 2024,2024-10-19,Maharashtra,Pune,Manjri,Onion,Red,FAQ,1447.15,2146.85,1797.0,2258.56,True,agmarknet_mimic_v1,42,08efbdb5ab95
21 Oct 2024,2024-10-21,Maharashtra,Pune,Manjri,Onion,Nasik,FAQ,1511.15,2160.51,1835.83,2506.13,True,agmarknet_mimic_v1,42,08efbdb5ab95
22 Oct 2024,2024-10-22,Maharashtra,Pune,Manjri,Onion,Red,FAQ,1651.85,2287.76,1969.8,2192.59,True,agmarknet_mimic_v1,42,08efbdb5ab95
23 Oct 2024,2024-10-23,Maharashtra,Pune,Manjri,Onion,Nasik,FAQ,1745.01,2162.46,1953.74,2447.88,True,agmarknet_mimic_v1,42,08efbdb5ab95
24 Oct 2024,2024-10-24,Maharashtra,Pune,Manjri,Onion,Nasik,FAQ,1530.68,2152.54,1841.61,2410.82,True,agmarknet_mimic_v1,42,08efbdb5ab95
25 Oct 2024,2024-10-25,Maharashtra,Pune,Manjri,Onion,Nasik,FAQ,1602.86,1991.05,1796.95,2496.95,True,agmarknet_mimic_v1,42,08efbdb5ab95
26 Oct 2024,2024-10-26,Maharashtra,Pune,Manjri,Onion,Red,FAQ,1611.61,2084.61,1848.11,2631.05,True,agmarknet_mimic_v1,42,08efbdb5ab95
28 Oct 2024,2024-10-28,Maharashtra,Pune,Manjri,Onion,FAQ,FAQ,1604.24,2137.04,1870.64,2820.92,True,agmarknet_mimic_v1,42,08efbdb5ab95
29 Oct 2024,2024-10-29,Maharashtra,Pune,Manjri,Onion,Nasik,FAQ,1599.58,2196.65,1898.12,2466.87,True,agmarknet_mimic_v1,42,08efbdb5ab95
30 Oct 2024,2024-10-30,Maharashtra,Pune,Manjri,Onion,FAQ,FAQ,1660.22,2225.98,1943.1,2275.72,True,agmarknet_mimic_v1,42,08efbdb5ab95
31 Oct 2024,2024-10-31,Maharashtra,Pune,Manjri,Onion,Red,FAQ,1675.08,2176.65,1925.86,2210.0,True,agmarknet_mimic_v1,42,08efbdb5ab95
01 Nov 2024,2024-11-01,Maharashtra,Pune,Manjri,Onion,Nasik,FAQ,1651.04,2133.15,1892.09,2444.42,True,agmarknet_mimic_v1,42,08efbdb5ab95
02 Nov 2024,2024-11-02,Maharashtra,Pune,Manjri,Onion,FAQ,FAQ,1572.47,2141.81,1857.14,3065.53,True,agmarknet_mimic_v1,42,08efbdb5ab95
04 Nov 2024,2024-11-04,Maharashtra,Pune,Manjri,Onion,FAQ,FAQ,1435.08,2128.62,1781.85,2369.99,True,agmarknet_mimic_v1,42,08efbdb5ab95
05 Nov 2024,2024-11-05,Maharashtra,Pune,Manjri,Onion,Nasik,FAQ,1471.47,2011.29,1741.38,2973.68,True,agmarknet_mimic_v1,42,08efbdb5ab95
06 Nov 2024,2024-11-06,Maharashtra,Pune,Manjri,Onion,FAQ,FAQ,1411.95,2056.76,1734.36,2951.16,True,agmarknet_mimic_v1,42,08efbdb5ab95
07 Nov 2024,2024-11-07,Maharashtra,Pune,Manjri,Onion,Nasik,FAQ,1431.79,2009.79,1720.79,1930.83,True,agmarknet_mimic_v1,42,08efbdb5ab95
08 Nov 2024,2024-11-08,Maharashtra,Pune,Manjri,Onion,FAQ,FAQ,1555.52,1957.29,1756.41,2605.67,True,agmarknet_mimic_v1,42,08efbdb5ab95
09 Nov 2024,2024-11-09,Maharashtra,Pune,Manjri,Onion,Nasik,FAQ,1438.17,1943.35,1690.76,2797.74,True,agmarknet_mimic_v1,42,08efbdb5ab95
11 Nov 2024,2024-11-11,Maharashtra,Pune,Manjri,Onion,FAQ,FAQ,1404.62,2022.25,1713.44,2770.9,True,agmarknet_mimic_v1,42,08efbdb5ab95
12 Nov 2024,2024-11-12,Maharashtra,Pune,Manjri,Onion,FAQ,FAQ,1489.08,1878.25,1683.67,2679.73,True,agmarknet_mimic_v1,42,08efbdb5ab95
13 Nov 2024,2024-11-13,Maharashtra,Pune,Manjri,Onion,Red,FAQ,1566.1,2007.25,1786.67,2914.91,True,agmarknet_mimic_v1,42,08efbdb5ab95
14 Nov 2024,2024-11-14,Maharashtra,Pune,Manjri,Onion,FAQ,FAQ,1349.54,1864.79,1607.17,3183.21,True,agmarknet_mimic_v1,42,08efbdb5ab95
15 Nov 2024,2024-11-15,Maharashtra,Pune,Manjri,Onion,FAQ,FAQ,1454.77,1816.39,1635.58,2399.84,True,agmarknet_mimic_v1,42,08efbdb5ab95
16 Nov 2024,2024-11-16,Maharashtra,Pune,Manjri,Onion,Red,FAQ,1380.11,1937.2,1658.66,2421.1,True,agmarknet_mimic_v1,42,08efbdb5ab95
18 Nov 2024,2024-11-18,Maharashtra,Pune,Manjri,Onion,Nasik,FAQ,1437.65,1969.43,1703.54,2391.38,True,agmarknet_mimic_v1,42,08efbdb5ab95
19 Nov 2024,2024-11-19,Maharashtra,Pune,Manjri,Onion,Red,FAQ,1457.11,1822.47,1639.79,2300.06,True,agmarknet_mimic_v1,42,08efbdb5ab95
20 Nov 2024,2024-11-20,Maharashtra,Pune,Manjri,Onion,FAQ,FAQ,1492.75,1847.74,1670.25,3062.45,True,agmarknet_mimic_v1,42,08efbdb5ab95
21 Nov 2024,2024-11-21,Maharashtra,Pune,Manjri,Onion,FAQ,FAQ,1426.53,1832.83,1629.68,2325.84,True,agmarknet_mimic_v1,42,08efbdb5ab95
22 Nov 2024,2024-11-22,Maharashtra,Pune,Manjri,Onion,Nasik,FAQ,1321.18,1806.24,1563.71,2674.22,True,agmarknet_mimic_v1,42,08efbdb5ab95
23 Nov 2024,2024-11-23,Maharashtra,Pune,Manjri,Onion,Nasik,FAQ,1326.02,1646.95,1486.49,3228.22,True,agmarknet_mimic_v1,42,08efbdb5ab95
25 Nov 2024,2024-11-25,Maharashtra,Pune,Manjri,Onion,FAQ,FAQ,1248.08,1589.98,1419.03,2672.23,True,agmarknet_mimic_v1,42,08efbdb5ab95
26 Nov 2024,2024-11-26,Maharashtra,Pune,Manjri,Onion,FAQ,FAQ,1370.86,1908.63,1639.75,2592.99,True,agmarknet_mimic_v1,42,08efbdb5ab95
27 Nov 2024,2024-11-27,Maharashtra,Pune,Manjri,Onion,FAQ,FAQ,1273.21,1725.36,1499.29,3492.34,True,agmarknet_mimic_v1,42,08efbdb5ab95
28 Nov 2024,2024-11-28,Maharashtra,Pune,Manjri,Onion,FAQ,FAQ,1213.45,1753.07,1483.26,2604.67,True,agmarknet_mimic_v1,42,08efbdb5ab95
29 Nov 2024,2024-11-29,Maharashtra,Pune,Manjri,Onion,Red,FAQ,1295.78,1702.4,1499.09,2504.87,True,agmarknet_mimic_v1,42,08efbdb5ab95
30 Nov 2024,2024-11-30,Maharashtra,Pune,Manjri,Onion,FAQ,FAQ,1231.03,1674.97,1453.0,3272.35,True,agmarknet_mimic_v1,42,08efbdb5ab95
02 Dec 2024,2024-12-02,Maharashtra,Pune,Manjri,Onion,Red,FAQ,1257.81,1690.86,1474.34,2289.9,True,agmarknet_mimic_v1,42,08efbdb5ab95
03 Dec 2024,2024-12-03,Maharashtra,Pune,Manjri,Onion,Nasik,FAQ,1210.54,1783.35,1496.95,2711.93,True,agmarknet_mimic_v1,42,08efbdb5ab95
04 Dec 2024,2024-12-04,Maharashtra,Pune,Manjri,Onion,Red,FAQ,1175.38,1645.74,1410.56,2769.84,True,agmarknet_mimic_v1,42,08efbdb5ab95
05 Dec 2024,2024-12-05,Maharashtra,Pune,Manjri,Onion,Red,FAQ,1160.39,1664.3,1412.35,3279.57,True,agmarknet_mimic_v1,42,08efbdb5ab95
06 Dec 2024,2024-12-06,Maharashtra,Pune,Manjri,Onion,FAQ,FAQ,1090.66,1578.02,1334.34,2869.63,True,agmarknet_mimic_v1,42,08efbdb5ab95
07 Dec 2024,2024-12-07,Maharashtra,Pune,Manjri,Onion,FAQ,FAQ,1148.51,1526.88,1337.69,2282.99,True,agmarknet_mimic_v1,42,08efbdb5ab95
09 Dec 2024,2024-12-09,Maharashtra,Pune,Manjri,Onion,Red,FAQ,1242.3,1535.84,1389.07,2557.42,True,agmarknet_mimic_v1,42,08efbdb5ab95
10 Dec 2024,2024-12-10,Maharashtra,Pune,Manjri,Onion,FAQ,FAQ,1330.3,1681.74,1506.02,3242.01,True,agmarknet_mimic_v1,42,08efbdb5ab95
11 Dec 2024,2024-12-11,Maharashtra,Pune,Manjri,Onion,Red,FAQ,1257.76,1615.39,1436.57,3902.55,True,agmarknet_mimic_v1,42,08efbdb5ab95
12 Dec 2024,2024-12-12,Maharashtra,Pune,Manjri,Onion,Red,FAQ,1296.55,1625.55,1461.05,3332.0,True,agmarknet_mimic_v1,42,08efbdb5ab95
13 Dec 2024,2024-12-13,Maharashtra,Pune,Manjri,Onion,Red,FAQ,1232.48,1765.75,1499.11,3231.02,True,agmarknet_mimic_v1,42,08efbdb5ab95
14 Dec 2024,2024-12-14,Maharashtra,Pune,Manjri,Onion,Red,FAQ,1135.05,1561.14,1348.09,3252.96,True,agmarknet_mimic_v1,42,08efbdb5ab95
16 Dec 2024,2024-12-16,Maharashtra,Pune,Manjri,Onion,FAQ,FAQ,990.01,1393.4,1191.71,3946.02,True,agmarknet_mimic_v1,42,08efbdb5ab95
17 Dec 2024,2024-12-17,Maharashtra,Pune,Manjri,Onion,Nasik,FAQ,1131.89,1400.59,1266.24,3162.86,True,agmarknet_mimic_v1,42,08efbdb5ab95
18 Dec 2024,2024-12-18,Maharashtra,Pune,Manjri,Onion,Nasik,FAQ,1065.1,1563.47,1314.29,3180.82,True,agmarknet_mimic_v1,42,08efbdb5ab95
19 Dec 2024,2024-12-19,Maharashtra,Pune,Manjri,Onion,FAQ,FAQ,1073.53,1534.73,1304.13,3126.45,True,agmarknet_mimic_v1,42,08efbdb5ab95
20 Dec 2024,2024-12-20,Maharashtra,Pune,Manjri,Onion,FAQ,FAQ,1073.21,1484.4,1278.81,3638.17,True,agmarknet_mimic_v1,42,08efbdb5ab95
21 Dec 2024,2024-12-21,Maharashtra,Pune,Manjri,Onion,Nasik,FAQ,1049.5,1515.97,1282.74,3047.81,True,agmarknet_mimic_v1,42,08efbdb5ab95
23 Dec 2024,2024-12-23,Maharashtra,Pune,Manjri,Onion,FAQ,FAQ,1081.93,1496.14,1289.04,2761.43,True,agmarknet_mimic_v1,42,08efbdb5ab95
24 Dec 2024,2024-12-24,Maharashtra,Pune,Manjri,Onion,Red,FAQ,1028.33,1404.4,1216.37,3365.32,True,agmarknet_mimic_v1,42,08efbdb5ab95
25 Dec 2024,2024-12-25,Maharashtra,Pune,Manjri,Onion,FAQ,FAQ,936.55,1369.74,1153.15,3659.89,True,agmarknet_mimic_v1,42,08efbdb5ab95
26 Dec 2024,2024-12-26,Maharashtra,Pune,Manjri,Onion,Red,FAQ,1051.97,1314.9,1183.44,3759.33,True,agmarknet_mimic_v1,42,08efbdb5ab95
27 Dec 2024,2024-12-27,Maharashtra,Pune,Manjri,Onion,FAQ,FAQ,1074.63,1331.19,1202.91,3323.53,True,agmarknet_mimic_v1,42,08efbdb5ab95
28 Dec 2024,2024-12-28,Maharashtra,Pune,Manjri,Onion,Red,FAQ,967.26,1386.29,1176.77,3257.57,True,agmarknet_mimic_v1,42,08efbdb5ab95
30 Dec 2024,2024-12-30,Maharashtra,Pune,Manjri,Onion,Red,FAQ,949.99,1224.12,1087.06,2866.49,True,agmarknet_mimic_v1,42,08efbdb5ab95
31 Dec 2024,2024-12-31,Maharashtra,Pune,Manjri,Onion,FAQ,FAQ,869.28,1235.37,1052.33,3001.33,True,agmarknet_mimic_v1,42,08efbdb5ab95
01 Jan 2025,2025-01-01,Maharashtra,Pune,Manjri,Onion,Nasik,FAQ,948.15,1210.32,1079.23,3815.98,True,agmarknet_mimic_v1,42,08efbdb5ab95
02 Jan 2025,2025-01-02,Maharashtra,Pune,Manjri,Onion,Red,FAQ,938.41,1169.61,1054.01,3453.73,True,agmarknet_mimic_v1,42,08efbdb5ab95
03 Jan 2025,2025-01-03,Maharashtra,Pune,Manjri,Onion,FAQ,FAQ,865.37,1131.45,998.41,2627.59,True,agmarknet_mimic_v1,42,08efbdb5ab95
04 Jan 2025,2025-01-04,Maharashtra,Pune,Manjri,Onion,FAQ,FAQ,933.61,1204.88,1069.25,3146.68,True,agmarknet_mimic_v1,42,08efbdb5ab95
06 Jan 2025,2025-01-06,Maharashtra,Pune,Manjri,Onion,Nasik,FAQ,936.3,1325.36,1130.83,2958.89,True,agmarknet_mimic_v1,42,08efbdb5ab95
07 Jan 2025,2025-01-07,Maharashtra,Pune,Manjri,Onion,FAQ,FAQ,984.14,1353.46,1168.8,3123.23,True,agmarknet_mimic_v1,42,08efbdb5ab95
08 Jan 2025,2025-01-08,Maharashtra,Pune,Manjri,Onion,Nasik,FAQ,1033.53,1303.96,1168.75,3238.58,True,agmarknet_mimic_v1,42,08efbdb5ab95
09 Jan 2025,2025-01-09,Maharashtra,Pune,Manjri,Onion,Nasik,FAQ,897.97,1235.35,1066.66,3460.68,True,agmarknet_mimic_v1,42,08efbdb5ab95
10 Jan 2025,2025-01-10,Maharashtra,Pune,Manjri,Onion,FAQ,FAQ,880.6,1282.15,1081.37,3604.88,True,agmarknet_mimic_v1,42,08efbdb5ab95
11 Jan 2025,2025-01-11,Maharashtra,Pune,Manjri,Onion,Red,FAQ,913.05,1195.15,1054.1,2962.77,True,agmarknet_mimic_v1,42,08efbdb5ab95
13 Jan 2025,2025-01-13,Maharashtra,Pune,Manjri,Onion,Nasik,FAQ,718.86,1050.36,884.61,3156.86,True,agmarknet_mimic_v1,42,08efbdb5ab95
14 Jan 2025,2025-01-14,Maharashtra,Pune,Manjri,Onion,Nasik,FAQ,721.68,1016.92,869.3,3066.9,True,agmarknet_mimic_v1,42,08efbdb5ab95
15 Jan 2025,2025-01-15,Maharashtra,Pune,Manjri,Onion,Red,FAQ,740.74,1005.68,873.21,3172.7,True,agmarknet_mimic_v1,42,08efbdb5ab95
16 Jan 2025,2025-01-16,Maharashtra,Pune,Manjri,Onion,Nasik,FAQ,671.96,898.99,785.47,3822.35,True,agmarknet_mimic_v1,42,08efbdb5ab95
17 Jan 2025,2025-01-17,Maharashtra,Pune,Manjri,Onion,FAQ,FAQ,689.34,981.88,835.61,3097.74,True,agmarknet_mimic_v1,42,08efbdb5ab95
18 Jan 2025,2025-01-18,Maharashtra,Pune,Manjri,Onion,FAQ,FAQ,854.66,1058.93,956.79,3181.75,True,agmarknet_mimic_v1,42,08efbdb5ab95
20 Jan 2025,2025-01-20,Maharashtra,Pune,Manjri,Onion,Nasik,FAQ,740.7,1083.08,911.89,3357.0,True,agmarknet_mimic_v1,42,08efbdb5ab95
21 Jan 2025,2025-01-21,Maharashtra,Pune,Manjri,Onion,Nasik,FAQ,807.88,1027.6,917.74,4139.72,True,agmarknet_mimic_v1,42,08efbdb5ab95
22 Jan 2025,2025-01-22,Maharashtra,Pune,Manjri,Onion,Red,FAQ,681.29,864.57,772.93,3371.48,True,agmarknet_mimic_v1,42,08efbdb5ab95
23 Jan 2025,2025-01-23,Maharashtra,Pune,Manjri,Onion,FAQ,FAQ,713.15,882.72,797.93,3348.19,True,agmarknet_mimic_v1,42,08efbdb5ab95
24 Jan 2025,2025-01-24,Maharashtra,Pune,Manjri,Onion,Nasik,FAQ,751.99,959.47,855.73,3004.96,True,agmarknet_mimic_v1,42,08efbdb5ab95
25 Jan 2025,2025-01-25,Maharashtra,Pune,Manjri,Onion,Nasik,FAQ,890.84,1225.93,1058.38,3399.03,True,agmarknet_mimic_v1,42,08efbdb5ab95
27 Jan 2025,2025-01-27,Maharashtra,Pune,Manjri,Onion,Red,FAQ,920.39,1186.53,1053.46,3197.03,True,agmarknet_mimic_v1,42,08efbdb5ab95
28 Jan 2025,2025-01-28,Maharashtra,Pune,Manjri,Onion,Red,FAQ,901.4,1313.82,1107.61,3576.44,True,agmarknet_mimic_v1,42,08efbdb5ab95
29 Jan 2025,2025-01-29,Maharashtra,Pune,Manjri,Onion,Nasik,FAQ,1017.06,1393.21,1205.14,3936.57,True,agmarknet_mimic_v1,42,08efbdb5ab95
30 Jan 2025,2025-01-30,Maharashtra,Pune,Manjri,Onion,Nasik,FAQ,1076.38,1402.83,1239.61,3042.54,True,agmarknet_mimic_v1,42,08efbdb5ab95
31 Jan 2025,2025-01-31,Maharashtra,Pune,Manjri,Onion,Red,FAQ,976.09,1416.32,1196.2,3006.54,True,agmarknet_mimic_v1,42,08efbdb5ab95
01 Feb 2025,2025-02-01,Maharashtra,Pune,Manjri,Onion,Nasik,FAQ,904.4,1214.2,1059.3,3069.15,True,agmarknet_mimic_v1,42,08efbdb5ab95
03 Feb 2025,2025-02-03,Maharashtra,Pune,Manjri,Onion,Nasik,FAQ,921.88,1142.4,1032.14,2762.31,True,agmarknet_mimic_v1,42,08efbdb5ab95
04 Feb 2025,2025-02-04,Maharashtra,Pune,Manjri,Onion,Red,FAQ,753.9,1049.28,901.59,3290.72,True,agmarknet_mimic_v1,42,08efbdb5ab95
05 Feb 2025,2025-02-05,Maharashtra,Pune,Manjri,Onion,Nasik,FAQ,755.18,958.04,856.61,2545.2,True,agmarknet_mimic_v1,42,08efbdb5ab95
06 Feb 2025,2025-02-06,Maharashtra,Pune,Manjri,Onion,Nasik,FAQ,676.98,972.6,824.79,3408.97,True,agmarknet_mimic_v1,42,08efbdb5ab95
07 Feb 2025,2025-02-07,Maharashtra,Pune,Manjri,Onion,Nasik,FAQ,673.25,993.71,833.48,3222.53,True,agmarknet_mimic_v1,42,08efbdb5ab95
08 Feb 2025,2025-02-08,Maharashtra,Pune,Manjri,Onion,FAQ,FAQ,784.09,997.73,890.91,2864.35,True,agmarknet_mimic_v1,42,08efbdb5ab95
10 Feb 2025,2025-02-10,Maharashtra,Pune,Manjri,Onion,FAQ,FAQ,798.53,1164.68,981.6,3015.35,True,agmarknet_mimic_v1,42,08efbdb5ab95
11 Feb 2025,2025-02-11,Maharashtra,Pune,Manjri,Onion,Red,FAQ,884.23,1099.78,992.01,2496.45,True,agmarknet_mimic_v1,42,08efbdb5ab95
12 Feb 2025,2025-02-12,Maharashtra,Pune,Manjri,Onion,Nasik,FAQ,819.88,1057.15,938.52,3404.55,True,agmarknet_mimic_v1,42,08efbdb5ab95
13 Feb 2025,2025-02-13,Maharashtra,Pune,Manjri,Onion,FAQ,FAQ,703.92,945.23,824.58,3023.03,True,agmarknet_mimic_v1,42,08efbdb5ab95
14 Feb 2025,2025-02-14,Maharashtra,Pune,Manjri,Onion,FAQ,FAQ,637.4,922.56,779.98,3186.12,True,agmarknet_mimic_v1,42,08efbdb5ab95
15 Feb 2025,2025-02-15,Maharashtra,Pune,Manjri,Onion,FAQ,FAQ,756.1,952.77,854.43,3335.82,True,agmarknet_mimic_v1,42,08efbdb5ab95
17 Feb 2025,2025-02-17,Maharashtra,Pune,Manjri,Onion,Nasik,FAQ,714.49,1031.44,872.97,2445.55,True,agmarknet_mimic_v1,42,08efbdb5ab95
18 Feb 2025,2025-02-18,Maharashtra,Pune,Manjri,Onion,FAQ,FAQ,877.67,1138.64,1008.15,3532.2,True,agmarknet_mimic_v1,42,08efbdb5ab95
19 Feb 2025,2025-02-19,Maharashtra,Pune,Manjri,Onion,Nasik,FAQ,792.41,1145.16,968.79,3140.93,True,agmarknet_mimic_v1,42,08efbdb5ab95
20 Feb 2025,2025-02-20,Maharashtra,Pune,Manjri,Onion,FAQ,FAQ,851.41,1142.42,996.92,2661.82,True,agmarknet_mimic_v1,42,08efbdb5ab95
21 Feb 2025,2025-02-21,Maharashtra,Pune,Manjri,Onion,Nasik,FAQ,872.06,1157.81,1014.94,2779.82,True,agmarknet_mimic_v1,42,08efbdb5ab95
22 Feb 2025,2025-02-22,Maharashtra,Pune,Manjri,Onion,FAQ,FAQ,935.93,1327.69,1131.81,3507.84,True,agmarknet_mimic_v1,42,08efbdb5ab95
24 Feb 2025,2025-02-24,Maharashtra,Pune,Manjri,Onion,Nasik,FAQ,941.43,1365.91,1153.67,2383.72,True,agmarknet_mimic_v1,42,08efbdb5ab95
25 Feb 2025,2025-02-25,Maharashtra,Pune,Manjri,Onion,FAQ,FAQ,1083.25,1412.8,1248.03,3294.35,True,agmarknet_mimic_v1,42,08efbdb5ab95
26 Feb 2025,2025-02-26,Maharashtra,Pune,Manjri,Onion,Red,FAQ,1074.8,1387.73,1231.26,3471.89,True,agmarknet_mimic_v1,42,08efbdb5ab95
27 Feb 2025,2025-02-27,Maharashtra,Pune,Manjri,Onion,Nasik,FAQ,1029.36,1464.86,1247.11,3511.5,True,agmarknet_mimic_v1,42,08efbdb5ab95
28 Feb 2025,2025-02-28,Maharashtra,Pune,Manjri,Onion,FAQ,FAQ,1070.69,1509.84,1290.27,2734.93,True,agmarknet_mimic_v1,42,08efbdb5ab95
01 Mar 2025,2025-03-01,Maharashtra,Pune,Manjri,Onion,Nasik,FAQ,1029.24,1405.59,1217.42,3053.28,True,agmarknet_mimic_v1,42,08efbdb5ab95
03 Mar 2025,2025-03-03,Maharashtra,Pune,Manjri,Onion,Red,FAQ,1027.09,1384.86,1205.98,2955.87,True,agmarknet_mimic_v1,42,08efbdb5ab95
04 Mar 2025,2025-03-04,Maharashtra,Pune,Manjri,Onion,Red,FAQ,922.05,1286.35,1104.2,3110.59,True,agmarknet_mimic_v1,42,08efbdb5ab95
05 Mar 2025,2025-03-05,Maharashtra,Pune,Manjri,Onion,Nasik,FAQ,1046.75,1299.35,1173.05,3268.56,True,agmarknet_mimic_v1,42,08efbdb5ab95
06 Mar 2025,2025-03-06,Maharashtra,Pune,Manjri,Onion,FAQ,FAQ,943.17,1242.61,1092.89,3079.5,True,agmarknet_mimic_v1,42,08efbdb5ab95
07 Mar 2025,2025-03-07,Maharashtra,Pune,Manjri,Onion,FAQ,FAQ,919.95,1297.64,1108.8,2985.24,True,agmarknet_mimic_v1,42,08efbdb5ab95
08 Mar 2025,2025-03-08,Maharashtra,Pune,Manjri,Onion,Nasik,FAQ,881.85,1234.15,1058.0,2947.06,True,agmarknet_mimic_v1,42,08efbdb5ab95
10 Mar 2025,2025-03-10,Maharashtra,Pune,Manjri,Onion,FAQ,FAQ,896.71,1269.65,1083.18,2832.03,True,agmarknet_mimic_v1,42,08efbdb5ab95
11 Mar 2025,2025-03-11,Maharashtra,Pune,Manjri,Onion,Nasik,FAQ,911.58,1130.49,1021.04,3138.06,True,agmarknet_mimic_v1,42,08efbdb5ab95
12 Mar 2025,2025-03-12,Maharashtra,Pune,Manjri,Onion,FAQ,FAQ,881.36,1144.01,1012.69,2693.11,True,agmarknet_mimic_v1,42,08efbdb5ab95
13 Mar 2025,2025-03-13,Maharashtra,Pune,Manjri,Onion,Red,FAQ,884.61,1232.82,1058.71,2881.08,True,agmarknet_mimic_v1,42,08efbdb5ab95
14 Mar 2025,2025-03-14,Maharashtra,Pune,Manjri,Onion,Red,FAQ,883.51,1212.18,1047.84,3095.01,True,agmarknet_mimic_v1,42,08efbdb5ab95
15 Mar 2025,2025-03-15,Maharashtra,Pune,Manjri,Onion,Nasik,FAQ,948.37,1206.15,1077.26,3794.98,True,agmarknet_mimic_v1,42,08efbdb5ab95
17 Mar 2025,2025-03-17,Maharashtra,Pune,Manjri,Onion,FAQ,FAQ,923.27,1325.65,1124.46,3538.19,True,agmarknet_mimic_v1,42,08efbdb5ab95
18 Mar 2025,2025-03-18,Maharashtra,Pune,Manjri,Onion,Nasik,FAQ,1069.43,1338.6,1204.02,3052.51,True,agmarknet_mimic_v1,42,08efbdb5ab95
19 Mar 2025,2025-03-19,Maharashtra,Pune,Manjri,Onion,FAQ,FAQ,957.16,1415.91,1186.54,2997.92,True,agmarknet_mimic_v1,42,08efbdb5ab95
20 Mar 2025,2025-03-20,Maharashtra,Pune,Manjri,Onion,Red,FAQ,1034.87,1401.6,1218.24,3005.16,True,agmarknet_mimic_v1,42,08efbdb5ab95
21 Mar 2025,2025-03-21,Maharashtra,Pune,Manjri,Onion,Nasik,FAQ,1081.1,1393.35,1237.23,3470.22,True,agmarknet_mimic_v1,42,08efbdb5ab95
22 Mar 2025,2025-03-22,Maharashtra,Pune,Manjri,Onion,Red,FAQ,1038.96,1331.06,1185.01,2706.47,True,agmarknet_mimic_v1,42,08efbdb5ab95
24 Mar 2025,2025-03-24,Maharashtra,Pune,Manjri,Onion,FAQ,FAQ,1010.7,1289.91,1150.3,2445.76,True,agmarknet_mimic_v1,42,08efbdb5ab95
25 Mar 2025,2025-03-25,Maharashtra,Pune,Manjri,Onion,Nasik,FAQ,1005.09,1391.05,1198.07,2621.38,True,agmarknet_mimic_v1,42,08efbdb5ab95
26 Mar 2025,2025-03-26,Maharashtra,Pune,Manjri,Onion,FAQ,FAQ,1028.28,1443.52,1235.9,2234.18,True,agmarknet_mimic_v1,42,08efbdb5ab95
27 Mar 2025,2025-03-27,Maharashtra,Pune,Manjri,Onion,Red,FAQ,1158.56,1488.38,1323.47,3082.4,True,agmarknet_mimic_v1,42,08efbdb5ab95
28 Mar 2025,2025-03-28,Maharashtra,Pune,Manjri,Onion,FAQ,FAQ,1244.32,1623.86,1434.09,2396.85,True,agmarknet_mimic_v1,42,08efbdb5ab95
29 Mar 2025,2025-03-29,Maharashtra,Pune,Manjri,Onion,Nasik,FAQ,1189.61,1558.02,1373.82,2667.79,True,agmarknet_mimic_v1,42,08efbdb5ab95
31 Mar 2025,2025-03-31,Maharashtra,Pune,Manjri,Onion,Red,FAQ,1248.75,1672.97,1460.86,2783.02,True,agmarknet_mimic_v1,42,08efbdb5ab95
01 Apr 2025,2025-04-01,Maharashtra,Pune,Manjri,Onion,FAQ,FAQ,1230.81,1806.26,1518.54,2680.22,True,agmarknet_mimic_v1,42,08efbdb5ab95
02 Apr 2025,2025-04-02,Maharashtra,Pune,Manjri,Onion,FAQ,FAQ,1175.12,1626.31,1400.71,3025.88,True,agmarknet_mimic_v1,42,08efbdb5ab95
03 Apr 2025,2025-04-03,Maharashtra,Pune,Manjri,Onion,Nasik,FAQ,1176.77,1505.52,1341.14,2670.97,True,agmarknet_mimic_v1,42,08efbdb5ab95
04 Apr 2025,2025-04-04,Maharashtra,Pune,Manjri,Onion,Red,FAQ,1230.85,1612.87,1421.86,2625.41,True,agmarknet_mimic_v1,42,08efbdb5ab95
05 Apr 2025,2025-04-05,Maharashtra,Pune,Manjri,Onion,Red,FAQ,1282.32,1598.56,1440.44,3242.1,True,agmarknet_mimic_v1,42,08efbdb5ab95
07 Apr 2025,2025-04-07,Maharashtra,Pune,Manjri,Onion,FAQ,FAQ,1282.46,1648.49,1465.47,2125.9,True,agmarknet_mimic_v1,42,08efbdb5ab95
08 Apr 2025,2025-04-08,Maharashtra,Pune,Manjri,Onion,Nasik,FAQ,1252.88,1686.91,1469.89,2336.4,True,agmarknet_mimic_v1,42,08efbdb5ab95
09 Apr 2025,2025-04-09,Maharashtra,Pune,Manjri,Onion,Red,FAQ,1141.93,1669.51,1405.72,3067.45,True,agmarknet_mimic_v1,42,08efbdb5ab95
10 Apr 2025,2025-04-10,Maharashtra,Pune,Manjri,Onion,Nasik,FAQ,1226.4,1648.2,1437.3,2299.64,True,agmarknet_mimic_v1,42,08efbdb5ab95
11 Apr 2025,2025-04-11,Maharashtra,Pune,Manjri,Onion,FAQ,FAQ,1281.9,1618.98,1450.44,2539.71,True,agmarknet_mimic_v1,42,08efbdb5ab95
12 Apr 2025,2025-04-12,Maharashtra,Pune,Manjri,Onion,FAQ,FAQ,1256.17,1824.15,1540.16,2337.98,True,agmarknet_mimic_v1,42,08efbdb5ab95
14 Apr 2025,2025-04-14,Maharashtra,Pune,Manjri,Onion,Nasik,FAQ,1250.31,1750.74,1500.53,2762.59,True,agmarknet_mimic_v1,42,08efbdb5ab95
15 Apr 2025,2025-04-15,Maharashtra,Pune,Manjri,Onion,Red,FAQ,1439.33,1804.15,1621.74,2754.7,True,agmarknet_mimic_v1,42,08efbdb5ab95
16 Apr 2025,2025-04-16,Maharashtra,Pune,Manjri,Onion,Nasik,FAQ,1441.15,1893.42,1667.29,2853.01,True,agmarknet_mimic_v1,42,08efbdb5ab95
17 Apr 2025,2025-04-17,Maharashtra,Pune,Manjri,Onion,Red,FAQ,1438.09,1786.85,1612.47,2517.84,True,agmarknet_mimic_v1,42,08efbdb5ab95
18 Apr 2025,2025-04-18,Maharashtra,Pune,Manjri,Onion,Nasik,FAQ,1432.9,1805.38,1619.14,2661.96,True,agmarknet_mimic_v1,42,08efbdb5ab95
19 Apr 2025,2025-04-19,Maharashtra,Pune,Manjri,Onion,FAQ,FAQ,1354.42,1964.09,1659.25,2249.8,True,agmarknet_mimic_v1,42,08efbdb5ab95
21 Apr 2025,2025-04-21,Maharashtra,Pune,Manjri,Onion,Red,FAQ,1367.37,1932.83,1650.1,2687.14,True,agmarknet_mimic_v1,42,08efbdb5ab95
22 Apr 2025,2025-04-22,Maharashtra,Pune,Manjri,Onion,Red,FAQ,1371.89,1982.74,1677.32,2698.29,True,agmarknet_mimic_v1,42,08efbdb5ab95
23 Apr 2025,2025-04-23,Maharashtra,Pune,Manjri,Onion,Nasik,FAQ,1262.04,1780.6,1521.32,2839.67,True,agmarknet_mimic_v1,42,08efbdb5ab95
24 Apr 2025,2025-04-24,Maharashtra,Pune,Manjri,Onion,Red,FAQ,1266.15,1767.17,1516.66,2602.14,True,agmarknet_mimic_v1,42,08efbdb5ab95
25 Apr 2025,2025-04-25,Maharashtra,Pune,Manjri,Onion,Nasik,FAQ,1252.17,1782.72,1517.44,2728.19,True,agmarknet_mimic_v1,42,08efbdb5ab95
26 Apr 2025,2025-04-26,Maharashtra,Pune,Manjri,Onion,FAQ,FAQ,1410.87,1854.3,1632.58,2358.75,True,agmarknet_mimic_v1,42,08efbdb5ab95
28 Apr 2025,2025-04-28,Maharashtra,Pune,Manjri,Onion,Red,FAQ,1489.6,1988.79,1739.2,2405.43,True,agmarknet_mimic_v1,42,08efbdb5ab95
29 Apr 2025,2025-04-29,Maharashtra,Pune,Manjri,Onion,Nasik,FAQ,1498.92,2070.23,1784.57,2372.69,True,agmarknet_mimic_v1,42,08efbdb5ab95
30 Apr 2025,2025-04-30,Maharashtra,Pune,Manjri,Onion,Nasik,FAQ,1600.45,2104.41,1852.43,2778.48,True,agmarknet_mimic_v1,42,08efbdb5ab95
01 May 2025,2025-05-01,Maharashtra,Pune,Manjri,Onion,Red,FAQ,1623.78,2059.83,1841.8,2701.53,True,agmarknet_mimic_v1,42,08efbdb5ab95
02 May 2025,2025-05-02,Maharashtra,Pune,Manjri,Onion,Nasik,FAQ,1547.79,2137.95,1842.87,2971.47,True,agmarknet_mimic_v1,42,08efbdb5ab95
03 May 2025,2025-05-03,Maharashtra,Pune,Manjri,Onion,Red,FAQ,1448.85,2073.7,1761.28,2514.32,True,agmarknet_mimic_v1,42,08efbdb5ab95
05 May 2025,2025-05-05,Maharashtra,Pune,Manjri,Onion,Nasik,FAQ,1505.29,1969.05,1737.17,2256.66,True,agmarknet_mimic_v1,42,08efbdb5ab95
06 May 2025,2025-05-06,Maharashtra,Pune,Manjri,Onion,Nasik,FAQ,1614.9,2081.8,1848.35,2080.05,True,agmarknet_mimic_v1,42,08efbdb5ab95
07 May 2025,2025-05-07,Maharashtra,Pune,Manjri,Onion,FAQ,FAQ,1674.34,2085.94,1880.14,2433.29,True,agmarknet_mimic_v1,42,08efbdb5ab95
08 May 2025,2025-05-08,Maharashtra,Pune,Manjri,Onion,Nasik,FAQ,1643.99,2108.77,1876.38,3131.83,True,agmarknet_mimic_v1,42,08efbdb5ab95
09 May 2025,2025-05-09,Maharashtra,Pune,Manjri,Onion,FAQ,FAQ,1631.44,2040.67,1836.06,2173.26,True,agmarknet_mimic_v1,42,08efbdb5ab95
10 May 2025,2025-05-10,Maharashtra,Pune,Manjri,Onion,FAQ,FAQ,1486.44,2054.98,1770.71,1841.35,True,agmarknet_mimic_v1,42,08efbdb5ab95
12 May 2025,2025-05-12,Maharashtra,Pune,Manjri,Onion,Red,FAQ,1446.0,1967.12,1706.56,1965.05,True,agmarknet_mimic_v1,42,08efbdb5ab95
13 May 2025,2025-05-13,Maharashtra,Pune,Manjri,Onion,Nasik,FAQ,1240.05,1814.91,1527.48,2231.28,True,agmarknet_mimic_v1,42,08efbdb5ab95
14 May 2025,2025-05-14,Maharashtra,Pune,Manjri,Onion,Nasik,FAQ,1480.31,1849.48,1664.89,2732.04,True,agmarknet_mimic_v1,42,08efbdb5ab95
15 May 2025,2025-05-15,Maharashtra,Pune,Manjri,Onion,FAQ,FAQ,1436.01,1944.18,1690.1,2081.99,True,agmarknet_mimic_v1,42,08efbdb5ab95
16 May 2025,2025-05-16,Maharashtra,Pune,Manjri,Onion,Nasik,FAQ,1450.63,1882.33,1666.48,2300.3,True,agmarknet_mimic_v1,42,08efbdb5ab95
17 May 2025,2025-05-17,Maharashtra,Pune,Manjri,Onion,Red,FAQ,1432.3,1838.88,1635.59,2542.67,True,agmarknet_mimic_v1,42,08efbdb5ab95
19 May 2025,2025-05-19,Maharashtra,Pune,Manjri,Onion,Nasik,FAQ,1502.45,1856.47,1679.46,2044.94,True,agmarknet_mimic_v1,42,08efbdb5ab95
20 May 2025,2025-05-20,Maharashtra,Pune,Manjri,Onion,Nasik,FAQ,1522.93,1906.13,1714.53,2009.9,True,agmarknet_mimic_v1,42,08efbdb5ab95
21 May 2025,2025-05-21,Maharashtra,Pune,Manjri,Onion,Red,FAQ,1437.54,2001.52,1719.53,2097.8,True,agmarknet_mimic_v1,42,08efbdb5ab95
22 May 2025,2025-05-22,Maharashtra,Pune,Manjri,Onion,Nasik,FAQ,1549.09,2263.9,1906.49,2841.55,True,agmarknet_mimic_v1,42,08efbdb5ab95
23 May 2025,2025-05-23,Maharashtra,Pune,Manjri,Onion,FAQ,FAQ,1758.68,2301.53,2030.1,1386.36,True,agmarknet_mimic_v1,42,08efbdb5ab95
24 May 2025,2025-05-24,Maharashtra,Pune,Manjri,Onion,FAQ,FAQ,1697.52,2292.87,1995.19,2397.75,True,agmarknet_mimic_v1,42,08efbdb5ab95
26 May 2025,2025-05-26,Maharashtra,Pune,Manjri,Onion,Red,FAQ,1800.8,2355.34,2078.07,2629.36,True,agmarknet_mimic_v1,42,08efbdb5ab95
27 May 2025,2025-05-27,Maharashtra,Pune,Manjri,Onion,Nasik,FAQ,1712.02,2307.41,2009.71,2929.61,True,agmarknet_mimic_v1,42,08efbdb5ab95
28 May 2025,2025-05-28,Maharashtra,Pune,Manjri,Onion,FAQ,FAQ,1726.67,2214.54,1970.6,2075.53,True,agmarknet_mimic_v1,42,08efbdb5ab95
29 May 2025,2025-05-29,Maharashtra,Pune,Manjri,Onion,Red,FAQ,1587.38,2276.4,1931.89,1751.01,True,agmarknet_mimic_v1,42,08efbdb5ab95
30 May 2025,2025-05-30,Maharashtra,Pune,Manjri,Onion,Nasik,FAQ,1631.23,2181.22,1906.23,2418.37,True,agmarknet_mimic_v1,42,08efbdb5ab95
31 May 2025,2025-05-31,Maharashtra,Pune,Manjri,Onion,Nasik,FAQ,1616.4,2261.19,1938.79,2257.97,True,agmarknet_mimic_v1,42,08efbdb5ab95
02 Jun 2025,2025-06-02,Maharashtra,Pune,Manjri,Onion,FAQ,FAQ,1785.34,2210.64,1997.99,2698.05,True,agmarknet_mimic_v1,42,08efbdb5ab95
03 Jun 2025,2025-06-03,Maharashtra,Pune,Manjri,Onion,Nasik,FAQ,1698.21,2314.81,2006.51,2104.83,True,agmarknet_mimic_v1,42,08efbdb5ab95
04 Jun 2025,2025-06-04,Maharashtra,Pune,Manjri,Onion,FAQ,FAQ,1696.58,2366.32,2031.45,2499.51,True,agmarknet_mimic_v1,42,08efbdb5ab95
05 Jun 2025,2025-06-05,Maharashtra,Pune,Manjri,Onion,FAQ,FAQ,1772.67,2355.56,2064.11,1976.53,True,agmarknet_mimic_v1,42,08efbdb5ab95
06 Jun 2025,2025-06-06,Maharashtra,Pune,Manjri,Onion,Nasik,FAQ,1702.94,2485.34,2094.14,2690.5,True,agmarknet_mimic_v1,42,08efbdb5ab95
07 Jun 2025,2025-06-07,Maharashtra,Pune,Manjri,Onion,Red,FAQ,1699.76,2378.39,2039.07,2883.61,True,agmarknet_mimic_v1,42,08efbdb5ab95
09 Jun 2025,2025-06-09,Maharashtra,Pune,Manjri,Onion,Red,FAQ,1799.51,2251.77,2025.64,2319.22,True,agmarknet_mimic_v1,42,08efbdb5ab95
10 Jun 2025,2025-06-10,Maharashtra,Pune,Manjri,Onion,Nasik,FAQ,1642.42,2086.29,1864.36,2237.84,True,agmarknet_mimic_v1,42,08efbdb5ab95
11 Jun 2025,2025-06-11,Maharashtra,Pune,Manjri,Onion,Nasik,FAQ,1637.33,2186.5,1911.92,2132.16,True,agmarknet_mimic_v1,42,08efbdb5ab95
12 Jun 2025,2025-06-12,Maharashtra,Pune,Manjri,Onion,Nasik,FAQ,1652.65,2092.35,1872.5,2126.16,True,agmarknet_mimic_v1,42,08efbdb5ab95
13 Jun 2025,2025-06-13,Maharashtra,Pune,Manjri,Onion,Red,FAQ,1654.59,2119.37,1886.98,1404.38,True,agmarknet_mimic_v1,42,08efbdb5ab95
14 Jun 2025,2025-06-14,Maharashtra,Pune,Manjri,Onion,Red,FAQ,1674.24,2114.84,1894.54,1947.8,True,agmarknet_mimic_v1,42,08efbdb5ab95
16 Jun 2025,2025-06-16,Maharashtra,Pune,Manjri,Onion,FAQ,FAQ,1658.66,2298.64,1978.65,2131.64,True,agmarknet_mimic_v1,42,08efbdb5ab95
17 Jun 2025,2025-06-17,Maharashtra,Pune,Manjri,Onion,Red,FAQ,1694.98,2295.49,1995.24,2200.09,True,agmarknet_mimic_v1,42,08efbdb5ab95
18 Jun 2025,2025-06-18,Maharashtra,Pune,Manjri,Onion,Red,FAQ,1698.89,2368.36,2033.63,1764.56,True,agmarknet_mimic_v1,42,08efbdb5ab95
19 Jun 2025,2025-06-19,Maharashtra,Pune,Manjri,Onion,FAQ,FAQ,1735.08,2237.2,1986.14,2547.31,True,agmarknet_mimic_v1,42,08efbdb5ab95
20 Jun 2025,2025-06-20,Maharashtra,Pune,Manjri,Onion,Nasik,FAQ,1783.68,2302.68,2043.18,2888.36,True,agmarknet_mimic_v1,42,08efbdb5ab95
21 Jun 2025,2025-06-21,Maharashtra,Pune,Manjri,Onion,FAQ,FAQ,1716.87,2331.1,2023.98,2536.08,True,agmarknet_mimic_v1,42,08efbdb5ab95
23 Jun 2025,2025-06-23,Maharashtra,Pune,Manjri,Onion,Red,FAQ,1731.05,2294.06,2012.55,3280.85,True,agmarknet_mimic_v1,42,08efbdb5ab95
24 Jun 2025,2025-06-24,Maharashtra,Pune,Manjri,Onion,Nasik,FAQ,1730.21,2383.04,2056.63,2658.36,True,agmarknet_mimic_v1,42,08efbdb5ab95
25 Jun 2025,2025-06-25,Maharashtra,Pune,Manjri,Onion,Nasik,FAQ,1649.97,2379.71,2014.84,1641.46,True,agmarknet_mimic_v1,42,08efbdb5ab95
26 Jun 2025,2025-06-26,Maharashtra,Pune,Manjri,Onion,FAQ,FAQ,1841.12,2442.78,2141.95,1206.52,True,agmarknet_mimic_v1,42,08efbdb5ab95
27 Jun 2025,2025-06-27,Maharashtra,Pune,Manjri,Onion,Red,FAQ,1911.3,2478.37,2194.84,2465.67,True,agmarknet_mimic_v1,42,08efbdb5ab95
28 Jun 2025,2025-06-28,Maharashtra,Pune,Manjri,Onion,Nasik,FAQ,1879.14,2415.45,2147.29,2168.02,True,agmarknet_mimic_v1,42,08efbdb5ab95
30 Jun 2025,2025-06-30,Maharashtra,Pune,Manjri,Onion,FAQ,FAQ,1817.82,2458.87,2138.34,1870.78,True,agmarknet_mimic_v1,42,08efbdb5ab95
01 Jul 2025,2025-07-01,Maharashtra,Pune,Manjri,Onion,FAQ,FAQ,1772.85,2572.66,2172.76,1603.36,True,agmarknet_mimic_v1,42,08efbdb5ab95
02 Jul 2025,2025-07-02,Maharashtra,Pune,Manjri,Onion,Nasik,FAQ,1931.34,2437.97,2184.65,2401.97,True,agmarknet_mimic_v1,42,08efbdb5ab95
03 Jul 2025,2025-07-03,Maharashtra,Pune,Manjri,Onion,Red,FAQ,1844.54,2327.93,2086.23,2457.33,True,agmarknet_mimic_v1,42,08efbdb5ab95
04 Jul 2025,2025-07-04,Maharashtra,Pune,Manjri,Onion,Nasik,FAQ,1888.22,2473.37,2180.8,2311.54,True,agmarknet_mimic_v1,42,08efbdb5ab95
05 Jul 2025,2025-07-05,Maharashtra,Pune,Manjri,Onion,FAQ,FAQ,1824.08,2667.83,2245.96,2018.29,True,agmarknet_mimic_v1,42,08efbdb5ab95
07 Jul 2025,2025-07-07,Maharashtra,Pune,Manjri,Onion,Nasik,FAQ,1981.19,2572.31,2276.75,2168.67,True,agmarknet_mimic_v1,42,08efbdb5ab95
08 Jul 2025,2025-07-08,Maharashtra,Pune,Manjri,Onion,Nasik,FAQ,2022.36,2657.52,2339.94,1674.01,True,agmarknet_mimic_v1,42,08efbdb5ab95
09 Jul 2025,2025-07-09,Maharashtra,Pune,Manjri,Onion,Nasik,FAQ,1996.16,2596.94,2296.55,2145.68,True,agmarknet_mimic_v1,42,08efbdb5ab95
10 Jul 2025,2025-07-10,Maharashtra,Pune,Manjri,Onion,Nasik,FAQ,1896.41,2705.85,2301.13,2162.09,True,agmarknet_mimic_v1,42,08efbdb5ab95
11 Jul 2025,2025-07-11,Maharashtra,Pune,Manjri,Onion,Nasik,FAQ,1993.85,2630.87,2312.36,2872.32,True,agmarknet_mimic_v1,42,08efbdb5ab95
12 Jul 2025,2025-07-12,Maharashtra,Pune,Manjri,Onion,Nasik,FAQ,2021.67,2583.02,2302.34,1648.65,True,agmarknet_mimic_v1,42,08efbdb5ab95
14 Jul 2025,2025-07-14,Maharashtra,Pune,Manjri,Onion,Red,FAQ,1823.55,2698.82,2261.19,1942.9,True,agmarknet_mimic_v1,42,08efbdb5ab95
15 Jul 2025,2025-07-15,Maharashtra,Pune,Manjri,Onion,FAQ,FAQ,1948.27,2682.56,2315.42,1991.55,True,agmarknet_mimic_v1,42,08efbdb5ab95
16 Jul 2025,2025-07-16,Maharashtra,Pune,Manjri,Onion,Nasik,FAQ,2095.8,2697.35,2396.58,1666.68,True,agmarknet_mimic_v1,42,08efbdb5ab95
17 Jul 2025,2025-07-17,Maharashtra,Pune,Manjri,Onion,FAQ,FAQ,1827.05,2702.41,2264.73,1854.57,True,agmarknet_mimic_v1,42,08efbdb5ab95
18 Jul 2025,2025-07-18,Maharashtra,Pune,Manjri,Onion,Red,FAQ,1943.07,2507.74,2225.4,1776.12,True,agmarknet_mimic_v1,42,08efbdb5ab95
19 Jul 2025,2025-07-19,Maharashtra,Pune,Manjri,Onion,Red,FAQ,2037.02,2588.83,2312.93,2227.19,True,agmarknet_mimic_v1,42,08efbdb5ab95
21 Jul 2025,2025-07-21,Maharashtra,Pune,Manjri,Onion,Nasik,FAQ,1938.06,2497.92,2217.99,2138.99,True,agmarknet_mimic_v1,42,08efbdb5ab95
22 Jul 2025,2025-07-22,Maharashtra,Pune,Manjri,Onion,Nasik,FAQ,1980.58,2591.62,2286.1,2390.95,True,agmarknet_mimic_v1,42,08efbdb5ab95
23 Jul 2025,2025-07-23,Maharashtra,Pune,Manjri,Onion,Nasik,FAQ,2037.67,2548.43,2293.05,2078.38,True,agmarknet_mimic_v1,42,08efbdb5ab95
24 Jul 2025,2025-07-24,Maharashtra,Pune,Manjri,Onion,Red,FAQ,2044.25,2807.96,2426.11,2065.27,True,agmarknet_mimic_v1,42,08efbdb5ab95
25 Jul 2025,2025-07-25,Maharashtra,Pune,Manjri,Onion,Nasik,FAQ,1909.04,2736.22,2322.63,1954.41,True,agmarknet_mimic_v1,42,08efbdb5ab95
26 Jul 2025,2025-07-26,Maharashtra,Pune,Manjri,Onion,FAQ,FAQ,2020.86,2599.06,2309.96,2375.64,True,agmarknet_mimic_v1,42,08efbdb5ab95
28 Jul 2025,2025-07-28,Maharashtra,Pune,Manjri,Onion,Red,FAQ,2028.57,2661.51,2345.04,2184.31,True,agmarknet_mimic_v1,42,08efbdb5ab95
29 Jul 2025,2025-07-29,Maharashtra,Pune,Manjri,Onion,Nasik,FAQ,1857.83,2716.68,2287.26,2959.27,True,agmarknet_mimic_v1,42,08efbdb5ab95
30 Jul 2025,2025-07-30,Maharashtra,Pune,Manjri,Onion,Red,FAQ,1844.85,2591.7,2218.27,1644.74,True,agmarknet_mimic_v1,42,08efbdb5ab95
31 Jul 2025,2025-07-31,Maharashtra,Pune,Manjri,Onion,FAQ,FAQ,1886.98,2426.7,2156.84,1985.06,True,agmarknet_mimic_v1,42,08efbdb5ab95
01 Aug 2025,2025-08-01,Maharashtra,Pune,Manjri,Onion,Nasik,FAQ,1859.55,2569.91,2214.73,1739.69,True,agmarknet_mimic_v1,42,08efbdb5ab95
02 Aug 2025,2025-08-02,Maharashtra,Pune,Manjri,Onion,FAQ,FAQ,1813.1,2577.07,2195.08,1916.35,True,agmarknet_mimic_v1,42,08efbdb5ab95
04 Aug 2025,2025-08-04,Maharashtra,Pune,Manjri,Onion,Red,FAQ,1848.38,2630.7,2239.54,2237.36,True,agmarknet_mimic_v1,42,08efbdb5ab95
05 Aug 2025,2025-08-05,Maharashtra,Pune,Manjri,Onion,Nasik,FAQ,2018.98,2683.19,2351.08,2595.28,True,agmarknet_mimic_v1,42,08efbdb5ab95
06 Aug 2025,2025-08-06,Maharashtra,Pune,Manjri,Onion,Nasik,FAQ,1871.94,2640.72,2256.33,1840.94,True,agmarknet_mimic_v1,42,08efbdb5ab95
07 Aug 2025,2025-08-07,Maharashtra,Pune,Manjri,Onion,Nasik,FAQ,1878.37,2544.38,2211.38,2384.63,True,agmarknet_mimic_v1,42,08efbdb5ab95
08 Aug 2025,2025-08-08,Maharashtra,Pune,Manjri,Onion,Nasik,FAQ,1823.42,2666.39,2244.91,1373.98,True,agmarknet_mimic_v1,42,08efbdb5ab95
09 Aug 2025,2025-08-09,Maharashtra,Pune,Manjri,Onion,Red,FAQ,1894.03,2624.47,2259.25,2224.19,True,agmarknet_mimic_v1,42,08efbdb5ab95
11 Aug 2025,2025-08-11,Maharashtra,Pune,Manjri,Onion,Nasik,FAQ,2030.9,2659.34,2345.12,1796.59,True,agmarknet_mimic_v1,42,08efbdb5ab95
12 Aug 2025,2025-08-12,Maharashtra,Pune,Manjri,Onion,Red,FAQ,2065.85,2554.04,2309.95,1867.6,True,agmarknet_mimic_v1,42,08efbdb5ab95
13 Aug 2025,2025-08-13,Maharashtra,Pune,Manjri,Onion,Red,FAQ,1959.34,2707.69,2333.51,2608.28,True,agmarknet_mimic_v1,42,08efbdb5ab95
14 Aug 2025,2025-08-14,Maharashtra,Pune,Manjri,Onion,FAQ,FAQ,2052.43,2623.39,2337.91,2141.4,True,agmarknet_mimic_v1,42,08efbdb5ab95
15 Aug 2024,2024-08-15,Maharashtra,Solapur,Solapur,Onion,FAQ,FAQ,1683.07,2201.52,1942.29,2233.44,True,agmarknet_mimic_v1,42,08efbdb5ab95
16 Aug 2024,2024-08-16,Maharashtra,Solapur,Solapur,Onion,FAQ,FAQ,1552.62,2304.34,1928.48,2585.65,True,agmarknet_mimic_v1,42,08efbdb5ab95
17 Aug 2024,2024-08-17,Maharashtra,Solapur,Solapur,Onion,FAQ,FAQ,1628.96,2409.23,2019.1,2562.44,True,agmarknet_mimic_v1,42,08efbdb5ab95
19 Aug 2024,2024-08-19,Maharashtra,Solapur,Solapur,Onion,Nasik,FAQ,1791.38,2449.93,2120.65,2818.77,True,agmarknet_mimic_v1,42,08efbdb5ab95
20 Aug 2024,2024-08-20,Maharashtra,Solapur,Solapur,Onion,FAQ,FAQ,1811.34,2472.98,2142.16,2267.54,True,agmarknet_mimic_v1,42,08efbdb5ab95
21 Aug 2024,2024-08-21,Maharashtra,Solapur,Solapur,Onion,FAQ,FAQ,1850.86,2308.35,2079.6,1815.5,True,agmarknet_mimic_v1,42,08efbdb5ab95
22 Aug 2024,2024-08-22,Maharashtra,Solapur,Solapur,Onion,Red,FAQ,1848.97,2343.91,2096.44,1891.18,True,agmarknet_mimic_v1,42,08efbdb5ab95
23 Aug 2024,2024-08-23,Maharashtra,Solapur,Solapur,Onion,Nasik,FAQ,1789.67,2477.14,2133.41,2696.43,True,agmarknet_mimic_v1,42,08efbdb5ab95
24 Aug 2024,2024-08-24,Maharashtra,Solapur,Solapur,Onion,Red,FAQ,1888.08,2459.77,2173.92,2602.87,True,agmarknet_mimic_v1,42,08efbdb5ab95
26 Aug 2024,2024-08-26,Maharashtra,Solapur,Solapur,Onion,Nasik,FAQ,1832.92,2482.45,2157.68,1500.34,True,agmarknet_mimic_v1,42,08efbdb5ab95
27 Aug 2024,2024-08-27,Maharashtra,Solapur,Solapur,Onion,Red,FAQ,2049.7,2600.56,2325.13,1389.05,True,agmarknet_mimic_v1,42,08efbdb5ab95
28 Aug 2024,2024-08-28,Maharashtra,Solapur,Solapur,Onion,Nasik,FAQ,2092.81,2667.37,2380.09,1939.6,True,agmarknet_mimic_v1,42,08efbdb5ab95
29 Aug 2024,2024-08-29,Maharashtra,Solapur,Solapur,Onion,Nasik,FAQ,1950.87,2860.02,2405.45,1947.27,True,agmarknet_mimic_v1,42,08efbdb5ab95
30 Aug 2024,2024-08-30,Maharashtra,Solapur,Solapur,Onion,FAQ,FAQ,2074.33,2763.58,2418.96,1777.51,True,agmarknet_mimic_v1,42,08efbdb5ab95
31 Aug 2024,2024-08-31,Maharashtra,Solapur,Solapur,Onion,Red,FAQ,2020.12,2867.06,2443.59,1666.1,True,agmarknet_mimic_v1,42,08efbdb5ab95
02 Sep 2024,2024-09-02,Maharashtra,Solapur,Solapur,Onion,Red,FAQ,2017.44,2991.93,2504.69,2034.4,True,agmarknet_mimic_v1,42,08efbdb5ab95
03 Sep 2024,2024-09-03,Maharashtra,Solapur,Solapur,Onion,FAQ,FAQ,2055.07,2954.33,2504.7,2627.27,True,agmarknet_mimic_v1,42,08efbdb5ab95
04 Sep 2024,2024-09-04,Maharashtra,Solapur,Solapur,Onion,FAQ,FAQ,2127.54,2771.85,2449.7,2281.19,True,agmarknet_mimic_v1,42,08efbdb5ab95
05 Sep 2024,2024-09-05,Maharashtra,Solapur,Solapur,Onion,Nasik,FAQ,2191.75,2938.44,2565.09,2368.17,True,agmarknet_mimic_v1,42,08efbdb5ab95
06 Sep 2024,2024-09-06,Maharashtra,Solapur,Solapur,Onion,Nasik,FAQ,2182.73,2958.54,2570.64,2028.59,True,agmarknet_mimic_v1,42,08efbdb5ab95
07 Sep 2024,2024-09-07,Maharashtra,Solapur,Solapur,Onion,Red,FAQ,2028.12,2875.47,2451.8,2005.88,True,agmarknet_mimic_v1,42,08efbdb5ab95
09 Sep 2024,2024-09-09,Maharashtra,Solapur,Solapur,Onion,FAQ,FAQ,1948.78,2853.39,2401.09,2628.2,True,agmarknet_mimic_v1,42,08efbdb5ab95
10 Sep 2024,2024-09-10,Maharashtra,Solapur,Solapur,Onion,FAQ,FAQ,2078.94,2815.87,2447.41,1892.91,True,agmarknet_mimic_v1,42,08efbdb5ab95
11 Sep 2024,2024-09-11,Maharashtra,Solapur,Solapur,Onion,FAQ,FAQ,2073.44,2770.18,2421.81,1970.05,True,agmarknet_mimic_v1,42,08efbdb5ab95
12 Sep 2024,2024-09-12,Maharashtra,Solapur,Solapur,Onion,Nasik,FAQ,2078.2,2780.55,2429.38,1615.68,True,agmarknet_mimic_v1,42,08efbdb5ab95
13 Sep 2024,2024-09-13,Maharashtra,Solapur,Solapur,Onion,FAQ,FAQ,1975.03,2919.07,2447.05,2352.06,True,agmarknet_mimic_v1,42,08efbdb5ab95
14 Sep 2024,2024-09-14,Maharashtra,Solapur,Solapur,Onion,Red,FAQ,2006.3,2703.31,2354.8,2870.58,True,agmarknet_mimic_v1,42,08efbdb5ab95
16 Sep 2024,2024-09-16,Maharashtra,Solapur,Solapur,Onion,Nasik,FAQ,2116.07,2631.62,2373.84,1900.45,True,agmarknet_mimic_v1,42,08efbdb5ab95
17 Sep 2024,2024-09-17,Maharashtra,Solapur,Solapur,Onion,FAQ,FAQ,1935.57,2649.27,2292.42,1963.53,True,agmarknet_mimic_v1,42,08efbdb5ab95
18 Sep 2024,2024-09-18,Maharashtra,Solapur,Solapur,Onion,Red,FAQ,2045.0,2682.26,2363.63,1867.77,True,agmarknet_mimic_v1,42,08efbdb5ab95
19 Sep 2024,2024-09-19,Maharashtra,Solapur,Solapur,Onion,FAQ,FAQ,1784.62,2597.43,2191.02,2199.54,True,agmarknet_mimic_v1,42,08efbdb5ab95
20 Sep 2024,2024-09-20,Maharashtra,Solapur,Solapur,Onion,Nasik,FAQ,2000.68,2510.01,2255.34,2703.42,True,agmarknet_mimic_v1,42,08efbdb5ab95
21 Sep 2024,2024-09-21,Maharashtra,Solapur,Solapur,Onion,Red,FAQ,2091.53,2584.03,2337.78,2652.4,True,agmarknet_mimic_v1,42,08efbdb5ab95
23 Sep 2024,2024-09-23,Maharashtra,Solapur,Solapur,Onion,FAQ,FAQ,1910.08,2563.02,2236.55,1992.21,True,agmarknet_mimic_v1,42,08efbdb5ab95
24 Sep 2024,2024-09-24,Maharashtra,Solapur,Solapur,Onion,FAQ,FAQ,1916.03,2420.4,2168.21,1977.02,True,agmarknet_mimic_v1,42,08efbdb5ab95
25 Sep 2024,2024-09-25,Maharashtra,Solapur,Solapur,Onion,Red,FAQ,1824.97,2577.93,2201.45,1493.28,True,agmarknet_mimic_v1,42,08efbdb5ab95
26 Sep 2024,2024-09-26,Maharashtra,Solapur,Solapur,Onion,FAQ,FAQ,1879.3,2646.3,2262.8,2294.72,True,agmarknet_mimic_v1,42,08efbdb5ab95
27 Sep 2024,2024-09-27,Maharashtra,Solapur,Solapur,Onion,FAQ,FAQ,2069.21,2576.61,2322.91,2356.41,True,agmarknet_mimic_v1,42,08efbdb5ab95
28 Sep 2024,2024-09-28,Maharashtra,Solapur,Solapur,Onion,Red,FAQ,2025.74,2503.0,2264.37,2299.21,True,agmarknet_mimic_v1,42,08efbdb5ab95
30 Sep 2024,2024-09-30,Maharashtra,Solapur,Solapur,Onion,Nasik,FAQ,1871.6,2607.04,2239.32,2343.62,True,agmarknet_mimic_v1,42,08efbdb5ab95
01 Oct 2024,2024-10-01,Maharashtra,Solapur,Solapur,Onion,Red,FAQ,1929.05,2405.34,2167.2,1955.48,True,agmarknet_mimic_v1,42,08efbdb5ab95
02 Oct 2024,2024-10-02,Maharashtra,Solapur,Solapur,Onion,Red,FAQ,1825.68,2483.95,2154.82,2461.32,True,agmarknet_mimic_v1,42,08efbdb5ab95
03 Oct 2024,2024-10-03,Maharashtra,Solapur,Solapur,Onion,Nasik,FAQ,1844.52,2580.61,2212.56,2790.02,True,agmarknet_mimic_v1,42,08efbdb5ab95
04 Oct 2024,2024-10-04,Maharashtra,Solapur,Solapur,Onion,FAQ,FAQ,1775.02,2576.76,2175.89,3055.78,True,agmarknet_mimic_v1,42,08efbdb5ab95
05 Oct 2024,2024-10-05,Maharashtra,Solapur,Solapur,Onion,Nasik,FAQ,1861.65,2639.43,2250.54,2499.55,True,agmarknet_mimic_v1,42,08efbdb5ab95
07 Oct 2024,2024-10-07,Maharashtra,Solapur,Solapur,Onion,Red,FAQ,1970.15,2509.98,2240.06,2098.27,True,agmarknet_mimic_v1,42,08efbdb5ab95
08 Oct 2024,2024-10-08,Maharashtra,Solapur,Solapur,Onion,Nasik,FAQ,1951.64,2418.23,2184.93,2278.45,True,agmarknet_mimic_v1,42,08efbdb5ab95
09 Oct 2024,2024-10-09,Maharashtra,Solapur,Solapur,Onion,FAQ,FAQ,1972.42,2467.8,2220.11,2001.32,True,agmarknet_mimic_v1,42,08efbdb5ab95
10 Oct 2024,2024-10-10,Maharashtra,Solapur,Solapur,Onion,Nasik,FAQ,1709.3,2519.78,2114.54,2487.59,True,agmarknet_mimic_v1,42,08efbdb5ab95
11 Oct 2024,2024-10-11,Maharashtra,Solapur,Solapur,Onion,Nasik,FAQ,1829.77,2452.33,2141.05,2379.06,True,agmarknet_mimic_v1,42,08efbdb5ab95
12 Oct 2024,2024-10-12,Maharashtra,Solapur,Solapur,Onion,Red,FAQ,1871.27,2362.57,2116.92,3252.68,True,agmarknet_mimic_v1,42,08efbdb5ab95
14 Oct 2024,2024-10-14,Maharashtra,Solapur,Solapur,Onion,Nasik,FAQ,1815.92,2282.71,2049.32,2069.31,True,agmarknet_mimic_v1,42,08efbdb5ab95
15 Oct 2024,2024-10-15,Maharashtra,Solapur,Solapur,Onion,Nasik,FAQ,1865.7,2361.97,2113.83,2418.66,True,agmarknet_mimic_v1,42,08efbdb5ab95
16 Oct 2024,2024-10-16,Maharashtra,Solapur,Solapur,Onion,Red,FAQ,1793.12,2311.21,2052.16,2269.05,True,agmarknet_mimic_v1,42,08efbdb5ab95
17 Oct 2024,2024-10-17,Maharashtra,Solapur,Solapur,Onion,FAQ,FAQ,1791.24,2381.48,2086.36,2330.05,True,agmarknet_mimic_v1,42,08efbdb5ab95
18 Oct 2024,2024-10-18,Maharashtra,Solapur,Solapur,Onion,FAQ,FAQ,1824.86,2329.97,2077.42,3042.31,True,agmarknet_mimic_v1,42,08efbdb5ab95
19 Oct 2024,2024-10-19,Maharashtra,Solapur,Solapur,Onion,Nasik,FAQ,1869.3,2367.0,2118.15,2166.25,True,agmarknet_mimic_v1,42,08efbdb5ab95
21 Oct 2024,2024-10-21,Maharashtra,Solapur,Solapur,Onion,FAQ,FAQ,1866.62,2417.15,2141.88,1912.02,True,agmarknet_mimic_v1,42,08efbdb5ab95
22 Oct 2024,2024-10-22,Maharashtra,Solapur,Solapur,Onion,Nasik,FAQ,1854.57,2375.42,2114.99,3008.19,True,agmarknet_mimic_v1,42,08efbdb5ab95
23 Oct 2024,2024-10-23,Maharashtra,Solapur,Solapur,Onion,Nasik,FAQ,1810.57,2440.28,2125.43,2558.42,True,agmarknet_mimic_v1,42,08efbdb5ab95
24 Oct 2024,2024-10-24,Maharashtra,Solapur,Solapur,Onion,Red,FAQ,1691.1,2396.92,2044.01,2471.71,True,agmarknet_mimic_v1,42,08efbdb5ab95
25 Oct 2024,2024-10-25,Maharashtra,Solapur,Solapur,Onion,Nasik,FAQ,1665.79,2221.97,1943.88,2352.83,True,agmarknet_mimic_v1,42,08efbdb5ab95
26 Oct 2024,2024-10-26,Maharashtra,Solapur,Solapur,Onion,Red,FAQ,1659.08,2280.12,1969.6,2657.21,True,agmarknet_mimic_v1,42,08efbdb5ab95
28 Oct 2024,2024-10-28,Maharashtra,Solapur,Solapur,Onion,FAQ,FAQ,1679.69,2218.24,1948.96,2314.48,True,agmarknet_mimic_v1,42,08efbdb5ab95
29 Oct 2024,2024-10-29,Maharashtra,Solapur,Solapur,Onion,Red,FAQ,1490.85,2179.06,1834.96,3098.25,True,agmarknet_mimic_v1,42,08efbdb5ab95
30 Oct 2024,2024-10-30,Maharashtra,Solapur,Solapur,Onion,FAQ,FAQ,1462.11,2120.49,1791.3,2022.37,True,agmarknet_mimic_v1,42,08efbdb5ab95
31 Oct 2024,2024-10-31,Maharashtra,Solapur,Solapur,Onion,FAQ,FAQ,1483.65,2104.73,1794.19,3026.9,True,agmarknet_mimic_v1,42,08efbdb5ab95
01 Nov 2024,2024-11-01,Maharashtra,Solapur,Solapur,Onion,FAQ,FAQ,1619.38,2065.21,1842.29,2284.04,True,agmarknet_mimic_v1,42,08efbdb5ab95
02 Nov 2024,2024-11-02,Maharashtra,Solapur,Solapur,Onion,FAQ,FAQ,1453.07,2151.47,1802.27,2514.59,True,agmarknet_mimic_v1,42,08efbdb5ab95
04 Nov 2024,2024-11-04,Maharashtra,Solapur,Solapur,Onion,Nasik,FAQ,1513.52,1907.28,1710.4,2616.63,True,agmarknet_mimic_v1,42,08efbdb5ab95
05 Nov 2024,2024-11-05,Maharashtra,Solapur,Solapur,Onion,Nasik,FAQ,1409.45,1945.43,1677.44,2146.01,True,agmarknet_mimic_v1,42,08efbdb5ab95
06 Nov 2024,2024-11-06,Maharashtra,Solapur,Solapur,Onion,FAQ,FAQ,1434.57,2075.68,1755.12,2838.74,True,agmarknet_mimic_v1,42,08efbdb5ab95
07 Nov 2024,2024-11-07,Maharashtra,Solapur,Solapur,Onion,FAQ,FAQ,1394.71,2067.08,1730.89,3346.84,True,agmarknet_mimic_v1,42,08efbdb5ab95
08 Nov 2024,2024-11-08,Maharashtra,Solapur,Solapur,Onion,Red,FAQ,1528.22,1918.88,1723.55,3105.13,True,agmarknet_mimic_v1,42,08efbdb5ab95
09 Nov 2024,2024-11-09,Maharashtra,Solapur,Solapur,Onion,Nasik,FAQ,1457.79,1913.57,1685.68,2560.82,True,agmarknet_mimic_v1,42,08efbdb5ab95
11 Nov 2024,2024-11-11,Maharashtra,Solapur,Solapur,Onion,FAQ,FAQ,1358.92,2016.78,1687.85,2751.78,True,agmarknet_mimic_v1,42,08efbdb5ab95
12 Nov 2024,2024-11-12,Maharashtra,Solapur,Solapur,Onion,Red,FAQ,1462.11,1951.2,1706.65,2615.04,True,agmarknet_mimic_v1,42,08efbdb5ab95
13 Nov 2024,2024-11-13,Maharashtra,Solapur,Solapur,Onion,Nasik,FAQ,1481.15,1947.65,1714.4,2663.94,True,agmarknet_mimic_v1,42,08efbdb5ab95
14 Nov 2024,2024-11-14,Maharashtra,Solapur,Solapur,Onion,Red,FAQ,1488.09,1979.11,1733.6,3162.15,True,agmarknet_mimic_v1,42,08efbdb5ab95
15 Nov 2024,2024-11-15,Maharashtra,Solapur,Solapur,Onion,Nasik,FAQ,1497.86,2077.31,1787.58,2201.48,True,agmarknet_mimic_v1,42,08efbdb5ab95
16 Nov 2024,2024-11-16,Maharashtra,Solapur,Solapur,Onion,Red,FAQ,1552.82,1969.02,1760.92,2470.01,True,agmarknet_mimic_v1,42,08efbdb5ab95
18 Nov 2024,2024-11-18,Maharashtra,Solapur,Solapur,Onion,Nasik,FAQ,1445.76,1933.77,1689.77,2047.28,True,agmarknet_mimic_v1,42,08efbdb5ab95
19 Nov 2024,2024-11-19,Maharashtra,Solapur,Solapur,Onion,FAQ,FAQ,1389.69,1794.78,1592.23,2527.35,True,agmarknet_mimic_v1,42,08efbdb5ab95
20 Nov 2024,2024-11-20,Maharashtra,Solapur,Solapur,Onion,FAQ,FAQ,1248.99,1778.14,1513.57,2961.26,True,agmarknet_mimic_v1,42,08efbdb5ab95
21 Nov 2024,2024-11-21,Maharashtra,Solapur,Solapur,Onion,Nasik,FAQ,1304.83,1694.58,1499.71,2424.56,True,agmarknet_mimic_v1,42,08efbdb5ab95
22 Nov 2024,2024-11-22,Maharashtra,Solapur,Solapur,Onion,FAQ,FAQ,1196.21,1732.76,1464.49,3032.54,True,agmarknet_mimic_v1,42,08efbdb5ab95
23 Nov 2024,2024-11-23,Maharashtra,Solapur,Solapur,Onion,Red,FAQ,1277.93,1801.82,1539.88,3217.33,True,agmarknet_mimic_v1,42,08efbdb5ab95
25 Nov 2024,2024-11-25,Maharashtra,Solapur,Solapur,Onion,Nasik,FAQ,1376.49,1763.82,1570.15,2872.21,True,agmarknet_mimic_v1,42,08efbdb5ab95
26 Nov 2024,2024-11-26,Maharashtra,Solapur,Solapur,Onion,FAQ,FAQ,1299.41,1807.68,1553.55,2618.82,True,agmarknet_mimic_v1,42,08efbdb5ab95
27 Nov 2024,2024-11-27,Maharashtra,Solapur,Solapur,Onion,Nasik,FAQ,1354.43,1865.07,1609.75,2541.34,True,agmarknet_mimic_v1,42,08efbdb5ab95
28 Nov 2024,2024-11-28,Maharashtra,Solapur,Solapur,Onion,Nasik,FAQ,1308.97,1818.85,1563.91,2422.17,True,agmarknet_mimic_v1,42,08efbdb5ab95
29 Nov 2024,2024-11-29,Maharashtra,Solapur,Solapur,Onion,Nasik,FAQ,1288.53,1877.45,1582.99,2692.23,True,agmarknet_mimic_v1,42,08efbdb5ab95
30 Nov 2024,2024-11-30,Maharashtra,Solapur,Solapur,Onion,FAQ,FAQ,1264.22,1802.66,1533.44,3078.86,True,agmarknet_mimic_v1,42,08efbdb5ab95
02 Dec 2024,2024-12-02,Maharashtra,Solapur,Solapur,Onion,Nasik,FAQ,1409.34,1786.73,1598.03,4003.35,True,agmarknet_mimic_v1,42,08efbdb5ab95
03 Dec 2024,2024-12-03,Maharashtra,Solapur,Solapur,Onion,Nasik,FAQ,1340.29,1875.22,1607.76,2760.12,True,agmarknet_mimic_v1,42,08efbdb5ab95
04 Dec 2024,2024-12-04,Maharashtra,Solapur,Solapur,Onion,Red,FAQ,1474.9,1894.28,1684.59,3359.51,True,agmarknet_mimic_v1,42,08efbdb5ab95
05 Dec 2024,2024-12-05,Maharashtra,Solapur,Solapur,Onion,Red,FAQ,1282.35,1828.29,1555.32,2586.4,True,agmarknet_mimic_v1,42,08efbdb5ab95
06 Dec 2024,2024-12-06,Maharashtra,Solapur,Solapur,Onion,Red,FAQ,1176.32,1675.77,1426.04,3257.41,True,agmarknet_mimic_v1,42,08efbdb5ab95
07 Dec 2024,2024-12-07,Maharashtra,Solapur,Solapur,Onion,Red,FAQ,1165.33,1707.47,1436.4,2701.2,True,agmarknet_mimic_v1,42,08efbdb5ab95
09 Dec 2024,2024-12-09,Maharashtra,Solapur,Solapur,Onion,Red,FAQ,1134.41,1677.19,1405.8,2337.53,True,agmarknet_mimic_v1,42,08efbdb5ab95
10 Dec 2024,2024-12-10,Maharashtra,Solapur,Solapur,Onion,Nasik,FAQ,1159.2,1515.14,1337.17,3513.52,True,agmarknet_mimic_v1,42,08efbdb5ab95
11 Dec 2024,2024-12-11,Maharashtra,Solapur,Solapur,Onion,Red,FAQ,1144.77,1423.92,1284.35,2858.99,True,agmarknet_mimic_v1,42,08efbdb5ab95
12 Dec 2024,2024-12-12,Maharashtra,Solapur,Solapur,Onion,Red,FAQ,1132.08,1435.54,1283.81,2950.85,True,agmarknet_mimic_v1,42,08efbdb5ab95
13 Dec 2024,2024-12-13,Maharashtra,Solapur,Solapur,Onion,FAQ,FAQ,1207.61,1590.76,1399.18,3268.36,True,agmarknet_mimic_v1,42,08efbdb5ab95
14 Dec 2024,2024-12-14,Maharashtra,Solapur,Solapur,Onion,Red,FAQ,1247.73,1617.61,1432.67,3275.86,True,agmarknet_mimic_v1,42,08efbdb5ab95
16 Dec 2024,2024-12-16,Maharashtra,Solapur,Solapur,Onion,Red,FAQ,1179.88,1507.73,1343.8,3498.71,True,agmarknet_mimic_v1,42,08efbdb5ab95
17 Dec 2024,2024-12-17,Maharashtra,Solapur,Solapur,Onion,Nasik,FAQ,1095.35,1613.88,1354.62,3286.65,True,agmarknet_mimic_v1,42,08efbdb5ab95
18 Dec 2024,2024-12-18,Maharashtra,Solapur,Solapur,Onion,FAQ,FAQ,1278.55,1693.55,1486.05,3716.19,True,agmarknet_mimic_v1,42,08efbdb5ab95
19 Dec 2024,2024-12-19,Maharashtra,Solapur,Solapur,Onion,FAQ,FAQ,1172.32,1718.45,1445.39,3325.35,True,agmarknet_mimic_v1,42,08efbdb5ab95
20 Dec 2024,2024-12-20,Maharashtra,Solapur,Solapur,Onion,Red,FAQ,1119.82,1606.67,1363.25,3555.21,True,agmarknet_mimic_v1,42,08efbdb5ab95
21 Dec 2024,2024-12-21,Maharashtra,Solapur,Solapur,Onion,Nasik,FAQ,1226.1,1641.5,1433.8,3243.21,True,agmarknet_mimic_v1,42,08efbdb5ab95
23 Dec 2024,2024-12-23,Maharashtra,Solapur,Solapur,Onion,Nasik,FAQ,1143.93,1615.36,1379.65,3476.01,True,agmarknet_mimic_v1,42,08efbdb5ab95
24 Dec 2024,2024-12-24,Maharashtra,Solapur,Solapur,Onion,FAQ,FAQ,1041.57,1530.06,1285.82,3149.88,True,agmarknet_mimic_v1,42,08efbdb5ab95
25 Dec 2024,2024-12-25,Maharashtra,Solapur,Solapur,Onion,Red,FAQ,1040.61,1491.5,1266.05,3508.6,True,agmarknet_mimic_v1,42,08efbdb5ab95
26 Dec 2024,2024-12-26,Maharashtra,Solapur,Solapur,Onion,FAQ,FAQ,982.11,1273.92,1128.01,3491.93,True,agmarknet_mimic_v1,42,08efbdb5ab95
27 Dec 2024,2024-12-27,Maharashtra,Solapur,Solapur,Onion,Red,FAQ,873.25,1189.63,1031.44,2923.55,True,agmarknet_mimic_v1,42,08efbdb5ab95
28 Dec 2024,2024-12-28,Maharashtra,Solapur,Solapur,Onion,Red,FAQ,947.4,1341.77,1144.59,2940.53,True,agmarknet_mimic_v1,42,08efbdb5ab95
30 Dec 2024,2024-12-30,Maharashtra,Solapur,Solapur,Onion,Red,FAQ,994.38,1352.9,1173.64,3405.07,True,agmarknet_mimic_v1,42,08efbdb5ab95
31 Dec 2024,2024-12-31,Maharashtra,Solapur,Solapur,Onion,Nasik,FAQ,1074.29,1341.79,1208.04,3424.86,True,agmarknet_mimic_v1,42,08efbdb5ab95
01 Jan 2025,2025-01-01,Maharashtra,Solapur,Solapur,Onion,Red,FAQ,999.64,1258.31,1128.98,3601.0,True,agmarknet_mimic_v1,42,08efbdb5ab95
02 Jan 2025,2025-01-02,Maharashtra,Solapur,Solapur,Onion,Red,FAQ,985.5,1408.39,1196.94,3348.01,True,agmarknet_mimic_v1,42,08efbdb5ab95
03 Jan 2025,2025-01-03,Maharashtra,Solapur,Solapur,Onion,Nasik,FAQ,1057.01,1328.2,1192.6,3248.98,True,agmarknet_mimic_v1,42,08efbdb5ab95
04 Jan 2025,2025-01-04,Maharashtra,Solapur,Solapur,Onion,Red,FAQ,969.12,1242.71,1105.91,3474.3,True,agmarknet_mimic_v1,42,08efbdb5ab95
06 Jan 2025,2025-01-06,Maharashtra,Solapur,Solapur,Onion,Nasik,FAQ,965.13,1238.02,1101.57,3407.9,True,agmarknet_mimic_v1,42,08efbdb5ab95
07 Jan 2025,2025-01-07,Maharashtra,Solapur,Solapur,Onion,Nasik,FAQ,937.12,1157.07,1047.1,3627.86,True,agmarknet_mimic_v1,42,08efbdb5ab95
08 Jan 2025,2025-01-08,Maharashtra,Solapur,Solapur,Onion,FAQ,FAQ,757.46,1100.29,928.87,3146.64,True,agmarknet_mimic_v1,42,08efbdb5ab95
09 Jan 2025,2025-01-09,Maharashtra,Solapur,Solapur,Onion,FAQ,FAQ,784.82,1044.79,914.81,4034.06,True,agmarknet_mimic_v1,42,08efbdb5ab95
10 Jan 2025,2025-01-10,Maharashtra,Solapur,Solapur,Onion,FAQ,FAQ,762.84,1063.65,913.25,4065.59,True,agmarknet_mimic_v1,42,08efbdb5ab95
11 Jan 2025,2025-01-11,Maharashtra,Solapur,Solapur,Onion,Red,FAQ,912.8,1179.69,1046.25,3990.4,True,agmarknet_mimic_v1,42,08efbdb5ab95
13 Jan 2025,2025-01-13,Maharashtra,Solapur,Solapur,Onion,FAQ,FAQ,978.21,1212.92,1095.57,3306.15,True,agmarknet_mimic_v1,42,08efbdb5ab95
14 Jan 2025,2025-01-14,Maharashtra,Solapur,Solapur,Onion,Red,FAQ,969.96,1222.4,1096.18,3329.78,True,agmarknet_mimic_v1,42,08efbdb5ab95
15 Jan 2025,2025-01-15,Maharashtra,Solapur,Solapur,Onion,Red,FAQ,920.6,1222.83,1071.72,3710.58,True,agmarknet_mimic_v1,42,08efbdb5ab95
16 Jan 2025,2025-01-16,Maharashtra,Solapur,Solapur,Onion,Nasik,FAQ,870.22,1185.46,1027.84,3484.11,True,agmarknet_mimic_v1,42,08efbdb5ab95
17 Jan 2025,2025-01-17,Maharashtra,Solapur,Solapur,Onion,Nasik,FAQ,997.71,1256.79,1127.25,2875.61,True,agmarknet_mimic_v1,42,08efbdb5ab95
18 Jan 2025,2025-01-18,Maharashtra,Solapur,Solapur,Onion,Red,FAQ,934.5,1184.8,1059.65,3949.66,True,agmarknet_mimic_v1,42,08efbdb5ab95
20 Jan 2025,2025-01-20,Maharashtra,Solapur,Solapur,Onion,Nasik,FAQ,845.29,1092.26,968.77,3113.48,True,agmarknet_mimic_v1,42,08efbdb5ab95
21 Jan 2025,2025-01-21,Maharashtra,Solapur,Solapur,Onion,FAQ,FAQ,809.67,1183.06,996.37,3519.39,True,agmarknet_mimic_v1,42,08efbdb5ab95
22 Jan 2025,2025-01-22,Maharashtra,Solapur,Solapur,Onion,FAQ,FAQ,930.2,1222.74,1076.47,3802.9,True,agmarknet_mimic_v1,42,08efbdb5ab95
23 Jan 2025,2025-01-23,Maharashtra,Solapur,Solapur,Onion,Nasik,FAQ,916.83,1320.88,1118.85,3360.8,True,agmarknet_mimic_v1,42,08efbdb5ab95
24 Jan 2025,2025-01-24,Maharashtra,Solapur,Solapur,Onion,FAQ,FAQ,945.32,1304.37,1124.84,2765.87,True,agmarknet_mimic_v1,42,08efbdb5ab95
25 Jan 2025,2025-01-25,Maharashtra,Solapur,Solapur,Onion,Red,FAQ,885.09,1208.47,1046.78,3652.94,True,agmarknet_mimic_v1,42,08efbdb5ab95
27 Jan 2025,2025-01-27,Maharashtra,Solapur,Solapur,Onion,Red,FAQ,953.18,1301.68,1127.43,3710.66,True,agmarknet_mimic_v1,42,08efbdb5ab95
28 Jan 2025,2025-01-28,Maharashtra,Solapur,Solapur,Onion,FAQ,FAQ,846.11,1181.43,1013.77,3722.73,True,agmarknet_mimic_v1,42,08efbdb5ab95
29 Jan 2025,2025-01-29,Maharashtra,Solapur,Solapur,Onion,Nasik,FAQ,890.06,1111.86,1000.96,3716.96,True,agmarknet_mimic_v1,42,08efbdb5ab95
30 Jan 2025,2025-01-30,Maharashtra,Solapur,Solapur,Onion,Red,FAQ,811.62,1177.92,994.77,3631.48,True,agmarknet_mimic_v1,42,08efbdb5ab95
31 Jan 2025,2025-01-31,Maharashtra,Solapur,Solapur,Onion,Red,FAQ,820.65,1145.76,983.21,3137.34,True,agmarknet_mimic_v1,42,08efbdb5ab95
01 Feb 2025,2025-02-01,Maharashtra,Solapur,Solapur,Onion,FAQ,FAQ,1024.7,1288.67,1156.68,3217.82,True,agmarknet_mimic_v1,42,08efbdb5ab95
03 Feb 2025,2025-02-03,Maharashtra,Solapur,Solapur,Onion,FAQ,FAQ,957.4,1236.56,1096.98,2745.51,True,agmarknet_mimic_v1,42,08efbdb5ab95
04 Feb 2025,2025-02-04,Maharashtra,Solapur,Solapur,Onion,Red,FAQ,877.8,1274.02,1075.91,3217.25,True,agmarknet_mimic_v1,42,08efbdb5ab95
05 Feb 2025,2025-02-05,Maharashtra,Solapur,Solapur,Onion,FAQ,FAQ,956.23,1294.01,1125.12,2595.69,True,agmarknet_mimic_v1,42,08efbdb5ab95
06 Feb 2025,2025-02-06,Maharashtra,Solapur,Solapur,Onion,Red,FAQ,915.32,1354.26,1134.79,2827.1,True,agmarknet_mimic_v1,42,08efbdb5ab95
07 Feb 2025,2025-02-07,Maharashtra,Solapur,Solapur,Onion,Nasik,FAQ,865.29,1226.53,1045.91,3576.34,True,agmarknet_mimic_v1,42,08efbdb5ab95
08 Feb 2025,2025-02-08,Maharashtra,Solapur,Solapur,Onion,Nasik,FAQ,877.21,1235.35,1056.28,3747.15,True,agmarknet_mimic_v1,42,08efbdb5ab95
10 Feb 2025,2025-02-10,Maharashtra,Solapur,Solapur,Onion,Nasik,FAQ,855.34,1171.96,1013.65,3296.3,True,agmarknet_mimic_v1,42,08efbdb5ab95
11 Feb 2025,2025-02-11,Maharashtra,Solapur,Solapur,Onion,Nasik,FAQ,960.75,1282.43,1121.59,3416.68,True,agmarknet_mimic_v1,42,08efbdb5ab95
12 Feb 2025,2025-02-12,Maharashtra,Solapur,Solapur,Onion,Red,FAQ,1047.73,1295.79,1171.76,2677.49,True,agmarknet_mimic_v1,42,08efbdb5ab95
13 Feb 2025,2025-02-13,Maharashtra,Solapur,Solapur,Onion,Nasik,FAQ,960.4,1278.91,1119.66,3375.2,True,agmarknet_mimic_v1,42,08efbdb5ab95
14 Feb 2025,2025-02-14,Maharashtra,Solapur,Solapur,Onion,Red,FAQ,1040.85,1416.44,1228.65,3415.63,True,agmarknet_mimic_v1,42,08efbdb5ab95
15 Feb 2025,2025-02-15,Maharashtra,Solapur,Solapur,Onion,FAQ,FAQ,1016.31,1387.24,1201.78,2920.04,True,agmarknet_mimic_v1,42,08efbdb5ab95
17 Feb 2025,2025-02-17,Maharashtra,Solapur,Solapur,Onion,Red,FAQ,1031.35,1420.78,1226.06,2725.81,True,agmarknet_mimic_v1,42,08efbdb5ab95
18 Feb 2025,2025-02-18,Maharashtra,Solapur,Solapur,Onion,FAQ,FAQ,1069.35,1504.24,1286.79,3303.33,True,agmarknet_mimic_v1,42,08efbdb5ab95
19 Feb 2025,2025-02-19,Maharashtra,Solapur,Solapur,Onion,Red,FAQ,1049.28,1453.3,1251.29,3578.42,True,agmarknet_mimic_v1,42,08efbdb5ab95
20 Feb 2025,2025-02-20,Maharashtra,Solapur,Solapur,Onion,Nasik,FAQ,1096.22,1512.28,1304.25,2778.14,True,agmarknet_mimic_v1,42,08efbdb5ab95
21 Feb 2025,2025-02-21,Maharashtra,Solapur,Solapur,Onion,Red,FAQ,1074.25,1404.0,1239.12,2941.49,True,agmarknet_mimic_v1,42,08efbdb5ab95
22 Feb 2025,2025-02-22,Maharashtra,Solapur,Solapur,Onion,Nasik,FAQ,1034.75,1428.04,1231.4,3325.48,True,agmarknet_mimic_v1,42,08efbdb5ab95
24 Feb 2025,2025-02-24,Maharashtra,Solapur,Solapur,Onion,Red,FAQ,1121.92,1400.12,1261.02,3241.56,True,agmarknet_mimic_v1,42,08efbdb5ab95
25 Feb 2025,2025-02-25,Maharashtra,Solapur,Solapur,Onion,Nasik,FAQ,1043.19,1390.95,1217.07,2179.93,True,agmarknet_mimic_v1,42,08efbdb5ab95
26 Feb 2025,2025-02-26,Maharashtra,Solapur,Solapur,Onion,Red,FAQ,967.33,1350.13,1158.73,3036.2,True,agmarknet_mimic_v1,42,08efbdb5ab95
27 Feb 2025,2025-02-27,Maharashtra,Solapur,Solapur,Onion,FAQ,FAQ,966.28,1322.52,1144.4,3066.34,True,agmarknet_mimic_v1,42,08efbdb5ab95
28 Feb 2025,2025-02-28,Maharashtra,Solapur,Solapur,Onion,Red,FAQ,982.43,1400.83,1191.63,3000.44,True,agmarknet_mimic_v1,42,08efbdb5ab95
01 Mar 2025,2025-03-01,Maharashtra,Solapur,Solapur,Onion,Nasik,FAQ,1086.52,1491.95,1289.24,2756.8,True,agmarknet_mimic_v1,42,08efbdb5ab95
03 Mar 2025,2025-03-03,Maharashtra,Solapur,Solapur,Onion,Red,FAQ,1114.65,1422.82,1268.73,3003.92,True,agmarknet_mimic_v1,42,08efbdb5ab95
04 Mar 2025,2025-03-04,Maharashtra,Solapur,Solapur,Onion,Nasik,FAQ,1145.71,1510.81,1328.26,3223.26,True,agmarknet_mimic_v1,42,08efbdb5ab95
05 Mar 2025,2025-03-05,Maharashtra,Solapur,Solapur,Onion,Red,FAQ,1114.2,1626.99,1370.59,3280.1,True,agmarknet_mimic_v1,42,08efbdb5ab95
06 Mar 2025,2025-03-06,Maharashtra,Solapur,Solapur,Onion,Red,FAQ,1096.92,1462.0,1279.46,3035.94,True,agmarknet_mimic_v1,42,08efbdb5ab95
07 Mar 2025,2025-03-07,Maharashtra,Solapur,Solapur,Onion,FAQ,FAQ,1125.81,1423.31,1274.56,2677.6,True,agmarknet_mimic_v1,42,08efbdb5ab95
08 Mar 2025,2025-03-08,Maharashtra,Solapur,Solapur,Onion,FAQ,FAQ,1045.04,1520.32,1282.68,3073.74,True,agmarknet_mimic_v1,42,08efbdb5ab95
10 Mar 2025,2025-03-10,Maharashtra,Solapur,Solapur,Onion,FAQ,FAQ,1025.63,1417.42,1221.53,2095.89,True,agmarknet_mimic_v1,42,08efbdb5ab95
11 Mar 2025,2025-03-11,Maharashtra,Solapur,Solapur,Onion,Nasik,FAQ,988.55,1341.37,1164.96,3055.99,True,agmarknet_mimic_v1,42,08efbdb5ab95
12 Mar 2025,2025-03-12,Maharashtra,Solapur,Solapur,Onion,Nasik,FAQ,1037.2,1423.61,1230.4,2884.59,True,agmarknet_mimic_v1,42,08efbdb5ab95
13 Mar 2025,2025-03-13,Maharashtra,Solapur,Solapur,Onion,Nasik,FAQ,1170.65,1547.28,1358.96,3027.65,True,agmarknet_mimic_v1,42,08efbdb5ab95
14 Mar 2025,2025-03-14,Maharashtra,Solapur,Solapur,Onion,FAQ,FAQ,1115.75,1487.65,1301.7,2833.82,True,agmarknet_mimic_v1,42,08efbdb5ab95
15 Mar 2025,2025-03-15,Maharashtra,Solapur,Solapur,Onion,Red,FAQ,1053.44,1498.0,1275.72,2946.54,True,agmarknet_mimic_v1,42,08efbdb5ab95
17 Mar 2025,2025-03-17,Maharashtra,Solapur,Solapur,Onion,Nasik,FAQ,1160.17,1460.2,1310.19,2651.38,True,agmarknet_mimic_v1,42,08efbdb5ab95
18 Mar 2025,2025-03-18,Maharashtra,Solapur,Solapur,Onion,FAQ,FAQ,1262.46,1594.27,1428.36,3028.07,True,agmarknet_mimic_v1,42,08efbdb5ab95
19 Mar 2025,2025-03-19,Maharashtra,Solapur,Solapur,Onion,Red,FAQ,1199.59,1495.61,1347.6,3042.85,True,agmarknet_mimic_v1,42,08efbdb5ab95
20 Mar 2025,2025-03-20,Maharashtra,Solapur,Solapur,Onion,Red,FAQ,1061.98,1507.14,1284.56,2916.99,True,agmarknet_mimic_v1,42,08efbdb5ab95
21 Mar 2025,2025-03-21,Maharashtra,Solapur,Solapur,Onion,FAQ,FAQ,1107.39,1614.64,1361.01,2248.63,True,agmarknet_mimic_v1,42,08efbdb5ab95
22 Mar 2025,2025-03-22,Maharashtra,Solapur,Solapur,Onion,Red,FAQ,1193.46,1698.03,1445.75,2978.52,True,agmarknet_mimic_v1,42,08efbdb5ab95
24 Mar 2025,2025-03-24,Maharashtra,Solapur,Solapur,Onion,Nasik,FAQ,1184.66,1658.79,1421.72,3194.35,True,agmarknet_mimic_v1,42,08efbdb5ab95
25 Mar 2025,2025-03-25,Maharashtra,Solapur,Solapur,Onion,Red,FAQ,1177.72,1747.23,1462.47,2405.27,True,agmarknet_mimic_v1,42,08efbdb5ab95
26 Mar 2025,2025-03-26,Maharashtra,Solapur,Solapur,Onion,Red,FAQ,1184.72,1682.83,1433.78,2580.58,True,agmarknet_mimic_v1,42,08efbdb5ab95
27 Mar 2025,2025-03-27,Maharashtra,Solapur,Solapur,Onion,Red,FAQ,1178.99,1686.26,1432.63,2808.21,True,agmarknet_mimic_v1,42,08efbdb5ab95
28 Mar 2025,2025-03-28,Maharashtra,Solapur,Solapur,Onion,Red,FAQ,1260.25,1650.35,1455.3,2922.3,True,agmarknet_mimic_v1,42,08efbdb5ab95
29 Mar 2025,2025-03-29,Maharashtra,Solapur,Solapur,Onion,Red,FAQ,1211.3,1760.4,1485.85,2497.6,True,agmarknet_mimic_v1,42,08efbdb5ab95
31 Mar 2025,2025-03-31,Maharashtra,Solapur,Solapur,Onion,FAQ,FAQ,1333.0,1693.21,1513.11,3382.47,True,agmarknet_mimic_v1,42,08efbdb5ab95
01 Apr 2025,2025-04-01,Maharashtra,Solapur,Solapur,Onion,Nasik,FAQ,1267.83,1852.08,1559.96,2707.09,True,agmarknet_mimic_v1,42,08efbdb5ab95
02 Apr 2025,2025-04-02,Maharashtra,Solapur,Solapur,Onion,Red,FAQ,1241.88,1724.26,1483.07,2769.4,True,agmarknet_mimic_v1,42,08efbdb5ab95
03 Apr 2025,2025-04-03,Maharashtra,Solapur,Solapur,Onion,FAQ,FAQ,1356.17,1695.13,1525.65,2463.11,True,agmarknet_mimic_v1,42,08efbdb5ab95
04 Apr 2025,2025-04-04,Maharashtra,Solapur,Solapur,Onion,Red,FAQ,1205.06,1778.42,1491.74,3003.1,True,agmarknet_mimic_v1,42,08efbdb5ab95
05 Apr 2025,2025-04-05,Maharashtra,Solapur,Solapur,Onion,Red,FAQ,1239.45,1759.36,1499.41,2717.14,True,agmarknet_mimic_v1,42,08efbdb5ab95
07 Apr 2025,2025-04-07,Maharashtra,Solapur,Solapur,Onion,FAQ,FAQ,1298.18,1792.19,1545.19,2759.15,True,agmarknet_mimic_v1,42,08efbdb5ab95
08 Apr 2025,2025-04-08,Maharashtra,Solapur,Solapur,Onion,Nasik,FAQ,1291.45,1609.98,1450.71,3140.17,True,agmarknet_mimic_v1,42,08efbdb5ab95
09 Apr 2025,2025-04-09,Maharashtra,Solapur,Solapur,Onion,FAQ,FAQ,1242.34,1758.55,1500.44,3036.44,True,agmarknet_mimic_v1,42,08efbdb5ab95
10 Apr 2025,2025-04-10,Maharashtra,Solapur,Solapur,Onion,Nasik,FAQ,1348.12,1777.08,1562.6,1913.72,True,agmarknet_mimic_v1,42,08efbdb5ab95
11 Apr 2025,2025-04-11,Maharashtra,Solapur,Solapur,Onion,Red,FAQ,1384.01,1959.68,1671.85,3005.39,True,agmarknet_mimic_v1,42,08efbdb5ab95
12 Apr 2025,2025-04-12,Maharashtra,Solapur,Solapur,Onion,FAQ,FAQ,1292.97,1758.05,1525.51,3076.69,True,agmarknet_mimic_v1,42,08efbdb5ab95
14 Apr 2025,2025-04-14,Maharashtra,Solapur,Solapur,Onion,Nasik,FAQ,1305.4,1835.24,1570.32,2473.83,True,agmarknet_mimic_v1,42,08efbdb5ab95
15 Apr 2025,2025-04-15,Maharashtra,Solapur,Solapur,Onion,FAQ,FAQ,1314.2,1949.26,1631.73,3043.4,True,agmarknet_mimic_v1,42,08efbdb5ab95
16 Apr 2025,2025-04-16,Maharashtra,Solapur,Solapur,Onion,Red,FAQ,1240.51,1796.03,1518.27,2294.21,True,agmarknet_mimic_v1,42,08efbdb5ab95
17 Apr 2025,2025-04-17,Maharashtra,Solapur,Solapur,Onion,FAQ,FAQ,1271.78,1823.78,1547.78,2066.79,True,agmarknet_mimic_v1,42,08efbdb5ab95
18 Apr 2025,2025-04-18,Maharashtra,Solapur,Solapur,Onion,Nasik,FAQ,1331.37,1911.13,1621.25,2389.31,True,agmarknet_mimic_v1,42,08efbdb5ab95
19 Apr 2025,2025-04-19,Maharashtra,Solapur,Solapur,Onion,Red,FAQ,1251.04,1779.85,1515.45,2589.42,True,agmarknet_mimic_v1,42,08efbdb5ab95
21 Apr 2025,2025-04-21,Maharashtra,Solapur,Solapur,Onion,Nasik,FAQ,1267.6,1849.39,1558.5,2661.96,True,agmarknet_mimic_v1,42,08efbdb5ab95
22 Apr 2025,2025-04-22,Maharashtra,Solapur,Solapur,Onion,Nasik,FAQ,1349.16,1861.1,1605.13,2526.5,True,agmarknet_mimic_v1,42,08efbdb5ab95
23 Apr 2025,2025-04-23,Maharashtra,Solapur,Solapur,Onion,FAQ,FAQ,1400.77,1898.22,1649.5,2311.78,True,agmarknet_mimic_v1,42,08efbdb5ab95
24 Apr 2025,2025-04-24,Maharashtra,Solapur,Solapur,Onion,FAQ,FAQ,1454.04,1815.78,1634.91,2556.96,True,agmarknet_mimic_v1,42,08efbdb5ab95
25 Apr 2025,2025-04-25,Maharashtra,Solapur,Solapur,Onion,Nasik,FAQ,1456.12,1822.41,1639.27,2347.93,True,agmarknet_mimic_v1,42,08efbdb5ab95
26 Apr 2025,2025-04-26,Maharashtra,Solapur,Solapur,Onion,FAQ,FAQ,1389.94,1985.51,1687.73,2849.28,True,agmarknet_mimic_v1,42,08efbdb5ab95
28 Apr 2025,2025-04-28,Maharashtra,Solapur,Solapur,Onion,Nasik,FAQ,1446.68,1904.31,1675.5,2372.8,True,agmarknet_mimic_v1,42,08efbdb5ab95
29 Apr 2025,2025-04-29,Maharashtra,Solapur,Solapur,Onion,FAQ,FAQ,1358.88,1915.07,1636.98,3082.3,True,agmarknet_mimic_v1,42,08efbdb5ab95
30 Apr 2025,2025-04-30,Maharashtra,Solapur,Solapur,Onion,FAQ,FAQ,1544.31,1962.53,1753.42,2163.97,True,agmarknet_mimic_v1,42,08efbdb5ab95
01 May 2025,2025-05-01,Maharashtra,Solapur,Solapur,Onion,Red,FAQ,1440.49,2056.96,1748.72,3031.48,True,agmarknet_mimic_v1,42,08efbdb5ab95
02 May 2025,2025-05-02,Maharashtra,Solapur,Solapur,Onion,Nasik,FAQ,1565.4,2053.85,1809.62,2578.35,True,agmarknet_mimic_v1,42,08efbdb5ab95
03 May 2025,2025-05-03,Maharashtra,Solapur,Solapur,Onion,Nasik,FAQ,1456.78,2112.27,1784.52,2373.24,True,agmarknet_mimic_v1,42,08efbdb5ab95
05 May 2025,2025-05-05,Maharashtra,Solapur,Solapur,Onion,FAQ,FAQ,1645.35,2106.27,1875.81,2470.83,True,agmarknet_mimic_v1,42,08efbdb5ab95
06 May 2025,2025-05-06,Maharashtra,Solapur,Solapur,Onion,Red,FAQ,1603.21,2196.16,1899.69,2617.6,True,agmarknet_mimic_v1,42,08efbdb5ab95
07 May 2025,2025-05-07,Maharashtra,Solapur,Solapur,Onion,FAQ,FAQ,1554.33,2282.2,1918.26,2774.21,True,agmarknet_mimic_v1,42,08efbdb5ab95
08 May 2025,2025-05-08,Maharashtra,Solapur,Solapur,Onion,Red,FAQ,1570.31,2328.85,1949.58,1876.38,True,agmarknet_mimic_v1,42,08efbdb5ab95
09 May 2025,2025-05-09,Maharashtra,Solapur,Solapur,Onion,Nasik,FAQ,1691.7,2186.63,1939.16,2261.64,True,agmarknet_mimic_v1,42,08efbdb5ab95
10 May 2025,2025-05-10,Maharashtra,Solapur,Solapur,Onion,FAQ,FAQ,1677.43,2275.2,1976.32,2727.25,True,agmarknet_mimic_v1,42,08efbdb5ab95
12 May 2025,2025-05-12,Maharashtra,Solapur,Solapur,Onion,Red,FAQ,1667.39,2298.56,1982.98,2471.58,True,agmarknet_mimic_v1,42,08efbdb5ab95
13 May 2025,2025-05-13,Maharashtra,Solapur,Solapur,Onion,Nasik,FAQ,1569.86,2192.86,1881.36,2838.49,True,agmarknet_mimic_v1,42,08efbdb5ab95
14 May 2025,2025-05-14,Maharashtra,Solapur,Solapur,Onion,Red,FAQ,1509.11,2124.67,1816.89,2413.82,True,agmarknet_mimic_v1,42,08efbdb5ab95
15 May 2025,2025-05-15,Maharashtra,Solapur,Solapur,Onion,Red,FAQ,1606.07,2090.5,1848.28,1698.32,True,agmarknet_mimic_v1,42,08efbdb5ab95
16 May 2025,2025-05-16,Maharashtra,Solapur,Solapur,Onion,Nasik,FAQ,1674.86,2131.23,1903.05,1720.74,True,agmarknet_mimic_v1,42,08efbdb5ab95
17 May 2025,2025-05-17,Maharashtra,Solapur,Solapur,Onion,Nasik,FAQ,1638.73,2305.86,1972.3,2601.43,True,agmarknet_mimic_v1,42,08efbdb5ab95
19 May 2025,2025-05-19,Maharashtra,Solapur,Solapur,Onion,FAQ,FAQ,1774.95,2282.61,2028.78,2695.96,True,agmarknet_mimic_v1,42,08efbdb5ab95
20 May 2025,2025-05-20,Maharashtra,Solapur,Solapur,Onion,FAQ,FAQ,1732.55,2155.5,1944.02,2315.57,True,agmarknet_mimic_v1,42,08efbdb5ab95
21 May 2025,2025-05-21,Maharashtra,Solapur,Solapur,Onion,Red,FAQ,1629.9,2349.58,1989.74,2777.21,True,agmarknet_mimic_v1,42,08efbdb5ab95
22 May 2025,2025-05-22,Maharashtra,Solapur,Solapur,Onion,FAQ,FAQ,1655.94,2247.72,1951.83,2034.49,True,agmarknet_mimic_v1,42,08efbdb5ab95
23 May 2025,2025-05-23,Maharashtra,Solapur,Solapur,Onion,Red,FAQ,1619.44,2306.21,1962.83,1068.37,True,agmarknet_mimic_v1,42,08efbdb5ab95
24 May 2025,2025-05-24,Maharashtra,Solapur,Solapur,Onion,FAQ,FAQ,1797.95,2244.66,2021.31,3063.69,True,agmarknet_mimic_v1,42,08efbdb5ab95
26 May 2025,2025-05-26,Maharashtra,Solapur,Solapur,Onion,FAQ,FAQ,1780.69,2254.66,2017.68,2147.1,True,agmarknet_mimic_v1,42,08efbdb5ab95
27 May 2025,2025-05-27,Maharashtra,Solapur,Solapur,Onion,Nasik,FAQ,1701.58,2360.38,2030.98,2775.74,True,agmarknet_mimic_v1,42,08efbdb5ab95
28 May 2025,2025-05-28,Maharashtra,Solapur,Solapur,Onion,Nasik,FAQ,1843.09,2331.67,2087.38,2735.35,True,agmarknet_mimic_v1,42,08efbdb5ab95
29 May 2025,2025-05-29,Maharashtra,Solapur,Solapur,Onion,Red,FAQ,1846.57,2396.13,2121.35,2377.65,True,agmarknet_mimic_v1,42,08efbdb5ab95
30 May 2025,2025-05-30,Maharashtra,Solapur,Solapur,Onion,FAQ,FAQ,1823.36,2606.64,2215.0,2204.1,True,agmarknet_mimic_v1,42,08efbdb5ab95
31 May 2025,2025-05-31,Maharashtra,Solapur,Solapur,Onion,FAQ,FAQ,1826.83,2456.06,2141.45,2282.38,True,agmarknet_mimic_v1,42,08efbdb5ab95
02 Jun 2025,2025-06-02,Maharashtra,Solapur,Solapur,Onion,Nasik,FAQ,1965.62,2564.55,2265.08,1951.35,True,agmarknet_mimic_v1,42,08efbdb5ab95
03 Jun 2025,2025-06-03,Maharashtra,Solapur,Solapur,Onion,Red,FAQ,1930.55,2769.82,2350.18,2299.08,True,agmarknet_mimic_v1,42,08efbdb5ab95
04 Jun 2025,2025-06-04,Maharashtra,Solapur,Solapur,Onion,FAQ,FAQ,1862.5,2760.93,2311.72,1911.25,True,agmarknet_mimic_v1,42,08efbdb5ab95
05 Jun 2025,2025-06-05,Maharashtra,Solapur,Solapur,Onion,Red,FAQ,2070.92,2829.16,2450.04,1988.21,True,agmarknet_mimic_v1,42,08efbdb5ab95
06 Jun 2025,2025-06-06,Maharashtra,Solapur,Solapur,Onion,Red,FAQ,2052.82,2858.26,2455.54,1751.67,True,agmarknet_mimic_v1,42,08efbdb5ab95
07 Jun 2025,2025-06-07,Maharashtra,Solapur,Solapur,Onion,FAQ,FAQ,2209.59,2802.5,2506.04,2128.48,True,agmarknet_mimic_v1,42,08efbdb5ab95
09 Jun 2025,2025-06-09,Maharashtra,Solapur,Solapur,Onion,Nasik,FAQ,2109.77,2733.47,2421.62,2050.28,True,agmarknet_mimic_v1,42,08efbdb5ab95
10 Jun 2025,2025-06-10,Maharashtra,Solapur,Solapur,Onion,FAQ,FAQ,2114.34,2941.98,2528.16,2471.56,True,agmarknet_mimic_v1,42,08efbdb5ab95
11 Jun 2025,2025-06-11,Maharashtra,Solapur,Solapur,Onion,Nasik,FAQ,2185.17,2933.62,2559.39,2097.82,True,agmarknet_mimic_v1,42,08efbdb5ab95
12 Jun 2025,2025-06-12,Maharashtra,Solapur,Solapur,Onion,Nasik,FAQ,2127.57,2903.01,2515.29,2376.78,True,agmarknet_mimic_v1,42,08efbdb5ab95
13 Jun 2025,2025-06-13,Maharashtra,Solapur,Solapur,Onion,Red,FAQ,2142.27,2798.38,2470.32,2299.48,True,agmarknet_mimic_v1,42,08efbdb5ab95
14 Jun 2025,2025-06-14,Maharashtra,Solapur,Solapur,Onion,Red,FAQ,2026.11,2647.39,2336.75,2602.73,True,agmarknet_mimic_v1,42,08efbdb5ab95
16 Jun 2025,2025-06-16,Maharashtra,Solapur,Solapur,Onion,Nasik,FAQ,2063.21,2935.79,2499.5,2031.13,True,agmarknet_mimic_v1,42,08efbdb5ab95
17 Jun 2025,2025-06-17,Maharashtra,Solapur,Solapur,Onion,Nasik,FAQ,2148.61,2846.41,2497.51,1925.25,True,agmarknet_mimic_v1,42,08efbdb5ab95
18 Jun 2025,2025-06-18,Maharashtra,Solapur,Solapur,Onion,FAQ,FAQ,1991.4,2953.63,2472.51,2573.3,True,agmarknet_mimic_v1,42,08efbdb5ab95
19 Jun 2025,2025-06-19,Maharashtra,Solapur,Solapur,Onion,Red,FAQ,2125.55,2794.96,2460.25,2004.03,True,agmarknet_mimic_v1,42,08efbdb5ab95
20 Jun 2025,2025-06-20,Maharashtra,Solapur,Solapur,Onion,Red,FAQ,2069.48,2800.34,2434.91,2398.91,True,agmarknet_mimic_v1,42,08efbdb5ab95
21 Jun 2025,2025-06-21,Maharashtra,Solapur,Solapur,Onion,FAQ,FAQ,2068.41,2886.09,2477.25,2757.97,True,agmarknet_mimic_v1,42,08efbdb5ab95
23 Jun 2025,2025-06-23,Maharashtra,Solapur,Solapur,Onion,FAQ,FAQ,2157.53,2854.28,2505.91,2587.71,True,agmarknet_mimic_v1,42,08efbdb5ab95
24 Jun 2025,2025-06-24,Maharashtra,Solapur,Solapur,Onion,Nasik,FAQ,2113.48,2960.32,2536.9,1890.68,True,agmarknet_mimic_v1,42,08efbdb5ab95
25 Jun 2025,2025-06-25,Maharashtra,Solapur,Solapur,Onion,FAQ,FAQ,2114.53,2899.04,2506.79,2195.24,True,agmarknet_mimic_v1,42,08efbdb5ab95
26 Jun 2025,2025-06-26,Maharashtra,Solapur,Solapur,Onion,Nasik,FAQ,2110.13,3052.33,2581.23,2652.43,True,agmarknet_mimic_v1,42,08efbdb5ab95
27 Jun 2025,2025-06-27,Maharashtra,Solapur,Solapur,Onion,Nasik,FAQ,2210.14,2788.46,2499.3,2022.3,True,agmarknet_mimic_v1,42,08efbdb5ab95
28 Jun 2025,2025-06-28,Maharashtra,Solapur,Solapur,Onion,Red,FAQ,2087.03,2822.94,2454.99,2087.01,True,agmarknet_mimic_v1,42,08efbdb5ab95
30 Jun 2025,2025-06-30,Maharashtra,Solapur,Solapur,Onion,Nasik,FAQ,2093.62,2984.62,2539.12,2946.29,True,agmarknet_mimic_v1,42,08efbdb5ab95
01 Jul 2025,2025-07-01,Maharashtra,Solapur,Solapur,Onion,FAQ,FAQ,2400.25,2968.91,2684.58,2195.56,True,agmarknet_mimic_v1,42,08efbdb5ab95
02 Jul 2025,2025-07-02,Maharashtra,Solapur,Solapur,Onion,Nasik,FAQ,2294.08,2862.77,2578.42,1996.44,True,agmarknet_mimic_v1,42,08efbdb5ab95
03 Jul 2025,2025-07-03,Maharashtra,Solapur,Solapur,Onion,FAQ,FAQ,2143.0,3150.9,2646.95,2606.95,True,agmarknet_mimic_v1,42,08efbdb5ab95
04 Jul 2025,2025-07-04,Maharashtra,Solapur,Solapur,Onion,Red,FAQ,2299.71,2908.94,2604.33,2157.77,True,agmarknet_mimic_v1,42,08efbdb5ab95
05 Jul 2025,2025-07-05,Maharashtra,Solapur,Solapur,Onion,FAQ,FAQ,2369.15,3007.04,2688.09,2918.66,True,agmarknet_mimic_v1,42,08efbdb5ab95
07 Jul 2025,2025-07-07,Maharashtra,Solapur,Solapur,Onion,Red,FAQ,2393.22,3049.9,2721.56,2484.81,True,agmarknet_mimic_v1,42,08efbdb5ab95
08 Jul 2025,2025-07-08,Maharashtra,Solapur,Solapur,Onion,Nasik,FAQ,2272.33,3369.48,2820.91,2181.78,True,agmarknet_mimic_v1,42,08efbdb5ab95
09 Jul 2025,2025-07-09,Maharashtra,Solapur,Solapur,Onion,FAQ,FAQ,2407.59,3130.98,2769.28,2798.09,True,agmarknet_mimic_v1,42,08efbdb5ab95
10 Jul 2025,2025-07-10,Maharashtra,Solapur,Solapur,Onion,Nasik,FAQ,2474.73,3058.51,2766.62,2045.67,True,agmarknet_mimic_v1,42,08efbdb5ab95
11 Jul 2025,2025-07-11,Maharashtra,Solapur,Solapur,Onion,Red,FAQ,2343.31,3108.45,2725.88,2811.28,True,agmarknet_mimic_v1,42,08efbdb5ab95
12 Jul 2025,2025-07-12,Maharashtra,Solapur,Solapur,Onion,Red,FAQ,2314.98,3093.01,2703.99,2434.18,True,agmarknet_mimic_v1,42,08efbdb5ab95
14 Jul 2025,2025-07-14,Maharashtra,Solapur,Solapur,Onion,Nasik,FAQ,2421.53,3115.11,2768.32,2238.84,True,agmarknet_mimic_v1,42,08efbdb5ab95
15 Jul 2025,2025-07-15,Maharashtra,Solapur,Solapur,Onion,Red,FAQ,2302.77,3156.25,2729.51,2279.01,True,agmarknet_mimic_v1,42,08efbdb5ab95
16 Jul 2025,2025-07-16,Maharashtra,Solapur,Solapur,Onion,Red,FAQ,2269.75,3148.35,2709.05,2329.53,True,agmarknet_mimic_v1,42,08efbdb5ab95
17 Jul 2025,2025-07-17,Maharashtra,Solapur,Solapur,Onion,Red,FAQ,2311.86,3032.97,2672.42,3175.37,True,agmarknet_mimic_v1,42,08efbdb5ab95
18 Jul 2025,2025-07-18,Maharashtra,Solapur,Solapur,Onion,Nasik,FAQ,2256.47,2903.29,2579.88,1798.93,True,agmarknet_mimic_v1,42,08efbdb5ab95
19 Jul 2025,2025-07-19,Maharashtra,Solapur,Solapur,Onion,Red,FAQ,2342.85,2919.21,2631.03,2221.4,True,agmarknet_mimic_v1,42,08efbdb5ab95
21 Jul 2025,2025-07-21,Maharashtra,Solapur,Solapur,Onion,FAQ,FAQ,2181.16,3125.66,2653.41,2063.65,True,agmarknet_mimic_v1,42,08efbdb5ab95
22 Jul 2025,2025-07-22,Maharashtra,Solapur,Solapur,Onion,Nasik,FAQ,2257.76,2822.6,2540.18,1733.88,True,agmarknet_mimic_v1,42,08efbdb5ab95
23 Jul 2025,2025-07-23,Maharashtra,Solapur,Solapur,Onion,Nasik,FAQ,2309.15,2868.18,2588.66,2382.98,True,agmarknet_mimic_v1,42,08efbdb5ab95
24 Jul 2025,2025-07-24,Maharashtra,Solapur,Solapur,Onion,Red,FAQ,2049.09,2930.68,2489.88,1111.27,True,agmarknet_mimic_v1,42,08efbdb5ab95
25 Jul 2025,2025-07-25,Maharashtra,Solapur,Solapur,Onion,FAQ,FAQ,2222.72,2924.7,2573.71,2469.05,True,agmarknet_mimic_v1,42,08efbdb5ab95
26 Jul 2025,2025-07-26,Maharashtra,Solapur,Solapur,Onion,Red,FAQ,2213.45,3059.58,2636.52,1299.96,True,agmarknet_mimic_v1,42,08efbdb5ab95
28 Jul 2025,2025-07-28,Maharashtra,Solapur,Solapur,Onion,Red,FAQ,2299.36,3039.98,2669.67,1920.89,True,agmarknet_mimic_v1,42,08efbdb5ab95
29 Jul 2025,2025-07-29,Maharashtra,Solapur,Solapur,Onion,Nasik,FAQ,2331.44,2952.66,2642.05,1809.84,True,agmarknet_mimic_v1,42,08efbdb5ab95
30 Jul 2025,2025-07-30,Maharashtra,Solapur,Solapur,Onion,FAQ,FAQ,2194.82,3165.1,2679.96,2617.27,True,agmarknet_mimic_v1,42,08efbdb5ab95
31 Jul 2025,2025-07-31,Maharashtra,Solapur,Solapur,Onion,Nasik,FAQ,2078.18,3073.36,2575.77,2126.43,True,agmarknet_mimic_v1,42,08efbdb5ab95
01 Aug 2025,2025-08-01,Maharashtra,Solapur,Solapur,Onion,Nasik,FAQ,2264.4,3120.81,2692.61,1852.48,True,agmarknet_mimic_v1,42,08efbdb5ab95
02 Aug 2025,2025-08-02,Maharashtra,Solapur,Solapur,Onion,Nasik,FAQ,2171.24,3194.38,2682.81,2316.04,True,agmarknet_mimic_v1,42,08efbdb5ab95
04 Aug 2025,2025-08-04,Maharashtra,Solapur,Solapur,Onion,Nasik,FAQ,2303.18,3051.82,2677.5,2133.63,True,agmarknet_mimic_v1,42,08efbdb5ab95
05 Aug 2025,2025-08-05,Maharashtra,Solapur,Solapur,Onion,FAQ,FAQ,2368.94,2954.72,2661.83,1941.33,True,agmarknet_mimic_v1,42,08efbdb5ab95
06 Aug 2025,2025-08-06,Maharashtra,Solapur,Solapur,Onion,Red,FAQ,2258.08,2967.46,2612.77,1872.15,True,agmarknet_mimic_v1,42,08efbdb5ab95
07 Aug 2025,2025-08-07,Maharashtra,Solapur,Solapur,Onion,Red,FAQ,2194.49,2988.11,2591.3,1224.61,True,agmarknet_mimic_v1,42,08efbdb5ab95
08 Aug 2025,2025-08-08,Maharashtra,Solapur,Solapur,Onion,Red,FAQ,2194.57,3047.5,2621.03,1974.28,True,agmarknet_mimic_v1,42,08efbdb5ab95
09 Aug 2025,2025-08-09,Maharashtra,Solapur,Solapur,Onion,Red,FAQ,2251.72,2908.17,2579.94,2501.43,True,agmarknet_mimic_v1,42,08efbdb5ab95
11 Aug 2025,2025-08-11,Maharashtra,Solapur,Solapur,Onion,FAQ,FAQ,2275.2,2904.46,2589.83,1795.05,True,agmarknet_mimic_v1,42,08efbdb5ab95
12 Aug 2025,2025-08-12,Maharashtra,Solapur,Solapur,Onion,Red,FAQ,2301.94,2892.13,2597.03,2234.57,True,agmarknet_mimic_v1,42,08efbdb5ab95
13 Aug 2025,2025-08-13,Maharashtra,Solapur,Solapur,Onion,FAQ,FAQ,2092.76,2910.94,2501.85,2139.47,True,agmarknet_mimic_v1,42,08efbdb5ab95
14 Aug 2025,2025-08-14,Maharashtra,Solapur,Solapur,Onion,Red,FAQ,2108.25,2977.93,2543.09,2365.12,True,agmarknet_mimic_v1,42,08efbdb5ab95
15 Aug 2024,2024-08-15,Maharashtra,Ahilyanagar,Rahuri,Onion,Red,FAQ,1468.6,1909.32,1688.96,2317.38,True,agmarknet_mimic_v1,42,08efbdb5ab95
16 Aug 2024,2024-08-16,Maharashtra,Ahilyanagar,Rahuri,Onion,Red,FAQ,1607.86,2000.78,1804.32,2182.31,True,agmarknet_mimic_v1,42,08efbdb5ab95
17 Aug 2024,2024-08-17,Maharashtra,Ahilyanagar,Rahuri,Onion,FAQ,FAQ,1504.66,2108.14,1806.4,2550.93,True,agmarknet_mimic_v1,42,08efbdb5ab95
19 Aug 2024,2024-08-19,Maharashtra,Ahilyanagar,Rahuri,Onion,Nasik,FAQ,1571.77,2286.49,1929.13,2133.54,True,agmarknet_mimic_v1,42,08efbdb5ab95
20 Aug 2024,2024-08-20,Maharashtra,Ahilyanagar,Rahuri,Onion,Red,FAQ,1589.39,2134.65,1862.02,1682.43,True,agmarknet_mimic_v1,42,08efbdb5ab95
21 Aug 2024,2024-08-21,Maharashtra,Ahilyanagar,Rahuri,Onion,FAQ,FAQ,1564.39,2087.44,1825.92,2206.47,True,agmarknet_mimic_v1,42,08efbdb5ab95
22 Aug 2024,2024-08-22,Maharashtra,Ahilyanagar,Rahuri,Onion,Nasik,FAQ,1574.02,2100.58,1837.3,1349.17,True,agmarknet_mimic_v1,42,08efbdb5ab95
23 Aug 2024,2024-08-23,Maharashtra,Ahilyanagar,Rahuri,Onion,FAQ,FAQ,1714.0,2264.8,1989.4,2323.21,True,agmarknet_mimic_v1,42,08efbdb5ab95
24 Aug 2024,2024-08-24,Maharashtra,Ahilyanagar,Rahuri,Onion,Nasik,FAQ,1696.43,2306.96,2001.7,2065.53,True,agmarknet_mimic_v1,42,08efbdb5ab95
26 Aug 2024,2024-08-26,Maharashtra,Ahilyanagar,Rahuri,Onion,Nasik,FAQ,1642.0,2317.13,1979.57,2983.51,True,agmarknet_mimic_v1,42,08efbdb5ab95
27 Aug 2024,2024-08-27,Maharashtra,Ahilyanagar,Rahuri,Onion,Red,FAQ,1683.31,2329.63,2006.47,1681.65,True,agmarknet_mimic_v1,42,08efbdb5ab95
28 Aug 2024,2024-08-28,Maharashtra,Ahilyanagar,Rahuri,Onion,FAQ,FAQ,1780.98,2278.4,2029.69,1988.25,True,agmarknet_mimic_v1,42,08efbdb5ab95
29 Aug 2024,2024-08-29,Maharashtra,Ahilyanagar,Rahuri,Onion,Nasik,FAQ,1805.75,2405.44,2105.6,1916.19,True,agmarknet_mimic_v1,42,08efbdb5ab95
30 Aug 2024,2024-08-30,Maharashtra,Ahilyanagar,Rahuri,Onion,Red,FAQ,1647.32,2440.72,2044.02,2157.33,True,agmarknet_mimic_v1,42,08efbdb5ab95
31 Aug 2024,2024-08-31,Maharashtra,Ahilyanagar,Rahuri,Onion,Nasik,FAQ,1856.27,2354.13,2105.2,1801.69,True,agmarknet_mimic_v1,42,08efbdb5ab95
02 Sep 2024,2024-09-02,Maharashtra,Ahilyanagar,Rahuri,Onion,Nasik,FAQ,1950.7,2422.21,2186.45,1875.34,True,agmarknet_mimic_v1,42,08efbdb5ab95
03 Sep 2024,2024-09-03,Maharashtra,Ahilyanagar,Rahuri,Onion,Nasik,FAQ,1818.57,2576.76,2197.67,2238.5,True,agmarknet_mimic_v1,42,08efbdb5ab95
04 Sep 2024,2024-09-04,Maharashtra,Ahilyanagar,Rahuri,Onion,Nasik,FAQ,2026.79,2574.25,2300.52,2449.25,True,agmarknet_mimic_v1,42,08efbdb5ab95
05 Sep 2024,2024-09-05,Maharashtra,Ahilyanagar,Rahuri,Onion,Nasik,FAQ,2046.2,2618.01,2332.1,1849.61,True,agmarknet_mimic_v1,42,08efbdb5ab95
06 Sep 2024,2024-09-06,Maharashtra,Ahilyanagar,Rahuri,Onion,Nasik,FAQ,1882.36,2577.45,2229.9,2322.83,True,agmarknet_mimic_v1,42,08efbdb5ab95
07 Sep 2024,2024-09-07,Maharashtra,Ahilyanagar,Rahuri,Onion,Red,FAQ,1971.43,2484.83,2228.13,2988.14,True,agmarknet_mimic_v1,42,08efbdb5ab95
09 Sep 2024,2024-09-09,Maharashtra,Ahilyanagar,Rahuri,Onion,Red,FAQ,2010.85,2687.6,2349.23,1919.5,True,agmarknet_mimic_v1,42,08efbdb5ab95
10 Sep 2024,2024-09-10,Maharashtra,Ahilyanagar,Rahuri,Onion,Nasik,FAQ,1796.2,2577.65,2186.93,1814.71,True,agmarknet_mimic_v1,42,08efbdb5ab95
11 Sep 2024,2024-09-11,Maharashtra,Ahilyanagar,Rahuri,Onion,Nasik,FAQ,1796.19,2394.97,2095.58,2498.1,True,agmarknet_mimic_v1,42,08efbdb5ab95
12 Sep 2024,2024-09-12,Maharashtra,Ahilyanagar,Rahuri,Onion,Red,FAQ,1869.58,2560.35,2214.96,2317.06,True,agmarknet_mimic_v1,42,08efbdb5ab95
13 Sep 2024,2024-09-13,Maharashtra,Ahilyanagar,Rahuri,Onion,Red,FAQ,1798.97,2568.8,2183.89,2412.97,True,agmarknet_mimic_v1,42,08efbdb5ab95
14 Sep 2024,2024-09-14,Maharashtra,Ahilyanagar,Rahuri,Onion,Nasik,FAQ,1816.47,2665.21,2240.84,1926.62,True,agmarknet_mimic_v1,42,08efbdb5ab95
16 Sep 2024,2024-09-16,Maharashtra,Ahilyanagar,Rahuri,Onion,Nasik,FAQ,1822.3,2622.29,2222.29,1984.99,True,agmarknet_mimic_v1,42,08efbdb5ab95
17 Sep 2024,2024-09-17,Maharashtra,Ahilyanagar,Rahuri,Onion,Nasik,FAQ,1874.63,2470.48,2172.55,2370.09,True,agmarknet_mimic_v1,42,08efbdb5ab95
18 Sep 2024,2024-09-18,Maharashtra,Ahilyanagar,Rahuri,Onion,FAQ,FAQ,1899.8,2393.38,2146.59,2748.41,True,agmarknet_mimic_v1,42,08efbdb5ab95
19 Sep 2024,2024-09-19,Maharashtra,Ahilyanagar,Rahuri,Onion,Nasik,FAQ,1707.26,2480.5,2093.88,2182.99,True,agmarknet_mimic_v1,42,08efbdb5ab95
20 Sep 2024,2024-09-20,Maharashtra,Ahilyanagar,Rahuri,Onion,Red,FAQ,1749.23,2346.34,2047.78,2812.25,True,agmarknet_mimic_v1,42,08efbdb5ab95
21 Sep 2024,2024-09-21,Maharashtra,Ahilyanagar,Rahuri,Onion,Red,FAQ,1619.19,2316.12,1967.65,2091.01,True,agmarknet_mimic_v1,42,08efbdb5ab95
23 Sep 2024,2024-09-23,Maharashtra,Ahilyanagar,Rahuri,Onion,Red,FAQ,1841.0,2366.6,2103.8,2635.52,True,agmarknet_mimic_v1,42,08efbdb5ab95
24 Sep 2024,2024-09-24,Maharashtra,Ahilyanagar,Rahuri,Onion,Nasik,FAQ,1855.01,2305.06,2080.04,1741.74,True,agmarknet_mimic_v1,42,08efbdb5ab95
25 Sep 2024,2024-09-25,Maharashtra,Ahilyanagar,Rahuri,Onion,Red,FAQ,1742.47,2468.9,2105.68,2444.69,True,agmarknet_mimic_v1,42,08efbdb5ab95
26 Sep 2024,2024-09-26,Maharashtra,Ahilyanagar,Rahuri,Onion,Nasik,FAQ,1813.96,2352.03,2082.99,2359.61,True,agmarknet_mimic_v1,42,08efbdb5ab95
27 Sep 2024,2024-09-27,Maharashtra,Ahilyanagar,Rahuri,Onion,Red,FAQ,1674.4,2290.86,1982.63,2293.14,True,agmarknet_mimic_v1,42,08efbdb5ab95
28 Sep 2024,2024-09-28,Maharashtra,Ahilyanagar,Rahuri,Onion,Nasik,FAQ,1659.88,2178.46,1919.17,2254.72,True,agmarknet_mimic_v1,42,08efbdb5ab95
30 Sep 2024,2024-09-30,Maharashtra,Ahilyanagar,Rahuri,Onion,FAQ,FAQ,1653.74,2413.01,2033.37,3052.05,True,agmarknet_mimic_v1,42,08efbdb5ab95
01 Oct 2024,2024-10-01,Maharashtra,Ahilyanagar,Rahuri,Onion,FAQ,FAQ,1666.94,2382.18,2024.56,2152.41,True,agmarknet_mimic_v1,42,08efbdb5ab95
02 Oct 2024,2024-10-02,Maharashtra,Ahilyanagar,Rahuri,Onion,Nasik,FAQ,1596.66,2354.8,1975.73,2809.69,True,agmarknet_mimic_v1,42,08efbdb5ab95
03 Oct 2024,2024-10-03,Maharashtra,Ahilyanagar,Rahuri,Onion,Red,FAQ,1605.08,2262.71,1933.9,1890.04,True,agmarknet_mimic_v1,42,08efbdb5ab95
04 Oct 2024,2024-10-04,Maharashtra,Ahilyanagar,Rahuri,Onion,FAQ,FAQ,1768.12,2326.86,2047.49,1715.28,True,agmarknet_mimic_v1,42,08efbdb5ab95
05 Oct 2024,2024-10-05,Maharashtra,Ahilyanagar,Rahuri,Onion,FAQ,FAQ,1648.28,2377.49,2012.88,2714.4,True,agmarknet_mimic_v1,42,08efbdb5ab95
07 Oct 2024,2024-10-07,Maharashtra,Ahilyanagar,Rahuri,Onion,Red,FAQ,1666.98,2257.75,1962.37,2176.32,True,agmarknet_mimic_v1,42,08efbdb5ab95
08 Oct 2024,2024-10-08,Maharashtra,Ahilyanagar,Rahuri,Onion,FAQ,FAQ,1751.86,2365.26,2058.56,2612.45,True,agmarknet_mimic_v1,42,08efbdb5ab95
09 Oct 2024,2024-10-09,Maharashtra,Ahilyanagar,Rahuri,Onion,Red,FAQ,1663.79,2408.5,2036.14,2864.56,True,agmarknet_mimic_v1,42,08efbdb5ab95
10 Oct 2024,2024-10-10,Maharashtra,Ahilyanagar,Rahuri,Onion,FAQ,FAQ,1671.7,2134.47,1903.08,1922.77,True,agmarknet_mimic_v1,42,08efbdb5ab95
11 Oct 2024,2024-10-11,Maharashtra,Ahilyanagar,Rahuri,Onion,Nasik,FAQ,1672.24,2160.91,1916.57,2507.1,True,agmarknet_mimic_v1,42,08efbdb5ab95
12 Oct 2024,2024-10-12,Maharashtra,Ahilyanagar,Rahuri,Onion,FAQ,FAQ,1582.43,2144.57,1863.5,1407.98,True,agmarknet_mimic_v1,42,08efbdb5ab95
14 Oct 2024,2024-10-14,Maharashtra,Ahilyanagar,Rahuri,Onion,FAQ,FAQ,1597.5,2132.65,1865.07,1670.47,True,agmarknet_mimic_v1,42,08efbdb5ab95
15 Oct 2024,2024-10-15,Maharashtra,Ahilyanagar,Rahuri,Onion,FAQ,FAQ,1527.72,2150.18,1838.95,1860.66,True,agmarknet_mimic_v1,42,08efbdb5ab95
16 Oct 2024,2024-10-16,Maharashtra,Ahilyanagar,Rahuri,Onion,FAQ,FAQ,1574.49,2111.37,1842.93,2325.21,True,agmarknet_mimic_v1,42,08efbdb5ab95
17 Oct 2024,2024-10-17,Maharashtra,Ahilyanagar,Rahuri,Onion,Nasik,FAQ,1480.81,2179.69,1830.25,1920.78,True,agmarknet_mimic_v1,42,08efbdb5ab95
18 Oct 2024,2024-10-18,Maharashtra,Ahilyanagar,Rahuri,Onion,Nasik,FAQ,1537.22,2187.24,1862.23,2253.98,True,agmarknet_mimic_v1,42,08efbdb5ab95
19 Oct 2024,2024-10-19,Maharashtra,Ahilyanagar,Rahuri,Onion,FAQ,FAQ,1580.94,2112.79,1846.86,2639.49,True,agmarknet_mimic_v1,42,08efbdb5ab95
21 Oct 2024,2024-10-21,Maharashtra,Ahilyanagar,Rahuri,Onion,Nasik,FAQ,1440.08,2115.01,1777.54,2496.77,True,agmarknet_mimic_v1,42,08efbdb5ab95
22 Oct 2024,2024-10-22,Maharashtra,Ahilyanagar,Rahuri,Onion,FAQ,FAQ,1616.18,2126.44,1871.31,2506.97,True,agmarknet_mimic_v1,42,08efbdb5ab95
23 Oct 2024,2024-10-23,Maharashtra,Ahilyanagar,Rahuri,Onion,Nasik,FAQ,1514.9,2194.58,1854.74,2988.68,True,agmarknet_mimic_v1,42,08efbdb5ab95
24 Oct 2024,2024-10-24,Maharashtra,Ahilyanagar,Rahuri,Onion,Red,FAQ,1572.51,2015.69,1794.1,2233.8,True,agmarknet_mimic_v1,42,08efbdb5ab95
25 Oct 2024,2024-10-25,Maharashtra,Ahilyanagar,Rahuri,Onion,FAQ,FAQ,1585.37,1975.84,1780.6,2928.99,True,agmarknet_mimic_v1,42,08efbdb5ab95
26 Oct 2024,2024-10-26,Maharashtra,Ahilyanagar,Rahuri,Onion,Nasik,FAQ,1597.81,2077.79,1837.8,2766.82,True,agmarknet_mimic_v1,42,08efbdb5ab95
28 Oct 2024,2024-10-28,Maharashtra,Ahilyanagar,Rahuri,Onion,Red,FAQ,1583.36,2061.68,1822.52,2835.27,True,agmarknet_mimic_v1,42,08efbdb5ab95
29 Oct 2024,2024-10-29,Maharashtra,Ahilyanagar,Rahuri,Onion,Nasik,FAQ,1440.89,2088.45,1764.67,2385.34,True,agmarknet_mimic_v1,42,08efbdb5ab95
30 Oct 2024,2024-10-30,Maharashtra,Ahilyanagar,Rahuri,Onion,FAQ,FAQ,1472.14,2135.9,1804.02,2399.66,True,agmarknet_mimic_v1,42,08efbdb5ab95
31 Oct 2024,2024-10-31,Maharashtra,Ahilyanagar,Rahuri,Onion,Nasik,FAQ,1442.94,2132.5,1787.72,2270.47,True,agmarknet_mimic_v1,42,08efbdb5ab95
01 Nov 2024,2024-11-01,Maharashtra,Ahilyanagar,Rahuri,Onion,Red,FAQ,1537.41,2011.95,1774.68,2489.33,True,agmarknet_mimic_v1,42,08efbdb5ab95
02 Nov 2024,2024-11-02,Maharashtra,Ahilyanagar,Rahuri,Onion,Nasik,FAQ,1550.25,2200.24,1875.25,2445.43,True,agmarknet_mimic_v1,42,08efbdb5ab95
04 Nov 2024,2024-11-04,Maharashtra,Ahilyanagar,Rahuri,Onion,Red,FAQ,1449.94,2078.89,1764.41,2351.33,True,agmarknet_mimic_v1,42,08efbdb5ab95
05 Nov 2024,2024-11-05,Maharashtra,Ahilyanagar,Rahuri,Onion,Red,FAQ,1628.65,2011.67,1820.16,2376.56,True,agmarknet_mimic_v1,42,08efbdb5ab95
06 Nov 2024,2024-11-06,Maharashtra,Ahilyanagar,Rahuri,Onion,Red,FAQ,1531.24,2257.08,1894.16,2246.43,True,agmarknet_mimic_v1,42,08efbdb5ab95
07 Nov 2024,2024-11-07,Maharashtra,Ahilyanagar,Rahuri,Onion,Nasik,FAQ,1602.2,2056.06,1829.13,2664.85,True,agmarknet_mimic_v1,42,08efbdb5ab95
08 Nov 2024,2024-11-08,Maharashtra,Ahilyanagar,Rahuri,Onion,FAQ,FAQ,1495.8,2198.49,1847.14,2368.27,True,agmarknet_mimic_v1,42,08efbdb5ab95
09 Nov 2024,2024-11-09,Maharashtra,Ahilyanagar,Rahuri,Onion,Red,FAQ,1564.07,2096.63,1830.35,2155.65,True,agmarknet_mimic_v1,42,08efbdb5ab95
11 Nov 2024,2024-11-11,Maharashtra,Ahilyanagar,Rahuri,Onion,FAQ,FAQ,1494.46,1963.79,1729.13,2396.13,True,agmarknet_mimic_v1,42,08efbdb5ab95
12 Nov 2024,2024-11-12,Maharashtra,Ahilyanagar,Rahuri,Onion,FAQ,FAQ,1433.97,2044.26,1739.11,2372.47,True,agmarknet_mimic_v1,42,08efbdb5ab95
13 Nov 2024,2024-11-13,Maharashtra,Ahilyanagar,Rahuri,Onion,Red,FAQ,1413.27,1875.51,1644.39,3048.28,True,agmarknet_mimic_v1,42,08efbdb5ab95
14 Nov 2024,2024-11-14,Maharashtra,Ahilyanagar,Rahuri,Onion,Red,FAQ,1396.06,1858.17,1627.11,2772.47,True,agmarknet_mimic_v1,42,08efbdb5ab95
15 Nov 2024,2024-11-15,Maharashtra,Ahilyanagar,Rahuri,Onion,Red,FAQ,1387.39,1911.69,1649.54,2594.88,True,agmarknet_mimic_v1,42,08efbdb5ab95
16 Nov 2024,2024-11-16,Maharashtra,Ahilyanagar,Rahuri,Onion,Red,FAQ,1409.96,1843.58,1626.77,3266.38,True,agmarknet_mimic_v1,42,08efbdb5ab95
18 Nov 2024,2024-11-18,Maharashtra,Ahilyanagar,Rahuri,Onion,Nasik,FAQ,1200.1,1752.1,1476.1,3630.94,True,agmarknet_mimic_v1,42,08efbdb5ab95
19 Nov 2024,2024-11-19,Maharashtra,Ahilyanagar,Rahuri,Onion,Red,FAQ,1327.23,1707.5,1517.37,2780.75,True,agmarknet_mimic_v1,42,08efbdb5ab95
20 Nov 2024,2024-11-20,Maharashtra,Ahilyanagar,Rahuri,Onion,FAQ,FAQ,1326.04,1855.95,1590.99,2711.51,True,agmarknet_mimic_v1,42,08efbdb5ab95
21 Nov 2024,2024-11-21,Maharashtra,Ahilyanagar,Rahuri,Onion,Nasik,FAQ,1324.01,1721.85,1522.93,3249.62,True,agmarknet_mimic_v1,42,08efbdb5ab95
22 Nov 2024,2024-11-22,Maharashtra,Ahilyanagar,Rahuri,Onion,Red,FAQ,1225.73,1735.71,1480.72,1999.08,True,agmarknet_mimic_v1,42,08efbdb5ab95
23 Nov 2024,2024-11-23,Maharashtra,Ahilyanagar,Rahuri,Onion,FAQ,FAQ,1187.7,1609.99,1398.85,3077.23,True,agmarknet_mimic_v1,42,08efbdb5ab95
25 Nov 2024,2024-11-25,Maharashtra,Ahilyanagar,Rahuri,Onion,Red,FAQ,1247.91,1756.79,1502.35,2637.77,True,agmarknet_mimic_v1,42,08efbdb5ab95
26 Nov 2024,2024-11-26,Maharashtra,Ahilyanagar,Rahuri,Onion,FAQ,FAQ,1166.0,1684.78,1425.39,3522.29,True,agmarknet_mimic_v1,42,08efbdb5ab95
27 Nov 2024,2024-11-27,Maharashtra,Ahilyanagar,Rahuri,Onion,FAQ,FAQ,1178.83,1626.73,1402.78,2201.83,True,agmarknet_mimic_v1,42,08efbdb5ab95
28 Nov 2024,2024-11-28,Maharashtra,Ahilyanagar,Rahuri,Onion,Red,FAQ,1273.29,1605.34,1439.32,2782.47,True,agmarknet_mimic_v1,42,08efbdb5ab95
29 Nov 2024,2024-11-29,Maharashtra,Ahilyanagar,Rahuri,Onion,Nasik,FAQ,1334.98,1756.3,1545.64,2738.6,True,agmarknet_mimic_v1,42,08efbdb5ab95
30 Nov 2024,2024-11-30,Maharashtra,Ahilyanagar,Rahuri,Onion,Red,FAQ,1220.09,1767.26,1493.68,3136.89,True,agmarknet_mimic_v1,42,08efbdb5ab95
02 Dec 2024,2024-12-02,Maharashtra,Ahilyanagar,Rahuri,Onion,FAQ,FAQ,1276.31,1650.7,1463.5,2599.25,True,agmarknet_mimic_v1,42,08efbdb5ab95
03 Dec 2024,2024-12-03,Maharashtra,Ahilyanagar,Rahuri,Onion,Nasik,FAQ,1184.1,1754.84,1469.47,2750.92,True,agmarknet_mimic_v1,42,08efbdb5ab95
04 Dec 2024,2024-12-04,Maharashtra,Ahilyanagar,Rahuri,Onion,Nasik,FAQ,1338.5,1701.62,1520.06,3344.89,True,agmarknet_mimic_v1,42,08efbdb5ab95
05 Dec 2024,2024-12-05,Maharashtra,Ahilyanagar,Rahuri,Onion,Red,FAQ,1270.6,1700.79,1485.69,2383.02,True,agmarknet_mimic_v1,42,08efbdb5ab95
06 Dec 2024,2024-12-06,Maharashtra,Ahilyanagar,Rahuri,Onion,Nasik,FAQ,1079.7,1577.49,1328.59,2550.36,True,agmarknet_mimic_v1,42,08efbdb5ab95
07 Dec 2024,2024-12-07,Maharashtra,Ahilyanagar,Rahuri,Onion,Red,FAQ,1129.61,1638.94,1384.28,2978.88,True,agmarknet_mimic_v1,42,08efbdb5ab95
09 Dec 2024,2024-12-09,Maharashtra,Ahilyanagar,Rahuri,Onion,Red,FAQ,1239.79,1543.74,1391.76,2719.28,True,agmarknet_mimic_v1,42,08efbdb5ab95
10 Dec 2024,2024-12-10,Maharashtra,Ahilyanagar,Rahuri,Onion,FAQ,FAQ,1181.3,1685.16,1433.23,3009.79,True,agmarknet_mimic_v1,42,08efbdb5ab95
11 Dec 2024,2024-12-11,Maharashtra,Ahilyanagar,Rahuri,Onion,Red,FAQ,1229.44,1559.85,1394.64,2800.6,True,agmarknet_mimic_v1,42,08efbdb5ab95
12 Dec 2024,2024-12-12,Maharashtra,Ahilyanagar,Rahuri,Onion,Nasik,FAQ,1246.05,1733.54,1489.79,3699.39,True,agmarknet_mimic_v1,42,08efbdb5ab95
13 Dec 2024,2024-12-13,Maharashtra,Ahilyanagar,Rahuri,Onion,Red,FAQ,1276.11,1710.27,1493.19,3554.85,True,agmarknet_mimic_v1,42,08efbdb5ab95
14 Dec 2024,2024-12-14,Maharashtra,Ahilyanagar,Rahuri,Onion,Red,FAQ,1202.62,1580.64,1391.63,3826.02,True,agmarknet_mimic_v1,42,08efbdb5ab95
16 Dec 2024,2024-12-16,Maharashtra,Ahilyanagar,Rahuri,Onion,Red,FAQ,1203.39,1508.55,1355.97,3021.07,True,agmarknet_mimic_v1,42,08efbdb5ab95
17 Dec 2024,2024-12-17,Maharashtra,Ahilyanagar,Rahuri,Onion,Nasik,FAQ,1188.76,1670.28,1429.52,2806.25,True,agmarknet_mimic_v1,42,08efbdb5ab95
18 Dec 2024,2024-12-18,Maharashtra,Ahilyanagar,Rahuri,Onion,Nasik,FAQ,1259.68,1590.49,1425.09,2999.09,True,agmarknet_mimic_v1,42,08efbdb5ab95
19 Dec 2024,2024-12-19,Maharashtra,Ahilyanagar,Rahuri,Onion,Red,FAQ,1150.39,1627.86,1389.13,3230.09,True,agmarknet_mimic_v1,42,08efbdb5ab95
20 Dec 2024,2024-12-20,Maharashtra,Ahilyanagar,Rahuri,Onion,Red,FAQ,1180.96,1603.07,1392.02,3163.02,True,agmarknet_mimic_v1,42,08efbdb5ab95
21 Dec 2024,2024-12-21,Maharashtra,Ahilyanagar,Rahuri,Onion,Red,FAQ,1182.69,1469.66,1326.17,3465.62,True,agmarknet_mimic_v1,42,08efbdb5ab95
23 Dec 2024,2024-12-23,Maharashtra,Ahilyanagar,Rahuri,Onion,FAQ,FAQ,1081.95,1565.72,1323.83,3765.68,True,agmarknet_mimic_v1,42,08efbdb5ab95
24 Dec 2024,2024-12-24,Maharashtra,Ahilyanagar,Rahuri,Onion,Red,FAQ,1060.28,1327.92,1194.1,3374.4,True,agmarknet_mimic_v1,42,08efbdb5ab95
25 Dec 2024,2024-12-25,Maharashtra,Ahilyanagar,Rahuri,Onion,Nasik,FAQ,957.85,1214.18,1086.01,3220.21,True,agmarknet_mimic_v1,42,08efbdb5ab95
26 Dec 2024,2024-12-26,Maharashtra,Ahilyanagar,Rahuri,Onion,Red,FAQ,1024.35,1373.83,1199.09,3669.43,True,agmarknet_mimic_v1,42,08efbdb5ab95
27 Dec 2024,2024-12-27,Maharashtra,Ahilyanagar,Rahuri,Onion,Red,FAQ,951.97,1273.39,1112.68,3645.13,True,agmarknet_mimic_v1,42,08efbdb5ab95
28 Dec 2024,2024-12-28,Maharashtra,Ahilyanagar,Rahuri,Onion,FAQ,FAQ,884.31,1196.79,1040.55,2727.8,True,agmarknet_mimic_v1,42,08efbdb5ab95
30 Dec 2024,2024-12-30,Maharashtra,Ahilyanagar,Rahuri,Onion,FAQ,FAQ,922.54,1255.63,1089.08,3166.32,True,agmarknet_mimic_v1,42,08efbdb5ab95
31 Dec 2024,2024-12-31,Maharashtra,Ahilyanagar,Rahuri,Onion,FAQ,FAQ,880.51,1176.71,1028.61,3670.73,True,agmarknet_mimic_v1,42,08efbdb5ab95
01 Jan 2025,2025-01-01,Maharashtra,Ahilyanagar,Rahuri,Onion,FAQ,FAQ,778.06,1146.37,962.22,2667.33,True,agmarknet_mimic_v1,42,08efbdb5ab95
02 Jan 2025,2025-01-02,Maharashtra,Ahilyanagar,Rahuri,Onion,Nasik,FAQ,746.93,1058.21,902.57,3219.4,True,agmarknet_mimic_v1,42,08efbdb5ab95
03 Jan 2025,2025-01-03,Maharashtra,Ahilyanagar,Rahuri,Onion,Nasik,FAQ,811.93,1003.08,907.5,3519.46,True,agmarknet_mimic_v1,42,08efbdb5ab95
04 Jan 2025,2025-01-04,Maharashtra,Ahilyanagar,Rahuri,Onion,FAQ,FAQ,635.76,862.32,749.04,3266.85,True,agmarknet_mimic_v1,42,08efbdb5ab95
06 Jan 2025,2025-01-06,Maharashtra,Ahilyanagar,Rahuri,Onion,FAQ,FAQ,689.34,986.46,837.9,3762.64,True,agmarknet_mimic_v1,42,08efbdb5ab95
07 Jan 2025,2025-01-07,Maharashtra,Ahilyanagar,Rahuri,Onion,Nasik,FAQ,743.33,933.49,838.41,3376.25,True,agmarknet_mimic_v1,42,08efbdb5ab95
08 Jan 2025,2025-01-08,Maharashtra,Ahilyanagar,Rahuri,Onion,Red,FAQ,828.7,1075.16,951.93,3384.75,True,agmarknet_mimic_v1,42,08efbdb5ab95
09 Jan 2025,2025-01-09,Maharashtra,Ahilyanagar,Rahuri,Onion,Red,FAQ,895.49,1127.08,1011.28,3606.55,True,agmarknet_mimic_v1,42,08efbdb5ab95
10 Jan 2025,2025-01-10,Maharashtra,Ahilyanagar,Rahuri,Onion,Red,FAQ,934.13,1155.43,1044.78,3782.25,True,agmarknet_mimic_v1,42,08efbdb5ab95
11 Jan 2025,2025-01-11,Maharashtra,Ahilyanagar,Rahuri,Onion,Red,FAQ,874.5,1185.22,1029.86,3967.78,True,agmarknet_mimic_v1,42,08efbdb5ab95
13 Jan 2025,2025-01-13,Maharashtra,Ahilyanagar,Rahuri,Onion,FAQ,FAQ,876.24,1166.45,1021.34,3879.46,True,agmarknet_mimic_v1,42,08efbdb5ab95
14 Jan 2025,2025-01-14,Maharashtra,Ahilyanagar,Rahuri,Onion,Nasik,FAQ,927.17,1201.87,1064.52,3214.0,True,agmarknet_mimic_v1,42,08efbdb5ab95
15 Jan 2025,2025-01-15,Maharashtra,Ahilyanagar,Rahuri,Onion,Red,FAQ,899.71,1201.22,1050.46,3386.79,True,agmarknet_mimic_v1,42,08efbdb5ab95
16 Jan 2025,2025-01-16,Maharashtra,Ahilyanagar,Rahuri,Onion,Nasik,FAQ,884.08,1227.81,1055.94,3680.78,True,agmarknet_mimic_v1,42,08efbdb5ab95
17 Jan 2025,2025-01-17,Maharashtra,Ahilyanagar,Rahuri,Onion,Red,FAQ,921.56,1288.3,1104.93,3628.49,True,agmarknet_mimic_v1,42,08efbdb5ab95
18 Jan 2025,2025-01-18,Maharashtra,Ahilyanagar,Rahuri,Onion,Nasik,FAQ,920.1,1263.19,1091.65,3600.28,True,agmarknet_mimic_v1,42,08efbdb5ab95
20 Jan 2025,2025-01-20,Maharashtra,Ahilyanagar,Rahuri,Onion,Red,FAQ,1029.81,1446.36,1238.08,3619.84,True,agmarknet_mimic_v1,42,08efbdb5ab95
21 Jan 2025,2025-01-21,Maharashtra,Ahilyanagar,Rahuri,Onion,Nasik,FAQ,1088.5,1349.71,1219.11,2978.96,True,agmarknet_mimic_v1,42,08efbdb5ab95
22 Jan 2025,2025-01-22,Maharashtra,Ahilyanagar,Rahuri,Onion,Red,FAQ,948.81,1314.41,1131.61,2567.7,True,agmarknet_mimic_v1,42,08efbdb5ab95
23 Jan 2025,2025-01-23,Maharashtra,Ahilyanagar,Rahuri,Onion,Red,FAQ,959.79,1190.55,1075.17,3278.16,True,agmarknet_mimic_v1,42,08efbdb5ab95
24 Jan 2025,2025-01-24,Maharashtra,Ahilyanagar,Rahuri,Onion,Red,FAQ,836.75,1239.63,1038.19,3608.65,True,agmarknet_mimic_v1,42,08efbdb5ab95
25 Jan 2025,2025-01-25,Maharashtra,Ahilyanagar,Rahuri,Onion,Red,FAQ,841.15,1142.43,991.79,3350.86,True,agmarknet_mimic_v1,42,08efbdb5ab95
27 Jan 2025,2025-01-27,Maharashtra,Ahilyanagar,Rahuri,Onion,Nasik,FAQ,772.74,1102.66,937.7,3205.53,True,agmarknet_mimic_v1,42,08efbdb5ab95
28 Jan 2025,2025-01-28,Maharashtra,Ahilyanagar,Rahuri,Onion,FAQ,FAQ,709.12,1030.02,869.57,3407.54,True,agmarknet_mimic_v1,42,08efbdb5ab95
29 Jan 2025,2025-01-29,Maharashtra,Ahilyanagar,Rahuri,Onion,FAQ,FAQ,727.6,1024.41,876.01,3532.57,True,agmarknet_mimic_v1,42,08efbdb5ab95
30 Jan 2025,2025-01-30,Maharashtra,Ahilyanagar,Rahuri,Onion,Red,FAQ,899.4,1150.06,1024.73,3906.5,True,agmarknet_mimic_v1,42,08efbdb5ab95
31 Jan 2025,2025-01-31,Maharashtra,Ahilyanagar,Rahuri,Onion,Nasik,FAQ,919.52,1246.35,1082.93,3465.4,True,agmarknet_mimic_v1,42,08efbdb5ab95
01 Feb 2025,2025-02-01,Maharashtra,Ahilyanagar,Rahuri,Onion,FAQ,FAQ,927.86,1174.58,1051.22,2856.67,True,agmarknet_mimic_v1,42,08efbdb5ab95
03 Feb 2025,2025-02-03,Maharashtra,Ahilyanagar,Rahuri,Onion,FAQ,FAQ,868.91,1166.39,1017.65,3252.52,True,agmarknet_mimic_v1,42,08efbdb5ab95
04 Feb 2025,2025-02-04,Maharashtra,Ahilyanagar,Rahuri,Onion,Nasik,FAQ,858.92,1182.34,1020.63,2550.22,True,agmarknet_mimic_v1,42,08efbdb5ab95
05 Feb 2025,2025-02-05,Maharashtra,Ahilyanagar,Rahuri,Onion,Red,FAQ,791.12,1161.76,976.44,3176.5,True,agmarknet_mimic_v1,42,08efbdb5ab95
06 Feb 2025,2025-02-06,Maharashtra,Ahilyanagar,Rahuri,Onion,FAQ,FAQ,903.73,1217.19,1060.46,3494.46,True,agmarknet_mimic_v1,42,08efbdb5ab95
07 Feb 2025,2025-02-07,Maharashtra,Ahilyanagar,Rahuri,Onion,Red,FAQ,887.63,1273.72,1080.68,3435.14,True,agmarknet_mimic_v1,42,08efbdb5ab95
08 Feb 2025,2025-02-08,Maharashtra,Ahilyanagar,Rahuri,Onion,Nasik,FAQ,958.47,1259.85,1109.16,2208.32,True,agmarknet_mimic_v1,42,08efbdb5ab95
10 Feb 2025,2025-02-10,Maharashtra,Ahilyanagar,Rahuri,Onion,FAQ,FAQ,954.11,1229.38,1091.74,3671.81,True,agmarknet_mimic_v1,42,08efbdb5ab95
11 Feb 2025,2025-02-11,Maharashtra,Ahilyanagar,Rahuri,Onion,FAQ,FAQ,888.04,1121.13,1004.59,2640.18,True,agmarknet_mimic_v1,42,08efbdb5ab95
12 Feb 2025,2025-02-12,Maharashtra,Ahilyanagar,Rahuri,Onion,Nasik,FAQ,851.21,1158.35,1004.78,2491.77,True,agmarknet_mimic_v1,42,08efbdb5ab95
13 Feb 2025,2025-02-13,Maharashtra,Ahilyanagar,Rahuri,Onion,FAQ,FAQ,934.79,1187.14,1060.97,3467.92,True,agmarknet_mimic_v1,42,08efbdb5ab95
14 Feb 2025,2025-02-14,Maharashtra,Ahilyanagar,Rahuri,Onion,Red,FAQ,895.03,1239.58,1067.3,3701.92,True,agmarknet_mimic_v1,42,08efbdb5ab95
15 Feb 2025,2025-02-15,Maharashtra,Ahilyanagar,Rahuri,Onion,Nasik,FAQ,735.09,1059.24,897.17,3067.04,True,agmarknet_mimic_v1,42,08efbdb5ab95
17 Feb 2025,2025-02-17,Maharashtra,Ahilyanagar,Rahuri,Onion,Nasik,FAQ,783.83,1037.16,910.5,2809.79,True,agmarknet_mimic_v1,42,08efbdb5ab95
18 Feb 2025,2025-02-18,Maharashtra,Ahilyanagar,Rahuri,Onion,Red,FAQ,807.98,1077.96,942.97,2963.24,True,agmarknet_mimic_v1,42,08efbdb5ab95
19 Feb 2025,2025-02-19,Maharashtra,Ahilyanagar,Rahuri,Onion,Red,FAQ,792.15,1122.81,957.48,2394.45,True,agmarknet_mimic_v1,42,08efbdb5ab95
20 Feb 2025,2025-02-20,Maharashtra,Ahilyanagar,Rahuri,Onion,Red,FAQ,854.8,1165.63,1010.22,3515.17,True,agmarknet_mimic_v1,42,08efbdb5ab95
21 Feb 2025,2025-02-21,Maharashtra,Ahilyanagar,Rahuri,Onion,FAQ,FAQ,889.18,1314.29,1101.74,2897.66,True,agmarknet_mimic_v1,42,08efbdb5ab95
22 Feb 2025,2025-02-22,Maharashtra,Ahilyanagar,Rahuri,Onion,Red,FAQ,849.02,1212.53,1030.77,3501.11,True,agmarknet_mimic_v1,42,08efbdb5ab95
24 Feb 2025,2025-02-24,Maharashtra,Ahilyanagar,Rahuri,Onion,Nasik,FAQ,867.58,1083.04,975.31,2991.75,True,agmarknet_mimic_v1,42,08efbdb5ab95
25 Feb 2025,2025-02-25,Maharashtra,Ahilyanagar,Rahuri,Onion,Red,FAQ,918.29,1154.27,1036.28,2413.32,True,agmarknet_mimic_v1,42,08efbdb5ab95
26 Feb 2025,2025-02-26,Maharashtra,Ahilyanagar,Rahuri,Onion,Nasik,FAQ,775.12,1086.52,930.82,3069.17,True,agmarknet_mimic_v1,42,08efbdb5ab95
27 Feb 2025,2025-02-27,Maharashtra,Ahilyanagar,Rahuri,Onion,Nasik,FAQ,814.78,1160.36,987.57,2865.02,True,agmarknet_mimic_v1,42,08efbdb5ab95
28 Feb 2025,2025-02-28,Maharashtra,Ahilyanagar,Rahuri,Onion,Nasik,FAQ,847.73,1212.08,1029.91,3009.95,True,agmarknet_mimic_v1,42,08efbdb5ab95
01 Mar 2025,2025-03-01,Maharashtra,Ahilyanagar,Rahuri,Onion,Red,FAQ,937.67,1210.24,1073.95,3284.15,True,agmarknet_mimic_v1,42,08efbdb5ab95
03 Mar 2025,2025-03-03,Maharashtra,Ahilyanagar,Rahuri,Onion,Nasik,FAQ,876.87,1225.96,1051.41,2887.54,True,agmarknet_mimic_v1,42,08efbdb5ab95
04 Mar 2025,2025-03-04,Maharashtra,Ahilyanagar,Rahuri,Onion,Nasik,FAQ,870.69,1252.66,1061.68,3443.58,True,agmarknet_mimic_v1,42,08efbdb5ab95
05 Mar 2025,2025-03-05,Maharashtra,Ahilyanagar,Rahuri,Onion,FAQ,FAQ,916.48,1205.9,1061.19,3045.37,True,agmarknet_mimic_v1,42,08efbdb5ab95
06 Mar 2025,2025-03-06,Maharashtra,Ahilyanagar,Rahuri,Onion,Nasik,FAQ,908.82,1343.35,1126.09,2899.95,True,agmarknet_mimic_v1,42,08efbdb5ab95
07 Mar 2025,2025-03-07,Maharashtra,Ahilyanagar,Rahuri,Onion,Nasik,FAQ,996.1,1359.63,1177.86,2009.78,True,agmarknet_mimic_v1,42,08efbdb5ab95
08 Mar 2025,2025-03-08,Maharashtra,Ahilyanagar,Rahuri,Onion,Nasik,FAQ,961.22,1272.26,1116.74,2963.77,True,agmarknet_mimic_v1,42,08efbdb5ab95
10 Mar 2025,2025-03-10,Maharashtra,Ahilyanagar,Rahuri,Onion,Nasik,FAQ,977.6,1361.11,1169.36,2912.47,True,agmarknet_mimic_v1,42,08efbdb5ab95
11 Mar 2025,2025-03-11,Maharashtra,Ahilyanagar,Rahuri,Onion,Red,FAQ,1037.26,1461.36,1249.31,2864.26,True,agmarknet_mimic_v1,42,08efbdb5ab95
12 Mar 2025,2025-03-12,Maharashtra,Ahilyanagar,Rahuri,Onion,FAQ,FAQ,1113.41,1567.21,1340.31,2643.7,True,agmarknet_mimic_v1,42,08efbdb5ab95
13 Mar 2025,2025-03-13,Maharashtra,Ahilyanagar,Rahuri,Onion,FAQ,FAQ,1119.3,1529.93,1324.61,2807.07,True,agmarknet_mimic_v1,42,08efbdb5ab95
14 Mar 2025,2025-03-14,Maharashtra,Ahilyanagar,Rahuri,Onion,Red,FAQ,1125.31,1429.97,1277.64,2758.81,True,agmarknet_mimic_v1,42,08efbdb5ab95
15 Mar 2025,2025-03-15,Maharashtra,Ahilyanagar,Rahuri,Onion,Red,FAQ,1063.11,1436.49,1249.8,2914.1,True,agmarknet_mimic_v1,42,08efbdb5ab95
17 Mar 2025,2025-03-17,Maharashtra,Ahilyanagar,Rahuri,Onion,FAQ,FAQ,1047.16,1423.62,1235.39,3149.08,True,agmarknet_mimic_v1,42,08efbdb5ab95
18 Mar 2025,2025-03-18,Maharashtra,Ahilyanagar,Rahuri,Onion,Nasik,FAQ,1061.47,1514.68,1288.07,2770.03,True,agmarknet_mimic_v1,42,08efbdb5ab95
19 Mar 2025,2025-03-19,Maharashtra,Ahilyanagar,Rahuri,Onion,Red,FAQ,1085.05,1365.72,1225.39,2859.3,True,agmarknet_mimic_v1,42,08efbdb5ab95
20 Mar 2025,2025-03-20,Maharashtra,Ahilyanagar,Rahuri,Onion,Red,FAQ,994.94,1379.84,1187.39,2481.47,True,agmarknet_mimic_v1,42,08efbdb5ab95
21 Mar 2025,2025-03-21,Maharashtra,Ahilyanagar,Rahuri,Onion,Red,FAQ,1049.76,1462.36,1256.06,2521.17,True,agmarknet_mimic_v1,42,08efbdb5ab95
22 Mar 2025,2025-03-22,Maharashtra,Ahilyanagar,Rahuri,Onion,Nasik,FAQ,1067.64,1326.19,1196.92,3342.15,True,agmarknet_mimic_v1,42,08efbdb5ab95
24 Mar 2025,2025-03-24,Maharashtra,Ahilyanagar,Rahuri,Onion,Nasik,FAQ,982.75,1421.57,1202.16,2130.52,True,agmarknet_mimic_v1,42,08efbdb5ab95
25 Mar 2025,2025-03-25,Maharashtra,Ahilyanagar,Rahuri,Onion,Red,FAQ,1144.22,1546.33,1345.27,1785.96,True,agmarknet_mimic_v1,42,08efbdb5ab95
26 Mar 2025,2025-03-26,Maharashtra,Ahilyanagar,Rahuri,Onion,Red,FAQ,1119.21,1486.83,1303.02,2635.3,True,agmarknet_mimic_v1,42,08efbdb5ab95
27 Mar 2025,2025-03-27,Maharashtra,Ahilyanagar,Rahuri,Onion,FAQ,FAQ,1142.09,1584.49,1363.29,2441.95,True,agmarknet_mimic_v1,42,08efbdb5ab95
28 Mar 2025,2025-03-28,Maharashtra,Ahilyanagar,Rahuri,Onion,FAQ,FAQ,1127.1,1670.21,1398.66,2157.53,True,agmarknet_mimic_v1,42,08efbdb5ab95
29 Mar 2025,2025-03-29,Maharashtra,Ahilyanagar,Rahuri,Onion,Red,FAQ,1281.46,1766.41,1523.94,2714.68,True,agmarknet_mimic_v1,42,08efbdb5ab95
31 Mar 2025,2025-03-31,Maharashtra,Ahilyanagar,Rahuri,Onion,Nasik,FAQ,1250.43,1840.17,1545.3,2966.26,True,agmarknet_mimic_v1,42,08efbdb5ab95
01 Apr 2025,2025-04-01,Maharashtra,Ahilyanagar,Rahuri,Onion,Red,FAQ,1192.72,1677.26,1434.99,2590.46,True,agmarknet_mimic_v1,42,08efbdb5ab95
02 Apr 2025,2025-04-02,Maharashtra,Ahilyanagar,Rahuri,Onion,Red,FAQ,1159.08,1493.29,1326.19,2324.0,True,agmarknet_mimic_v1,42,08efbdb5ab95
03 Apr 2025,2025-04-03,Maharashtra,Ahilyanagar,Rahuri,Onion,FAQ,FAQ,1269.02,1599.18,1434.1,2629.58,True,agmarknet_mimic_v1,42,08efbdb5ab95
04 Apr 2025,2025-04-04,Maharashtra,Ahilyanagar,Rahuri,Onion,FAQ,FAQ,1176.13,1540.83,1358.48,2527.16,True,agmarknet_mimic_v1,42,08efbdb5ab95
05 Apr 2025,2025-04-05,Maharashtra,Ahilyanagar,Rahuri,Onion,Nasik,FAQ,1104.78,1499.56,1302.17,2530.65,True,agmarknet_mimic_v1,42,08efbdb5ab95
07 Apr 2025,2025-04-07,Maharashtra,Ahilyanagar,Rahuri,Onion,Nasik,FAQ,1153.2,1613.22,1383.21,3338.62,True,agmarknet_mimic_v1,42,08efbdb5ab95
08 Apr 2025,2025-04-08,Maharashtra,Ahilyanagar,Rahuri,Onion,Nasik,FAQ,1133.21,1491.51,1312.36,2298.17,True,agmarknet_mimic_v1,42,08efbdb5ab95
09 Apr 2025,2025-04-09,Maharashtra,Ahilyanagar,Rahuri,Onion,Nasik,FAQ,1128.35,1479.17,1303.76,2971.27,True,agmarknet_mimic_v1,42,08efbdb5ab95
10 Apr 2025,2025-04-10,Maharashtra,Ahilyanagar,Rahuri,Onion,Nasik,FAQ,1265.29,1580.16,1422.72,2510.37,True,agmarknet_mimic_v1,42,08efbdb5ab95
11 Apr 2025,2025-04-11,Maharashtra,Ahilyanagar,Rahuri,Onion,Nasik,FAQ,1122.59,1647.05,1384.82,2223.78,True,agmarknet_mimic_v1,42,08efbdb5ab95
12 Apr 2025,2025-04-12,Maharashtra,Ahilyanagar,Rahuri,Onion,Nasik,FAQ,1197.34,1551.34,1374.34,1928.2,True,agmarknet_mimic_v1,42,08efbdb5ab95
14 Apr 2025,2025-04-14,Maharashtra,Ahilyanagar,Rahuri,Onion,Nasik,FAQ,1290.89,1690.24,1490.56,2408.77,True,agmarknet_mimic_v1,42,08efbdb5ab95
15 Apr 2025,2025-04-15,Maharashtra,Ahilyanagar,Rahuri,Onion,FAQ,FAQ,1242.81,1578.23,1410.52,1750.78,True,agmarknet_mimic_v1,42,08efbdb5ab95
16 Apr 2025,2025-04-16,Maharashtra,Ahilyanagar,Rahuri,Onion,FAQ,FAQ,1190.47,1641.18,1415.83,1963.84,True,agmarknet_mimic_v1,42,08efbdb5ab95
17 Apr 2025,2025-04-17,Maharashtra,Ahilyanagar,Rahuri,Onion,FAQ,FAQ,1265.41,1720.59,1493.0,2479.0,True,agmarknet_mimic_v1,42,08efbdb5ab95
18 Apr 2025,2025-04-18,Maharashtra,Ahilyanagar,Rahuri,Onion,Red,FAQ,1266.53,1817.08,1541.8,3264.3,True,agmarknet_mimic_v1,42,08efbdb5ab95
19 Apr 2025,2025-04-19,Maharashtra,Ahilyanagar,Rahuri,Onion,Nasik,FAQ,1299.45,1924.43,1611.94,2210.21,True,agmarknet_mimic_v1,42,08efbdb5ab95
21 Apr 2025,2025-04-21,Maharashtra,Ahilyanagar,Rahuri,Onion,FAQ,FAQ,1424.02,1986.78,1705.4,3125.46,True,agmarknet_mimic_v1,42,08efbdb5ab95
22 Apr 2025,2025-04-22,Maharashtra,Ahilyanagar,Rahuri,Onion,FAQ,FAQ,1445.88,2012.4,1729.14,2447.24,True,agmarknet_mimic_v1,42,08efbdb5ab95
23 Apr 2025,2025-04-23,Maharashtra,Ahilyanagar,Rahuri,Onion,Nasik,FAQ,1414.64,2019.75,1717.2,2815.31,True,agmarknet_mimic_v1,42,08efbdb5ab95
24 Apr 2025,2025-04-24,Maharashtra,Ahilyanagar,Rahuri,Onion,Nasik,FAQ,1470.27,1929.38,1699.82,2771.3,True,agmarknet_mimic_v1,42,08efbdb5ab95
25 Apr 2025,2025-04-25,Maharashtra,Ahilyanagar,Rahuri,Onion,Red,FAQ,1496.46,1954.81,1725.64,2085.06,True,agmarknet_mimic_v1,42,08efbdb5ab95
26 Apr 2025,2025-04-26,Maharashtra,Ahilyanagar,Rahuri,Onion,Red,FAQ,1517.18,2139.01,1828.09,2862.08,True,agmarknet_mimic_v1,42,08efbdb5ab95
28 Apr 2025,2025-04-28,Maharashtra,Ahilyanagar,Rahuri,Onion,FAQ,FAQ,1490.26,2094.72,1792.49,2382.51,True,agmarknet_mimic_v1,42,08efbdb5ab95
29 Apr 2025,2025-04-29,Maharashtra,Ahilyanagar,Rahuri,Onion,Red,FAQ,1547.98,1934.96,1741.47,2489.69,True,agmarknet_mimic_v1,42,08efbdb5ab95
30 Apr 2025,2025-04-30,Maharashtra,Ahilyanagar,Rahuri,Onion,FAQ,FAQ,1394.91,1904.2,1649.55,3276.66,True,agmarknet_mimic_v1,42,08efbdb5ab95
01 May 2025,2025-05-01,Maharashtra,Ahilyanagar,Rahuri,Onion,FAQ,FAQ,1369.98,1949.78,1659.88,2054.6,True,agmarknet_mimic_v1,42,08efbdb5ab95
02 May 2025,2025-05-02,Maharashtra,Ahilyanagar,Rahuri,Onion,FAQ,FAQ,1319.93,1919.69,1619.81,2022.14,True,agmarknet_mimic_v1,42,08efbdb5ab95
03 May 2025,2025-05-03,Maharashtra,Ahilyanagar,Rahuri,Onion,Nasik,FAQ,1531.9,1932.87,1732.39,2465.87,True,agmarknet_mimic_v1,42,08efbdb5ab95
05 May 2025,2025-05-05,Maharashtra,Ahilyanagar,Rahuri,Onion,FAQ,FAQ,1592.64,2072.56,1832.6,2048.77,True,agmarknet_mimic_v1,42,08efbdb5ab95
06 May 2025,2025-05-06,Maharashtra,Ahilyanagar,Rahuri,Onion,Nasik,FAQ,1393.98,2034.49,1714.24,1910.59,True,agmarknet_mimic_v1,42,08efbdb5ab95
07 May 2025,2025-05-07,Maharashtra,Ahilyanagar,Rahuri,Onion,Red,FAQ,1520.4,2018.04,1769.22,2582.4,True,agmarknet_mimic_v1,42,08efbdb5ab95
08 May 2025,2025-05-08,Maharashtra,Ahilyanagar,Rahuri,Onion,Nasik,FAQ,1461.53,1991.2,1726.37,2254.0,True,agmarknet_mimic_v1,42,08efbdb5ab95
09 May 2025,2025-05-09,Maharashtra,Ahilyanagar,Rahuri,Onion,Nasik,FAQ,1414.27,2012.71,1713.49,1848.03,True,agmarknet_mimic_v1,42,08efbdb5ab95
10 May 2025,2025-05-10,Maharashtra,Ahilyanagar,Rahuri,Onion,FAQ,FAQ,1473.98,2168.22,1821.1,2822.22,True,agmarknet_mimic_v1,42,08efbdb5ab95
12 May 2025,2025-05-12,Maharashtra,Ahilyanagar,Rahuri,Onion,Red,FAQ,1632.63,2089.35,1860.99,2245.16,True,agmarknet_mimic_v1,42,08efbdb5ab95
13 May 2025,2025-05-13,Maharashtra,Ahilyanagar,Rahuri,Onion,Nasik,FAQ,1557.09,2298.02,1927.56,2699.95,True,agmarknet_mimic_v1,42,08efbdb5ab95
14 May 2025,2025-05-14,Maharashtra,Ahilyanagar,Rahuri,Onion,Red,FAQ,1681.47,2199.67,1940.57,2420.44,True,agmarknet_mimic_v1,42,08efbdb5ab95
15 May 2025,2025-05-15,Maharashtra,Ahilyanagar,Rahuri,Onion,Nasik,FAQ,1658.68,2068.31,1863.5,2411.82,True,agmarknet_mimic_v1,42,08efbdb5ab95
16 May 2025,2025-05-16,Maharashtra,Ahilyanagar,Rahuri,Onion,Red,FAQ,1622.53,2099.67,1861.1,2157.76,True,agmarknet_mimic_v1,42,08efbdb5ab95
17 May 2025,2025-05-17,Maharashtra,Ahilyanagar,Rahuri,Onion,FAQ,FAQ,1527.62,2183.45,1855.54,3262.26,True,agmarknet_mimic_v1,42,08efbdb5ab95
19 May 2025,2025-05-19,Maharashtra,Ahilyanagar,Rahuri,Onion,FAQ,FAQ,1535.05,2221.56,1878.31,1628.07,True,agmarknet_mimic_v1,42,08efbdb5ab95
20 May 2025,2025-05-20,Maharashtra,Ahilyanagar,Rahuri,Onion,Red,FAQ,1400.79,2041.56,1721.18,1847.29,True,agmarknet_mimic_v1,42,08efbdb5ab95
21 May 2025,2025-05-21,Maharashtra,Ahilyanagar,Rahuri,Onion,Nasik,FAQ,1501.63,2014.67,1758.15,1931.45,True,agmarknet_mimic_v1,42,08efbdb5ab95
22 May 2025,2025-05-22,Maharashtra,Ahilyanagar,Rahuri,Onion,Nasik,FAQ,1614.42,1993.7,1804.06,2482.74,True,agmarknet_mimic_v1,42,08efbdb5ab95
23 May 2025,2025-05-23,Maharashtra,Ahilyanagar,Rahuri,Onion,Red,FAQ,1706.33,2108.8,1907.57,3011.95,True,agmarknet_mimic_v1,42,08efbdb5ab95
24 May 2025,2025-05-24,Maharashtra,Ahilyanagar,Rahuri,Onion,Nasik,FAQ,1505.04,2220.67,1862.86,2318.55,True,agmarknet_mimic_v1,42,08efbdb5ab95
26 May 2025,2025-05-26,Maharashtra,Ahilyanagar,Rahuri,Onion,Red,FAQ,1618.88,2211.9,1915.39,1331.53,True,agmarknet_mimic_v1,42,08efbdb5ab95
27 May 2025,2025-05-27,Maharashtra,Ahilyanagar,Rahuri,Onion,Nasik,FAQ,1495.77,1964.08,1729.93,2785.67,True,agmarknet_mimic_v1,42,08efbdb5ab95
28 May 2025,2025-05-28,Maharashtra,Ahilyanagar,Rahuri,Onion,Red,FAQ,1464.86,2018.65,1741.75,2312.38,True,agmarknet_mimic_v1,42,08efbdb5ab95
29 May 2025,2025-05-29,Maharashtra,Ahilyanagar,Rahuri,Onion,Nasik,FAQ,1376.4,2005.3,1690.85,2317.95,True,agmarknet_mimic_v1,42,08efbdb5ab95
30 May 2025,2025-05-30,Maharashtra,Ahilyanagar,Rahuri,Onion,Red,FAQ,1619.59,2045.26,1832.42,2487.82,True,agmarknet_mimic_v1,42,08efbdb5ab95
31 May 2025,2025-05-31,Maharashtra,Ahilyanagar,Rahuri,Onion,Red,FAQ,1641.78,2065.29,1853.54,2883.27,True,agmarknet_mimic_v1,42,08efbdb5ab95
02 Jun 2025,2025-06-02,Maharashtra,Ahilyanagar,Rahuri,Onion,FAQ,FAQ,1551.42,2161.96,1856.69,2073.74,True,agmarknet_mimic_v1,42,08efbdb5ab95
03 Jun 2025,2025-06-03,Maharashtra,Ahilyanagar,Rahuri,Onion,Red,FAQ,1526.28,2249.66,1887.97,2696.18,True,agmarknet_mimic_v1,42,08efbdb5ab95
04 Jun 2025,2025-06-04,Maharashtra,Ahilyanagar,Rahuri,Onion,Nasik,FAQ,1681.45,2279.1,1980.28,2232.68,True,agmarknet_mimic_v1,42,08efbdb5ab95
05 Jun 2025,2025-06-05,Maharashtra,Ahilyanagar,Rahuri,Onion,FAQ,FAQ,1674.16,2152.1,1913.13,1950.62,True,agmarknet_mimic_v1,42,08efbdb5ab95
06 Jun 2025,2025-06-06,Maharashtra,Ahilyanagar,Rahuri,Onion,Nasik,FAQ,1662.14,2200.85,1931.49,1634.68,True,agmarknet_mimic_v1,42,08efbdb5ab95
07 Jun 2025,2025-06-07,Maharashtra,Ahilyanagar,Rahuri,Onion,Nasik,FAQ,1629.3,2238.76,1934.03,2128.07,True,agmarknet_mimic_v1,42,08efbdb5ab95
09 Jun 2025,2025-06-09,Maharashtra,Ahilyanagar,Rahuri,Onion,Red,FAQ,1708.56,2217.37,1962.97,1874.73,True,agmarknet_mimic_v1,42,08efbdb5ab95
10 Jun 2025,2025-06-10,Maharashtra,Ahilyanagar,Rahuri,Onion,Nasik,FAQ,1625.14,2328.58,1976.86,1862.72,True,agmarknet_mimic_v1,42,08efbdb5ab95
11 Jun 2025,2025-06-11,Maharashtra,Ahilyanagar,Rahuri,Onion,FAQ,FAQ,1583.84,2226.69,1905.27,2218.1,True,agmarknet_mimic_v1,42,08efbdb5ab95
12 Jun 2025,2025-06-12,Maharashtra,Ahilyanagar,Rahuri,Onion,Red,FAQ,1628.34,2124.99,1876.66,2106.98,True,agmarknet_mimic_v1,42,08efbdb5ab95
13 Jun 2025,2025-06-13,Maharashtra,Ahilyanagar,Rahuri,Onion,FAQ,FAQ,1609.83,2071.87,1840.85,1844.6,True,agmarknet_mimic_v1,42,08efbdb5ab95
14 Jun 2025,2025-06-14,Maharashtra,Ahilyanagar,Rahuri,Onion,Red,FAQ,1586.27,2335.43,1960.85,2415.56,True,agmarknet_mimic_v1,42,08efbdb5ab95
16 Jun 2025,2025-06-16,Maharashtra,Ahilyanagar,Rahuri,Onion,FAQ,FAQ,1779.28,2281.77,2030.52,2247.85,True,agmarknet_mimic_v1,42,08efbdb5ab95
17 Jun 2025,2025-06-17,Maharashtra,Ahilyanagar,Rahuri,Onion,Red,FAQ,1695.65,2400.67,2048.16,2465.89,True,agmarknet_mimic_v1,42,08efbdb5ab95
18 Jun 2025,2025-06-18,Maharashtra,Ahilyanagar,Rahuri,Onion,Red,FAQ,1792.51,2416.17,2104.34,1614.79,True,agmarknet_mimic_v1,42,08efbdb5ab95
19 Jun 2025,2025-06-19,Maharashtra,Ahilyanagar,Rahuri,Onion,Red,FAQ,1699.76,2416.95,2058.36,2066.01,True,agmarknet_mimic_v1,42,08efbdb5ab95
20 Jun 2025,2025-06-20,Maharashtra,Ahilyanagar,Rahuri,Onion,Red,FAQ,1720.63,2258.57,1989.6,1685.53,True,agmarknet_mimic_v1,42,08efbdb5ab95
21 Jun 2025,2025-06-21,Maharashtra,Ahilyanagar,Rahuri,Onion,FAQ,FAQ,1728.4,2270.45,1999.43,2204.37,True,agmarknet_mimic_v1,42,08efbdb5ab95
23 Jun 2025,2025-06-23,Maharashtra,Ahilyanagar,Rahuri,Onion,Nasik,FAQ,1686.66,2187.81,1937.23,1925.41,True,agmarknet_mimic_v1,42,08efbdb5ab95
24 Jun 2025,2025-06-24,Maharashtra,Ahilyanagar,Rahuri,Onion,Nasik,FAQ,1671.8,2290.46,1981.13,2511.12,True,agmarknet_mimic_v1,42,08efbdb5ab95
25 Jun 2025,2025-06-25,Maharashtra,Ahilyanagar,Rahuri,Onion,Red,FAQ,1701.24,2337.77,2019.51,2039.08,True,agmarknet_mimic_v1,42,08efbdb5ab95
26 Jun 2025,2025-06-26,Maharashtra,Ahilyanagar,Rahuri,Onion,Nasik,FAQ,1641.77,2350.8,1996.29,2128.15,True,agmarknet_mimic_v1,42,08efbdb5ab95
27 Jun 2025,2025-06-27,Maharashtra,Ahilyanagar,Rahuri,Onion,Nasik,FAQ,1722.32,2217.52,1969.92,1987.19,True,agmarknet_mimic_v1,42,08efbdb5ab95
28 Jun 2025,2025-06-28,Maharashtra,Ahilyanagar,Rahuri,Onion,Nasik,FAQ,1808.8,2235.97,2022.39,2644.64,True,agmarknet_mimic_v1,42,08efbdb5ab95
30 Jun 2025,2025-06-30,Maharashtra,Ahilyanagar,Rahuri,Onion,FAQ,FAQ,1686.89,2503.09,2094.99,2477.15,True,agmarknet_mimic_v1,42,08efbdb5ab95
01 Jul 2025,2025-07-01,Maharashtra,Ahilyanagar,Rahuri,Onion,FAQ,FAQ,1816.3,2622.44,2219.37,2543.82,True,agmarknet_mimic_v1,42,08efbdb5ab95
02 Jul 2025,2025-07-02,Maharashtra,Ahilyanagar,Rahuri,Onion,Nasik,FAQ,1950.91,2466.62,2208.76,2058.05,True,agmarknet_mimic_v1,42,08efbdb5ab95
03 Jul 2025,2025-07-03,Maharashtra,Ahilyanagar,Rahuri,Onion,Nasik,FAQ,1878.42,2625.7,2252.06,2110.77,True,agmarknet_mimic_v1,42,08efbdb5ab95
04 Jul 2025,2025-07-04,Maharashtra,Ahilyanagar,Rahuri,Onion,Red,FAQ,2079.13,2641.13,2360.13,2351.05,True,agmarknet_mimic_v1,42,08efbdb5ab95
05 Jul 2025,2025-07-05,Maharashtra,Ahilyanagar,Rahuri,Onion,FAQ,FAQ,2014.92,2863.18,2439.05,2719.7,True,agmarknet_mimic_v1,42,08efbdb5ab95
07 Jul 2025,2025-07-07,Maharashtra,Ahilyanagar,Rahuri,Onion,FAQ,FAQ,2220.54,2916.84,2568.69,2252.5,True,agmarknet_mimic_v1,42,08efbdb5ab95
08 Jul 2025,2025-07-08,Maharashtra,Ahilyanagar,Rahuri,Onion,Red,FAQ,2204.89,3039.1,2621.99,2063.93,True,agmarknet_mimic_v1,42,08efbdb5ab95
09 Jul 2025,2025-07-09,Maharashtra,Ahilyanagar,Rahuri,Onion,FAQ,FAQ,2075.25,2848.65,2461.95,2369.92,True,agmarknet_mimic_v1,42,08efbdb5ab95
10 Jul 2025,2025-07-10,Maharashtra,Ahilyanagar,Rahuri,Onion,Nasik,FAQ,2096.66,3029.79,2563.23,2772.24,True,agmarknet_mimic_v1,42,08efbdb5ab95
11 Jul 2025,2025-07-11,Maharashtra,Ahilyanagar,Rahuri,Onion,Red,FAQ,2106.03,2895.06,2500.54,1759.05,True,agmarknet_mimic_v1,42,08efbdb5ab95
12 Jul 2025,2025-07-12,Maharashtra,Ahilyanagar,Rahuri,Onion,Red,FAQ,2057.41,2941.3,2499.35,2443.05,True,agmarknet_mimic_v1,42,08efbdb5ab95
14 Jul 2025,2025-07-14,Maharashtra,Ahilyanagar,Rahuri,Onion,Nasik,FAQ,2103.02,2691.35,2397.19,2288.85,True,agmarknet_mimic_v1,42,08efbdb5ab95
15 Jul 2025,2025-07-15,Maharashtra,Ahilyanagar,Rahuri,Onion,Red,FAQ,2010.78,2722.34,2366.56,2422.36,True,agmarknet_mimic_v1,42,08efbdb5ab95
16 Jul 2025,2025-07-16,Maharashtra,Ahilyanagar,Rahuri,Onion,FAQ,FAQ,2016.97,2658.74,2337.86,2188.59,True,agmarknet_mimic_v1,42,08efbdb5ab95
17 Jul 2025,2025-07-17,Maharashtra,Ahilyanagar,Rahuri,Onion,Nasik,FAQ,1907.2,2816.95,2362.07,1824.94,True,agmarknet_mimic_v1,42,08efbdb5ab95
18 Jul 2025,2025-07-18,Maharashtra,Ahilyanagar,Rahuri,Onion,Red,FAQ,2003.17,2678.65,2340.91,2423.0,True,agmarknet_mimic_v1,42,08efbdb5ab95
19 Jul 2025,2025-07-19,Maharashtra,Ahilyanagar,Rahuri,Onion,FAQ,FAQ,1986.35,2482.66,2234.51,2031.68,True,agmarknet_mimic_v1,42,08efbdb5ab95
21 Jul 2025,2025-07-21,Maharashtra,Ahilyanagar,Rahuri,Onion,Red,FAQ,1893.41,2408.16,2150.78,2004.8,True,agmarknet_mimic_v1,42,08efbdb5ab95
22 Jul 2025,2025-07-22,Maharashtra,Ahilyanagar,Rahuri,Onion,Red,FAQ,1866.75,2421.56,2144.16,1906.38,True,agmarknet_mimic_v1,42,08efbdb5ab95
23 Jul 2025,2025-07-23,Maharashtra,Ahilyanagar,Rahuri,Onion,Nasik,FAQ,1774.88,2613.17,2194.03,2189.27,True,agmarknet_mimic_v1,42,08efbdb5ab95
24 Jul 2025,2025-07-24,Maharashtra,Ahilyanagar,Rahuri,Onion,Red,FAQ,1842.02,2588.21,2215.11,1928.13,True,agmarknet_mimic_v1,42,08efbdb5ab95
25 Jul 2025,2025-07-25,Maharashtra,Ahilyanagar,Rahuri,Onion,Nasik,FAQ,1906.52,2356.28,2131.4,2712.13,True,agmarknet_mimic_v1,42,08efbdb5ab95
26 Jul 2025,2025-07-26,Maharashtra,Ahilyanagar,Rahuri,Onion,Red,FAQ,1918.31,2549.16,2233.74,2054.05,True,agmarknet_mimic_v1,42,08efbdb5ab95
28 Jul 2025,2025-07-28,Maharashtra,Ahilyanagar,Rahuri,Onion,Red,FAQ,1871.78,2590.69,2231.24,2181.29,True,agmarknet_mimic_v1,42,08efbdb5ab95
29 Jul 2025,2025-07-29,Maharashtra,Ahilyanagar,Rahuri,Onion,Nasik,FAQ,1851.01,2578.76,2214.88,1696.83,True,agmarknet_mimic_v1,42,08efbdb5ab95
30 Jul 2025,2025-07-30,Maharashtra,Ahilyanagar,Rahuri,Onion,FAQ,FAQ,1810.89,2537.92,2174.41,1666.81,True,agmarknet_mimic_v1,42,08efbdb5ab95
31 Jul 2025,2025-07-31,Maharashtra,Ahilyanagar,Rahuri,Onion,Nasik,FAQ,1928.91,2468.01,2198.46,1344.59,True,agmarknet_mimic_v1,42,08efbdb5ab95
01 Aug 2025,2025-08-01,Maharashtra,Ahilyanagar,Rahuri,Onion,Red,FAQ,1928.72,2440.86,2184.79,2366.08,True,agmarknet_mimic_v1,42,08efbdb5ab95
02 Aug 2025,2025-08-02,Maharashtra,Ahilyanagar,Rahuri,Onion,FAQ,FAQ,2004.06,2486.43,2245.25,2525.99,True,agmarknet_mimic_v1,42,08efbdb5ab95
04 Aug 2025,2025-08-04,Maharashtra,Ahilyanagar,Rahuri,Onion,Red,FAQ,2050.87,2676.1,2363.48,2889.33,True,agmarknet_mimic_v1,42,08efbdb5ab95
05 Aug 2025,2025-08-05,Maharashtra,Ahilyanagar,Rahuri,Onion,Nasik,FAQ,2078.66,2747.84,2413.25,3132.19,True,agmarknet_mimic_v1,42,08efbdb5ab95
06 Aug 2025,2025-08-06,Maharashtra,Ahilyanagar,Rahuri,Onion,FAQ,FAQ,2091.93,2896.8,2494.36,2551.45,True,agmarknet_mimic_v1,42,08efbdb5ab95
07 Aug 2025,2025-08-07,Maharashtra,Ahilyanagar,Rahuri,Onion,Nasik,FAQ,2048.71,2807.28,2428.0,2059.19,True,agmarknet_mimic_v1,42,08efbdb5ab95
08 Aug 2025,2025-08-08,Maharashtra,Ahilyanagar,Rahuri,Onion,FAQ,FAQ,2081.96,2798.9,2440.43,1343.29,True,agmarknet_mimic_v1,42,08efbdb5ab95
09 Aug 2025,2025-08-09,Maharashtra,Ahilyanagar,Rahuri,Onion,FAQ,FAQ,2121.38,2714.92,2418.15,2239.44,True,agmarknet_mimic_v1,42,08efbdb5ab95
11 Aug 2025,2025-08-11,Maharashtra,Ahilyanagar,Rahuri,Onion,Nasik,FAQ,2020.37,2740.47,2380.42,2600.33,True,agmarknet_mimic_v1,42,08efbdb5ab95
12 Aug 2025,2025-08-12,Maharashtra,Ahilyanagar,Rahuri,Onion,Red,FAQ,1884.94,2567.99,2226.46,2033.17,True,agmarknet_mimic_v1,42,08efbdb5ab95
13 Aug 2025,2025-08-13,Maharashtra,Ahilyanagar,Rahuri,Onion,Nasik,FAQ,1874.16,2636.75,2255.46,2549.16,True,agmarknet_mimic_v1,42,08efbdb5ab95
14 Aug 2025,2025-08-14,Maharashtra,Ahilyanagar,Rahuri,Onion,Red,FAQ,1847.13,2654.78,2250.96,2486.18,True,agmarknet_mimic_v1,42,08efbdb5ab95
15 Aug 2024,2024-08-15,Maharashtra,Nashik,Nashik,Tomato,Hybrid,FAQ,1113.74,1657.76,1385.75,670.28,True,agmarknet_mimic_v1,42,08efbdb5ab95
16 Aug 2024,2024-08-16,Maharashtra,Nashik,Nashik,Tomato,Local,FAQ,1114.24,1675.64,1394.94,776.4,True,agmarknet_mimic_v1,42,08efbdb5ab95
17 Aug 2024,2024-08-17,Maharashtra,Nashik,Nashik,Tomato,FAQ,FAQ,1196.85,1742.39,1469.62,520.79,True,agmarknet_mimic_v1,42,08efbdb5ab95
19 Aug 2024,2024-08-19,Maharashtra,Nashik,Nashik,Tomato,Local,FAQ,1203.36,1827.0,1515.18,726.1,True,agmarknet_mimic_v1,42,08efbdb5ab95
20 Aug 2024,2024-08-20,Maharashtra,Nashik,Nashik,Tomato,Local,FAQ,1120.26,1862.58,1491.42,805.69,True,agmarknet_mimic_v1,42,08efbdb5ab95
21 Aug 2024,2024-08-21,Maharashtra,Nashik,Nashik,Tomato,Hybrid,FAQ,1263.93,1787.28,1525.6,733.55,True,agmarknet_mimic_v1,42,08efbdb5ab95
22 Aug 2024,2024-08-22,Maharashtra,Nashik,Nashik,Tomato,FAQ,FAQ,1322.64,1862.17,1592.4,566.96,True,agmarknet_mimic_v1,42,08efbdb5ab95
23 Aug 2024,2024-08-23,Maharashtra,Nashik,Nashik,Tomato,Hybrid,FAQ,1331.78,2008.64,1670.21,708.62,True,agmarknet_mimic_v1,42,08efbdb5ab95
24 Aug 2024,2024-08-24,Maharashtra,Nashik,Nashik,Tomato,FAQ,FAQ,1280.69,2086.43,1683.56,550.47,True,agmarknet_mimic_v1,42,08efbdb5ab95
26 Aug 2024,2024-08-26,Maharashtra,Nashik,Nashik,Tomato,Local,FAQ,1404.77,1957.76,1681.27,763.87,True,agmarknet_mimic_v1,42,08efbdb5ab95
27 Aug 2024,2024-08-27,Maharashtra,Nashik,Nashik,Tomato,Local,FAQ,1225.82,2004.62,1615.22,685.86,True,agmarknet_mimic_v1,42,08efbdb5ab95
28 Aug 2024,2024-08-28,Maharashtra,Nashik,Nashik,Tomato,Hybrid,FAQ,1289.49,2034.51,1662.0,598.14,True,agmarknet_mimic_v1,42,08efbdb5ab95
29 Aug 2024,2024-08-29,Maharashtra,Nashik,Nashik,Tomato,Hybrid,FAQ,1368.73,1932.14,1650.43,713.79,True,agmarknet_mimic_v1,42,08efbdb5ab95
30 Aug 2024,2024-08-30,Maharashtra,Nashik,Nashik,Tomato,FAQ,FAQ,1339.92,1972.48,1656.2,655.63,True,agmarknet_mimic_v1,42,08efbdb5ab95
31 Aug 2024,2024-08-31,Maharashtra,Nashik,Nashik,Tomato,Local,FAQ,1343.31,1920.21,1631.76,1094.86,True,agmarknet_mimic_v1,42,08efbdb5ab95
02 Sep 2024,2024-09-02,Maharashtra,Nashik,Nashik,Tomato,Hybrid,FAQ,1308.92,2023.92,1666.42,804.42,True,agmarknet_mimic_v1,42,08efbdb5ab95
03 Sep 2024,2024-09-03,Maharashtra,Nashik,Nashik,Tomato,Hybrid,FAQ,1365.68,2073.72,1719.7,652.44,True,agmarknet_mimic_v1,42,08efbdb5ab95
04 Sep 2024,2024-09-04,Maharashtra,Nashik,Nashik,Tomato,Local,FAQ,1439.61,2159.87,1799.74,823.92,True,agmarknet_mimic_v1,42,08efbdb5ab95
05 Sep 2024,2024-09-05,Maharashtra,Nashik,Nashik,Tomato,Local,FAQ,1396.53,2140.24,1768.38,854.26,True,agmarknet_mimic_v1,42,08efbdb5ab95
06 Sep 2024,2024-09-06,Maharashtra,Nashik,Nashik,Tomato,Local,FAQ,1411.43,2124.55,1767.99,813.24,True,agmarknet_mimic_v1,42,08efbdb5ab95
07 Sep 2024,2024-09-07,Maharashtra,Nashik,Nashik,Tomato,Local,FAQ,1349.0,2195.37,1772.18,563.11,True,agmarknet_mimic_v1,42,08efbdb5ab95
09 Sep 2024,2024-09-09,Maharashtra,Nashik,Nashik,Tomato,Local,FAQ,1277.04,2236.39,1756.72,667.58,True,agmarknet_mimic_v1,42,08efbdb5ab95
10 Sep 2024,2024-09-10,Maharashtra,Nashik,Nashik,Tomato,Hybrid,FAQ,1465.69,2028.99,1747.34,799.28,True,agmarknet_mimic_v1,42,08efbdb5ab95
11 Sep 2024,2024-09-11,Maharashtra,Nashik,Nashik,Tomato,Local,FAQ,1397.99,2092.0,1745.0,936.82,True,agmarknet_mimic_v1,42,08efbdb5ab95
12 Sep 2024,2024-09-12,Maharashtra,Nashik,Nashik,Tomato,Hybrid,FAQ,1454.77,2004.29,1729.53,665.6,True,agmarknet_mimic_v1,42,08efbdb5ab95
13 Sep 2024,2024-09-13,Maharashtra,Nashik,Nashik,Tomato,FAQ,FAQ,1381.69,2206.89,1794.29,779.85,True,agmarknet_mimic_v1,42,08efbdb5ab95
14 Sep 2024,2024-09-14,Maharashtra,Nashik,Nashik,Tomato,Local,FAQ,1493.11,2116.25,1804.68,706.05,True,agmarknet_mimic_v1,42,08efbdb5ab95
16 Sep 2024,2024-09-16,Maharashtra,Nashik,Nashik,Tomato,FAQ,FAQ,1407.01,2187.98,1797.49,763.98,True,agmarknet_mimic_v1,42,08efbdb5ab95
17 Sep 2024,2024-09-17,Maharashtra,Nashik,Nashik,Tomato,FAQ,FAQ,1481.37,2124.32,1802.85,821.41,True,agmarknet_mimic_v1,42,08efbdb5ab95
18 Sep 2024,2024-09-18,Maharashtra,Nashik,Nashik,Tomato,FAQ,FAQ,1286.36,2178.24,1732.3,675.24,True,agmarknet_mimic_v1,42,08efbdb5ab95
19 Sep 2024,2024-09-19,Maharashtra,Nashik,Nashik,Tomato,FAQ,FAQ,1296.0,2230.17,1763.08,657.41,True,agmarknet_mimic_v1,42,08efbdb5ab95
20 Sep 2024,2024-09-20,Maharashtra,Nashik,Nashik,Tomato,Hybrid,FAQ,1392.97,2208.22,1800.59,721.31,True,agmarknet_mimic_v1,42,08efbdb5ab95
21 Sep 2024,2024-09-21,Maharashtra,Nashik,Nashik,Tomato,Hybrid,FAQ,1430.77,2192.38,1811.58,835.21,True,agmarknet_mimic_v1,42,08efbdb5ab95
23 Sep 2024,2024-09-23,Maharashtra,Nashik,Nashik,Tomato,Hybrid,FAQ,1436.02,2172.15,1804.08,689.04,True,agmarknet_mimic_v1,42,08efbdb5ab95
24 Sep 2024,2024-09-24,Maharashtra,Nashik,Nashik,Tomato,Hybrid,FAQ,1359.66,2306.35,1833.01,671.55,True,agmarknet_mimic_v1,42,08efbdb5ab95
25 Sep 2024,2024-09-25,Maharashtra,Nashik,Nashik,Tomato,FAQ,FAQ,1511.12,2080.58,1795.85,622.18,True,agmarknet_mimic_v1,42,08efbdb5ab95
26 Sep 2024,2024-09-26,Maharashtra,Nashik,Nashik,Tomato,Hybrid,FAQ,1421.99,2056.98,1739.48,582.94,True,agmarknet_mimic_v1,42,08efbdb5ab95
27 Sep 2024,2024-09-27,Maharashtra,Nashik,Nashik,Tomato,Local,FAQ,1187.35,2077.14,1632.25,753.14,True,agmarknet_mimic_v1,42,08efbdb5ab95
28 Sep 2024,2024-09-28,Maharashtra,Nashik,Nashik,Tomato,Hybrid,FAQ,1336.36,1953.67,1645.02,835.53,True,agmarknet_mimic_v1,42,08efbdb5ab95
30 Sep 2024,2024-09-30,Maharashtra,Nashik,Nashik,Tomato,Hybrid,FAQ,1248.91,1976.4,1612.65,786.04,True,agmarknet_mimic_v1,42,08efbdb5ab95
01 Oct 2024,2024-10-01,Maharashtra,Nashik,Nashik,Tomato,FAQ,FAQ,1243.14,1993.23,1618.19,885.62,True,agmarknet_mimic_v1,42,08efbdb5ab95
02 Oct 2024,2024-10-02,Maharashtra,Nashik,Nashik,Tomato,Hybrid,FAQ,1181.91,1975.4,1578.65,643.85,True,agmarknet_mimic_v1,42,08efbdb5ab95
03 Oct 2024,2024-10-03,Maharashtra,Nashik,Nashik,Tomato,Local,FAQ,1160.74,1994.71,1577.72,981.73,True,agmarknet_mimic_v1,42,08efbdb5ab95
04 Oct 2024,2024-10-04,Maharashtra,Nashik,Nashik,Tomato,Hybrid,FAQ,1223.85,1893.9,1558.88,750.2,True,agmarknet_mimic_v1,42,08efbdb5ab95
05 Oct 2024,2024-10-05,Maharashtra,Nashik,Nashik,Tomato,Hybrid,FAQ,1207.12,1778.29,1492.71,507.22,True,agmarknet_mimic_v1,42,08efbdb5ab95
07 Oct 2024,2024-10-07,Maharashtra,Nashik,Nashik,Tomato,Local,FAQ,1168.7,1677.09,1422.89,637.39,True,agmarknet_mimic_v1,42,08efbdb5ab95
08 Oct 2024,2024-10-08,Maharashtra,Nashik,Nashik,Tomato,Hybrid,FAQ,1055.73,1863.15,1459.44,682.01,True,agmarknet_mimic_v1,42,08efbdb5ab95
09 Oct 2024,2024-10-09,Maharashtra,Nashik,Nashik,Tomato,FAQ,FAQ,1069.13,1775.98,1422.55,789.58,True,agmarknet_mimic_v1,42,08efbdb5ab95
10 Oct 2024,2024-10-10,Maharashtra,Nashik,Nashik,Tomato,Hybrid,FAQ,1165.3,1628.57,1396.94,718.89,True,agmarknet_mimic_v1,42,08efbdb5ab95
11 Oct 2024,2024-10-11,Maharashtra,Nashik,Nashik,Tomato,FAQ,FAQ,1055.79,1856.56,1456.17,817.48,True,agmarknet_mimic_v1,42,08efbdb5ab95
12 Oct 2024,2024-10-12,Maharashtra,Nashik,Nashik,Tomato,FAQ,FAQ,1233.68,1754.65,1494.16,878.93,True,agmarknet_mimic_v1,42,08efbdb5ab95
14 Oct 2024,2024-10-14,Maharashtra,Nashik,Nashik,Tomato,Local,FAQ,1134.23,1845.8,1490.01,893.52,True,agmarknet_mimic_v1,42,08efbdb5ab95
15 Oct 2024,2024-10-15,Maharashtra,Nashik,Nashik,Tomato,Hybrid,FAQ,1176.23,1798.67,1487.45,903.97,True,agmarknet_mimic_v1,42,08efbdb5ab95
16 Oct 2024,2024-10-16,Maharashtra,Nashik,Nashik,Tomato,Local,FAQ,1076.45,1701.77,1389.11,705.05,True,agmarknet_mimic_v1,42,08efbdb5ab95
17 Oct 2024,2024-10-17,Maharashtra,Nashik,Nashik,Tomato,FAQ,FAQ,1123.5,1833.91,1478.7,742.04,True,agmarknet_mimic_v1,42,08efbdb5ab95
18 Oct 2024,2024-10-18,Maharashtra,Nashik,Nashik,Tomato,Local,FAQ,1267.04,1746.39,1506.71,781.0,True,agmarknet_mimic_v1,42,08efbdb5ab95
19 Oct 2024,2024-10-19,Maharashtra,Nashik,Nashik,Tomato,FAQ,FAQ,1206.91,1744.29,1475.6,903.85,True,agmarknet_mimic_v1,42,08efbdb5ab95
21 Oct 2024,2024-10-21,Maharashtra,Nashik,Nashik,Tomato,FAQ,FAQ,1092.26,1755.68,1423.97,773.72,True,agmarknet_mimic_v1,42,08efbdb5ab95
22 Oct 2024,2024-10-22,Maharashtra,Nashik,Nashik,Tomato,FAQ,FAQ,1164.88,1802.33,1483.6,827.28,True,agmarknet_mimic_v1,42,08efbdb5ab95
23 Oct 2024,2024-10-23,Maharashtra,Nashik,Nashik,Tomato,Local,FAQ,1147.92,1785.6,1466.76,886.94,True,agmarknet_mimic_v1,42,08efbdb5ab95
24 Oct 2024,2024-10-24,Maharashtra,Nashik,Nashik,Tomato,Local,FAQ,1106.7,1732.38,1419.54,867.15,True,agmarknet_mimic_v1,42,08efbdb5ab95
25 Oct 2024,2024-10-25,Maharashtra,Nashik,Nashik,Tomato,Local,FAQ,1127.46,1665.9,1396.68,796.1,True,agmarknet_mimic_v1,42,08efbdb5ab95
26 Oct 2024,2024-10-26,Maharashtra,Nashik,Nashik,Tomato,Hybrid,FAQ,1125.83,1604.17,1365.0,905.76,True,agmarknet_mimic_v1,42,08efbdb5ab95
28 Oct 2024,2024-10-28,Maharashtra,Nashik,Nashik,Tomato,Hybrid,FAQ,890.89,1604.6,1247.75,892.64,True,agmarknet_mimic_v1,42,08efbdb5ab95
29 Oct 2024,2024-10-29,Maharashtra,Nashik,Nashik,Tomato,Hybrid,FAQ,911.19,1525.72,1218.45,1075.11,True,agmarknet_mimic_v1,42,08efbdb5ab95
30 Oct 2024,2024-10-30,Maharashtra,Nashik,Nashik,Tomato,Hybrid,FAQ,914.94,1497.08,1206.01,825.93,True,agmarknet_mimic_v1,42,08efbdb5ab95
31 Oct 2024,2024-10-31,Maharashtra,Nashik,Nashik,Tomato,Local,FAQ,930.61,1335.98,1133.29,775.82,True,agmarknet_mimic_v1,42,08efbdb5ab95
01 Nov 2024,2024-11-01,Maharashtra,Nashik,Nashik,Tomato,FAQ,FAQ,834.25,1393.68,1113.97,757.28,True,agmarknet_mimic_v1,42,08efbdb5ab95
02 Nov 2024,2024-11-02,Maharashtra,Nashik,Nashik,Tomato,FAQ,FAQ,884.28,1415.65,1149.96,1063.58,True,agmarknet_mimic_v1,42,08efbdb5ab95
04 Nov 2024,2024-11-04,Maharashtra,Nashik,Nashik,Tomato,Local,FAQ,981.83,1360.98,1171.4,781.5,True,agmarknet_mimic_v1,42,08efbdb5ab95
05 Nov 2024,2024-11-05,Maharashtra,Nashik,Nashik,Tomato,FAQ,FAQ,847.51,1470.91,1159.21,866.66,True,agmarknet_mimic_v1,42,08efbdb5ab95
06 Nov 2024,2024-11-06,Maharashtra,Nashik,Nashik,Tomato,Local,FAQ,1046.44,1435.05,1240.75,1075.33,True,agmarknet_mimic_v1,42,08efbdb5ab95
07 Nov 2024,2024-11-07,Maharashtra,Nashik,Nashik,Tomato,Local,FAQ,959.5,1369.46,1164.48,795.6,True,agmarknet_mimic_v1,42,08efbdb5ab95
08 Nov 2024,2024-11-08,Maharashtra,Nashik,Nashik,Tomato,FAQ,FAQ,806.87,1365.14,1086.01,900.55,True,agmarknet_mimic_v1,42,08efbdb5ab95
09 Nov 2024,2024-11-09,Maharashtra,Nashik,Nashik,Tomato,Local,FAQ,917.22,1289.33,1103.27,1083.16,True,agmarknet_mimic_v1,42,08efbdb5ab95
11 Nov 2024,2024-11-11,Maharashtra,Nashik,Nashik,Tomato,FAQ,FAQ,900.25,1243.23,1071.74,1012.5,True,agmarknet_mimic_v1,42,08efbdb5ab95
12 Nov 2024,2024-11-12,Maharashtra,Nashik,Nashik,Tomato,FAQ,FAQ,777.82,1331.77,1054.79,949.53,True,agmarknet_mimic_v1,42,08efbdb5ab95
13 Nov 2024,2024-11-13,Maharashtra,Nashik,Nashik,Tomato,Hybrid,FAQ,759.78,1347.63,1053.7,965.05,True,agmarknet_mimic_v1,42,08efbdb5ab95
14 Nov 2024,2024-11-14,Maharashtra,Nashik,Nashik,Tomato,Local,FAQ,754.72,1197.24,975.98,884.39,True,agmarknet_mimic_v1,42,08efbdb5ab95
15 Nov 2024,2024-11-15,Maharashtra,Nashik,Nashik,Tomato,FAQ,FAQ,798.81,1105.87,952.34,1105.0,True,agmarknet_mimic_v1,42,08efbdb5ab95
16 Nov 2024,2024-11-16,Maharashtra,Nashik,Nashik,Tomato,Hybrid,FAQ,722.72,1185.73,954.22,1016.99,True,agmarknet_mimic_v1,42,08efbdb5ab95
18 Nov 2024,2024-11-18,Maharashtra,Nashik,Nashik,Tomato,Hybrid,FAQ,767.89,1264.01,1015.95,1053.3,True,agmarknet_mimic_v1,42,08efbdb5ab95
19 Nov 2024,2024-11-19,Maharashtra,Nashik,Nashik,Tomato,Hybrid,FAQ,685.91,1185.0,935.45,951.0,True,agmarknet_mimic_v1,42,08efbdb5ab95
20 Nov 2024,2024-11-20,Maharashtra,Nashik,Nashik,Tomato,Hybrid,FAQ,723.05,1068.22,895.64,755.65,True,agmarknet_mimic_v1,42,08efbdb5ab95
21 Nov 2024,2024-11-21,Maharashtra,Nashik,Nashik,Tomato,Local,FAQ,643.68,1121.45,882.57,889.85,True,agmarknet_mimic_v1,42,08efbdb5ab95
22 Nov 2024,2024-11-22,Maharashtra,Nashik,Nashik,Tomato,Hybrid,FAQ,643.93,1129.04,886.49,1120.59,True,agmarknet_mimic_v1,42,08efbdb5ab95
23 Nov 2024,2024-11-23,Maharashtra,Nashik,Nashik,Tomato,Local,FAQ,768.46,1069.93,919.19,826.17,True,agmarknet_mimic_v1,42,08efbdb5ab95
25 Nov 2024,2024-11-25,Maharashtra,Nashik,Nashik,Tomato,Local,FAQ,650.18,1164.75,907.46,990.78,True,agmarknet_mimic_v1,42,08efbdb5ab95
26 Nov 2024,2024-11-26,Maharashtra,Nashik,Nashik,Tomato,Hybrid,FAQ,733.24,1105.47,919.36,1010.16,True,agmarknet_mimic_v1,42,08efbdb5ab95
27 Nov 2024,2024-11-27,Maharashtra,Nashik,Nashik,Tomato,FAQ,FAQ,695.82,1180.64,938.23,921.31,True,agmarknet_mimic_v1,42,08efbdb5ab95
28 Nov 2024,2024-11-28,Maharashtra,Nashik,Nashik,Tomato,Local,FAQ,667.8,1202.0,934.9,839.84,True,agmarknet_mimic_v1,42,08efbdb5ab95
29 Nov 2024,2024-11-29,Maharashtra,Nashik,Nashik,Tomato,FAQ,FAQ,699.31,1055.52,877.41,989.38,True,agmarknet_mimic_v1,42,08efbdb5ab95
30 Nov 2024,2024-11-30,Maharashtra,Nashik,Nashik,Tomato,FAQ,FAQ,643.88,1040.21,842.05,1055.59,True,agmarknet_mimic_v1,42,08efbdb5ab95
02 Dec 2024,2024-12-02,Maharashtra,Nashik,Nashik,Tomato,Local,FAQ,660.83,1094.1,877.46,979.11,True,agmarknet_mimic_v1,42,08efbdb5ab95
03 Dec 2024,2024-12-03,Maharashtra,Nashik,Nashik,Tomato,Local,FAQ,560.21,1004.53,782.37,1012.61,True,agmarknet_mimic_v1,42,08efbdb5ab95
04 Dec 2024,2024-12-04,Maharashtra,Nashik,Nashik,Tomato,FAQ,FAQ,543.33,950.25,746.79,892.68,True,agmarknet_mimic_v1,42,08efbdb5ab95
05 Dec 2024,2024-12-05,Maharashtra,Nashik,Nashik,Tomato,FAQ,FAQ,597.95,890.57,744.26,1072.66,True,agmarknet_mimic_v1,42,08efbdb5ab95
06 Dec 2024,2024-12-06,Maharashtra,Nashik,Nashik,Tomato,Local,FAQ,567.54,949.89,758.71,1111.95,True,agmarknet_mimic_v1,42,08efbdb5ab95
07 Dec 2024,2024-12-07,Maharashtra,Nashik,Nashik,Tomato,Local,FAQ,556.19,948.62,752.41,970.66,True,agmarknet_mimic_v1,42,08efbdb5ab95
09 Dec 2024,2024-12-09,Maharashtra,Nashik,Nashik,Tomato,Local,FAQ,614.98,1024.66,819.82,1155.44,True,agmarknet_mimic_v1,42,08efbdb5ab95
10 Dec 2024,2024-12-10,Maharashtra,Nashik,Nashik,Tomato,Hybrid,FAQ,586.63,823.63,705.13,1082.42,True,agmarknet_mimic_v1,42,08efbdb5ab95
11 Dec 2024,2024-12-11,Maharashtra,Nashik,Nashik,Tomato,Local,FAQ,565.43,782.9,674.17,969.52,True,agmarknet_mimic_v1,42,08efbdb5ab95
12 Dec 2024,2024-12-12,Maharashtra,Nashik,Nashik,Tomato,FAQ,FAQ,521.01,896.04,708.52,1063.55,True,agmarknet_mimic_v1,42,08efbdb5ab95
13 Dec 2024,2024-12-13,Maharashtra,Nashik,Nashik,Tomato,Local,FAQ,558.21,973.38,765.79,1230.06,True,agmarknet_mimic_v1,42,08efbdb5ab95
14 Dec 2024,2024-12-14,Maharashtra,Nashik,Nashik,Tomato,Hybrid,FAQ,595.15,930.08,762.61,951.26,True,agmarknet_mimic_v1,42,08efbdb5ab95
16 Dec 2024,2024-12-16,Maharashtra,Nashik,Nashik,Tomato,FAQ,FAQ,634.02,957.45,795.73,1051.63,True,agmarknet_mimic_v1,42,08efbdb5ab95
17 Dec 2024,2024-12-17,Maharashtra,Nashik,Nashik,Tomato,FAQ,FAQ,646.77,1071.15,858.96,1016.89,True,agmarknet_mimic_v1,42,08efbdb5ab95
18 Dec 2024,2024-12-18,Maharashtra,Nashik,Nashik,Tomato,FAQ,FAQ,703.17,975.88,839.52,1078.76,True,agmarknet_mimic_v1,42,08efbdb5ab95
19 Dec 2024,2024-12-19,Maharashtra,Nashik,Nashik,Tomato,Hybrid,FAQ,579.42,991.28,785.35,909.06,True,agmarknet_mimic_v1,42,08efbdb5ab95
20 Dec 2024,2024-12-20,Maharashtra,Nashik,Nashik,Tomato,Hybrid,FAQ,671.0,925.4,798.2,1204.01,True,agmarknet_mimic_v1,42,08efbdb5ab95
21 Dec 2024,2024-12-21,Maharashtra,Nashik,Nashik,Tomato,FAQ,FAQ,614.08,1037.75,825.92,1151.21,True,agmarknet_mimic_v1,42,08efbdb5ab95
23 Dec 2024,2024-12-23,Maharashtra,Nashik,Nashik,Tomato,FAQ,FAQ,616.26,943.48,779.87,1258.18,True,agmarknet_mimic_v1,42,08efbdb5ab95
24 Dec 2024,2024-12-24,Maharashtra,Nashik,Nashik,Tomato,Local,FAQ,595.18,844.52,719.85,828.81,True,agmarknet_mimic_v1,42,08efbdb5ab95
25 Dec 2024,2024-12-25,Maharashtra,Nashik,Nashik,Tomato,Local,FAQ,549.19,828.19,688.69,1100.9,True,agmarknet_mimic_v1,42,08efbdb5ab95
26 Dec 2024,2024-12-26,Maharashtra,Nashik,Nashik,Tomato,Local,FAQ,445.5,637.06,541.28,1158.63,True,agmarknet_mimic_v1,42,08efbdb5ab95
27 Dec 2024,2024-12-27,Maharashtra,Nashik,Nashik,Tomato,Hybrid,FAQ,456.32,707.42,581.87,1094.78,True,agmarknet_mimic_v1,42,08efbdb5ab95
28 Dec 2024,2024-12-28,Maharashtra,Nashik,Nashik,Tomato,Hybrid,FAQ,384.06,674.43,529.25,970.45,True,agmarknet_mimic_v1,42,08efbdb5ab95
30 Dec 2024,2024-12-30,Maharashtra,Nashik,Nashik,Tomato,Local,FAQ,346.37,568.03,457.2,1306.06,True,agmarknet_mimic_v1,42,08efbdb5ab95
31 Dec 2024,2024-12-31,Maharashtra,Nashik,Nashik,Tomato,FAQ,FAQ,364.19,625.65,494.92,911.51,True,agmarknet_mimic_v1,42,08efbdb5ab95
01 Jan 2025,2025-01-01,Maharashtra,Nashik,Nashik,Tomato,Hybrid,FAQ,448.66,677.75,563.21,1059.8,True,agmarknet_mimic_v1,42,08efbdb5ab95
02 Jan 2025,2025-01-02,Maharashtra,Nashik,Nashik,Tomato,Hybrid,FAQ,433.57,661.17,547.37,1040.4,True,agmarknet_mimic_v1,42,08efbdb5ab95
03 Jan 2025,2025-01-03,Maharashtra,Nashik,Nashik,Tomato,FAQ,FAQ,363.77,582.45,473.11,1038.76,True,agmarknet_mimic_v1,42,08efbdb5ab95
04 Jan 2025,2025-01-04,Maharashtra,Nashik,Nashik,Tomato,FAQ,FAQ,419.69,670.77,545.23,1165.6,True,agmarknet_mimic_v1,42,08efbdb5ab95
06 Jan 2025,2025-01-06,Maharashtra,Nashik,Nashik,Tomato,Hybrid,FAQ,439.67,697.81,568.74,1114.76,True,agmarknet_mimic_v1,42,08efbdb5ab95
07 Jan 2025,2025-01-07,Maharashtra,Nashik,Nashik,Tomato,Local,FAQ,471.22,675.14,573.18,950.76,True,agmarknet_mimic_v1,42,08efbdb5ab95
08 Jan 2025,2025-01-08,Maharashtra,Nashik,Nashik,Tomato,Local,FAQ,345.85,566.59,456.22,1183.07,True,agmarknet_mimic_v1,42,08efbdb5ab95
09 Jan 2025,2025-01-09,Maharashtra,Nashik,Nashik,Tomato,FAQ,FAQ,372.27,541.41,456.84,1076.18,True,agmarknet_mimic_v1,42,08efbdb5ab95
10 Jan 2025,2025-01-10,Maharashtra,Nashik,Nashik,Tomato,FAQ,FAQ,390.27,617.23,503.75,1337.49,True,agmarknet_mimic_v1,42,08efbdb5ab95
11 Jan 2025,2025-01-11,Maharashtra,Nashik,Nashik,Tomato,FAQ,FAQ,403.86,581.03,492.44,1317.23,True,agmarknet_mimic_v1,42,08efbdb5ab95
13 Jan 2025,2025-01-13,Maharashtra,Nashik,Nashik,Tomato,FAQ,FAQ,424.66,645.95,535.31,1503.87,True,agmarknet_mimic_v1,42,08efbdb5ab95
14 Jan 2025,2025-01-14,Maharashtra,Nashik,Nashik,Tomato,Local,FAQ,396.26,581.09,488.68,1012.1,True,agmarknet_mimic_v1,42,08efbdb5ab95
15 Jan 2025,2025-01-15,Maharashtra,Nashik,Nashik,Tomato,Hybrid,FAQ,373.85,610.54,492.19,1057.67,True,agmarknet_mimic_v1,42,08efbdb5ab95
16 Jan 2025,2025-01-16,Maharashtra,Nashik,Nashik,Tomato,Local,FAQ,437.15,748.62,592.88,1099.94,True,agmarknet_mimic_v1,42,08efbdb5ab95
17 Jan 2025,2025-01-17,Maharashtra,Nashik,Nashik,Tomato,Hybrid,FAQ,504.84,776.69,640.77,1158.8,True,agmarknet_mimic_v1,42,08efbdb5ab95
18 Jan 2025,2025-01-18,Maharashtra,Nashik,Nashik,Tomato,Local,FAQ,512.62,792.48,652.55,1214.66,True,agmarknet_mimic_v1,42,08efbdb5ab95
20 Jan 2025,2025-01-20,Maharashtra,Nashik,Nashik,Tomato,Hybrid,FAQ,493.4,836.25,664.82,1304.59,True,agmarknet_mimic_v1,42,08efbdb5ab95
21 Jan 2025,2025-01-21,Maharashtra,Nashik,Nashik,Tomato,Local,FAQ,555.19,819.03,687.11,1045.9,True,agmarknet_mimic_v1,42,08efbdb5ab95
22 Jan 2025,2025-01-22,Maharashtra,Nashik,Nashik,Tomato,Local,FAQ,525.56,770.96,648.26,1057.93,True,agmarknet_mimic_v1,42,08efbdb5ab95
23 Jan 2025,2025-01-23,Maharashtra,Nashik,Nashik,Tomato,FAQ,FAQ,451.62,792.5,622.06,1266.72,True,agmarknet_mimic_v1,42,08efbdb5ab95
24 Jan 2025,2025-01-24,Maharashtra,Nashik,Nashik,Tomato,FAQ,FAQ,526.81,790.08,658.45,1189.43,True,agmarknet_mimic_v1,42,08efbdb5ab95
25 Jan 2025,2025-01-25,Maharashtra,Nashik,Nashik,Tomato,Local,FAQ,557.19,814.56,685.87,1086.88,True,agmarknet_mimic_v1,42,08efbdb5ab95
27 Jan 2025,2025-01-27,Maharashtra,Nashik,Nashik,Tomato,Hybrid,FAQ,577.99,789.24,683.62,1265.99,True,agmarknet_mimic_v1,42,08efbdb5ab95
28 Jan 2025,2025-01-28,Maharashtra,Nashik,Nashik,Tomato,Local,FAQ,558.71,921.84,740.28,1181.84,True,agmarknet_mimic_v1,42,08efbdb5ab95
29 Jan 2025,2025-01-29,Maharashtra,Nashik,Nashik,Tomato,Hybrid,FAQ,542.22,757.51,649.86,1043.86,True,agmarknet_mimic_v1,42,08efbdb5ab95
30 Jan 2025,2025-01-30,Maharashtra,Nashik,Nashik,Tomato,FAQ,FAQ,500.47,720.89,610.68,1332.87,True,agmarknet_mimic_v1,42,08efbdb5ab95
31 Jan 2025,2025-01-31,Maharashtra,Nashik,Nashik,Tomato,Hybrid,FAQ,434.67,720.27,577.47,1106.69,True,agmarknet_mimic_v1,42,08efbdb5ab95
01 Feb 2025,2025-02-01,Maharashtra,Nashik,Nashik,Tomato,Hybrid,FAQ,484.61,702.34,593.48,1087.5,True,agmarknet_mimic_v1,42,08efbdb5ab95
03 Feb 2025,2025-02-03,Maharashtra,Nashik,Nashik,Tomato,FAQ,FAQ,420.89,694.78,557.83,1193.21,True,agmarknet_mimic_v1,42,08efbdb5ab95
04 Feb 2025,2025-02-04,Maharashtra,Nashik,Nashik,Tomato,Local,FAQ,381.59,633.4,507.49,1077.69,True,agmarknet_mimic_v1,42,08efbdb5ab95
05 Feb 2025,2025-02-05,Maharashtra,Nashik,Nashik,Tomato,Hybrid,FAQ,403.6,616.16,509.88,1054.74,True,agmarknet_mimic_v1,42,08efbdb5ab95
06 Feb 2025,2025-02-06,Maharashtra,Nashik,Nashik,Tomato,FAQ,FAQ,459.93,799.52,629.72,1061.23,True,agmarknet_mimic_v1,42,08efbdb5ab95
07 Feb 2025,2025-02-07,Maharashtra,Nashik,Nashik,Tomato,FAQ,FAQ,513.03,737.89,625.46,1004.1,True,agmarknet_mimic_v1,42,08efbdb5ab95
08 Feb 2025,2025-02-08,Maharashtra,Nashik,Nashik,Tomato,Local,FAQ,497.29,720.68,608.99,1162.96,True,agmarknet_mimic_v1,42,08efbdb5ab95
10 Feb 2025,2025-02-10,Maharashtra,Nashik,Nashik,Tomato,FAQ,FAQ,494.08,739.28,616.68,1144.68,True,agmarknet_mimic_v1,42,08efbdb5ab95
11 Feb 2025,2025-02-11,Maharashtra,Nashik,Nashik,Tomato,Hybrid,FAQ,482.91,774.21,628.56,950.91,True,agmarknet_mimic_v1,42,08efbdb5ab95
12 Feb 2025,2025-02-12,Maharashtra,Nashik,Nashik,Tomato,Hybrid,FAQ,500.92,795.35,648.13,844.04,True,agmarknet_mimic_v1,42,08efbdb5ab95
13 Feb 2025,2025-02-13,Maharashtra,Nashik,Nashik,Tomato,Local,FAQ,467.2,834.94,651.07,820.82,True,agmarknet_mimic_v1,42,08efbdb5ab95
14 Feb 2025,2025-02-14,Maharashtra,Nashik,Nashik,Tomato,Local,FAQ,500.78,800.46,650.62,1153.01,True,agmarknet_mimic_v1,42,08efbdb5ab95
15 Feb 2025,2025-02-15,Maharashtra,Nashik,Nashik,Tomato,Hybrid,FAQ,620.37,895.14,757.75,984.16,True,agmarknet_mimic_v1,42,08efbdb5ab95
17 Feb 2025,2025-02-17,Maharashtra,Nashik,Nashik,Tomato,Hybrid,FAQ,575.19,979.75,777.47,1127.55,True,agmarknet_mimic_v1,42,08efbdb5ab95
18 Feb 2025,2025-02-18,Maharashtra,Nashik,Nashik,Tomato,FAQ,FAQ,620.24,866.96,743.6,1166.97,True,agmarknet_mimic_v1,42,08efbdb5ab95
19 Feb 2025,2025-02-19,Maharashtra,Nashik,Nashik,Tomato,Hybrid,FAQ,518.66,775.66,647.16,998.49,True,agmarknet_mimic_v1,42,08efbdb5ab95
20 Feb 2025,2025-02-20,Maharashtra,Nashik,Nashik,Tomato,FAQ,FAQ,420.69,627.35,524.02,1008.34,True,agmarknet_mimic_v1,42,08efbdb5ab95
21 Feb 2025,2025-02-21,Maharashtra,Nashik,Nashik,Tomato,FAQ,FAQ,468.98,651.93,560.45,940.14,True,agmarknet_mimic_v1,42,08efbdb5ab95
22 Feb 2025,2025-02-22,Maharashtra,Nashik,Nashik,Tomato,Hybrid,FAQ,449.09,703.82,576.46,1029.12,True,agmarknet_mimic_v1,42,08efbdb5ab95
24 Feb 2025,2025-02-24,Maharashtra,Nashik,Nashik,Tomato,FAQ,FAQ,432.38,715.77,574.07,917.5,True,agmarknet_mimic_v1,42,08efbdb5ab95
25 Feb 2025,2025-02-25,Maharashtra,Nashik,Nashik,Tomato,FAQ,FAQ,457.64,712.51,585.07,971.44,True,agmarknet_mimic_v1,42,08efbdb5ab95
26 Feb 2025,2025-02-26,Maharashtra,Nashik,Nashik,Tomato,FAQ,FAQ,482.43,694.21,588.32,1239.8,True,agmarknet_mimic_v1,42,08efbdb5ab95
27 Feb 2025,2025-02-27,Maharashtra,Nashik,Nashik,Tomato,FAQ,FAQ,525.4,848.01,686.71,905.28,True,agmarknet_mimic_v1,42,08efbdb5ab95
28 Feb 2025,2025-02-28,Maharashtra,Nashik,Nashik,Tomato,FAQ,FAQ,557.85,872.53,715.19,1360.0,True,agmarknet_mimic_v1,42,08efbdb5ab95
01 Mar 2025,2025-03-01,Maharashtra,Nashik,Nashik,Tomato,Local,FAQ,599.8,860.15,729.98,920.17,True,agmarknet_mimic_v1,42,08efbdb5ab95
03 Mar 2025,2025-03-03,Maharashtra,Nashik,Nashik,Tomato,FAQ,FAQ,604.66,832.29,718.47,1022.96,True,agmarknet_mimic_v1,42,08efbdb5ab95
04 Mar 2025,2025-03-04,Maharashtra,Nashik,Nashik,Tomato,Hybrid,FAQ,507.16,802.55,654.85,772.06,True,agmarknet_mimic_v1,42,08efbdb5ab95
05 Mar 2025,2025-03-05,Maharashtra,Nashik,Nashik,Tomato,Local,FAQ,522.85,883.78,703.31,980.48,True,agmarknet_mimic_v1,42,08efbdb5ab95
06 Mar 2025,2025-03-06,Maharashtra,Nashik,Nashik,Tomato,FAQ,FAQ,629.26,865.21,747.23,808.42,True,agmarknet_mimic_v1,42,08efbdb5ab95
07 Mar 2025,2025-03-07,Maharashtra,Nashik,Nashik,Tomato,FAQ,FAQ,679.96,942.65,811.3,1054.21,True,agmarknet_mimic_v1,42,08efbdb5ab95
08 Mar 2025,2025-03-08,Maharashtra,Nashik,Nashik,Tomato,Hybrid,FAQ,670.2,1110.37,890.29,1014.11,True,agmarknet_mimic_v1,42,08efbdb5ab95
10 Mar 2025,2025-03-10,Maharashtra,Nashik,Nashik,Tomato,FAQ,FAQ,638.21,1120.48,879.35,635.9,True,agmarknet_mimic_v1,42,08efbdb5ab95
11 Mar 2025,2025-03-11,Maharashtra,Nashik,Nashik,Tomato,Hybrid,FAQ,683.81,1117.05,900.43,1132.59,True,agmarknet_mimic_v1,42,08efbdb5ab95
12 Mar 2025,2025-03-12,Maharashtra,Nashik,Nashik,Tomato,Local,FAQ,617.88,1099.67,858.77,808.7,True,agmarknet_mimic_v1,42,08efbdb5ab95
13 Mar 2025,2025-03-13,Maharashtra,Nashik,Nashik,Tomato,Local,FAQ,671.36,1190.33,930.85,828.64,True,agmarknet_mimic_v1,42,08efbdb5ab95
14 Mar 2025,2025-03-14,Maharashtra,Nashik,Nashik,Tomato,FAQ,FAQ,746.96,1072.15,909.55,1064.97,True,agmarknet_mimic_v1,42,08efbdb5ab95
15 Mar 2025,2025-03-15,Maharashtra,Nashik,Nashik,Tomato,FAQ,FAQ,736.17,1108.42,922.3,746.93,True,agmarknet_mimic_v1,42,08efbdb5ab95
17 Mar 2025,2025-03-17,Maharashtra,Nashik,Nashik,Tomato,FAQ,FAQ,751.86,1147.35,949.6,646.91,True,agmarknet_mimic_v1,42,08efbdb5ab95
18 Mar 2025,2025-03-18,Maharashtra,Nashik,Nashik,Tomato,FAQ,FAQ,762.64,1329.07,1045.85,1069.2,True,agmarknet_mimic_v1,42,08efbdb5ab95
19 Mar 2025,2025-03-19,Maharashtra,Nashik,Nashik,Tomato,FAQ,FAQ,856.08,1312.63,1084.35,850.96,True,agmarknet_mimic_v1,42,08efbdb5ab95
20 Mar 2025,2025-03-20,Maharashtra,Nashik,Nashik,Tomato,Local,FAQ,801.59,1280.52,1041.06,1062.57,True,agmarknet_mimic_v1,42,08efbdb5ab95
21 Mar 2025,2025-03-21,Maharashtra,Nashik,Nashik,Tomato,Hybrid,FAQ,824.09,1182.01,1003.05,825.08,True,agmarknet_mimic_v1,42,08efbdb5ab95
22 Mar 2025,2025-03-22,Maharashtra,Nashik,Nashik,Tomato,Hybrid,FAQ,844.31,1248.36,1046.34,941.35,True,agmarknet_mimic_v1,42,08efbdb5ab95
24 Mar 2025,2025-03-24,Maharashtra,Nashik,Nashik,Tomato,Hybrid,FAQ,789.95,1128.63,959.29,568.57,True,agmarknet_mimic_v1,42,08efbdb5ab95
25 Mar 2025,2025-03-25,Maharashtra,Nashik,Nashik,Tomato,Hybrid,FAQ,837.13,1215.18,1026.16,704.84,True,agmarknet_mimic_v1,42,08efbdb5ab95
26 Mar 2025,2025-03-26,Maharashtra,Nashik,Nashik,Tomato,Local,FAQ,813.3,1161.05,987.18,878.89,True,agmarknet_mimic_v1,42,08efbdb5ab95
27 Mar 2025,2025-03-27,Maharashtra,Nashik,Nashik,Tomato,Local,FAQ,730.75,1291.03,1010.89,818.52,True,agmarknet_mimic_v1,42,08efbdb5ab95
28 Mar 2025,2025-03-28,Maharashtra,Nashik,Nashik,Tomato,FAQ,FAQ,769.87,1349.15,1059.51,783.46,True,agmarknet_mimic_v1,42,08efbdb5ab95
29 Mar 2025,2025-03-29,Maharashtra,Nashik,Nashik,Tomato,Local,FAQ,909.07,1259.84,1084.45,775.07,True,agmarknet_mimic_v1,42,08efbdb5ab95
31 Mar 2025,2025-03-31,Maharashtra,Nashik,Nashik,Tomato,Local,FAQ,899.15,1353.01,1126.08,832.06,True,agmarknet_mimic_v1,42,08efbdb5ab95
01 Apr 2025,2025-04-01,Maharashtra,Nashik,Nashik,Tomato,Hybrid,FAQ,885.04,1254.63,1069.84,825.58,True,agmarknet_mimic_v1,42,08efbdb5ab95
02 Apr 2025,2025-04-02,Maharashtra,Nashik,Nashik,Tomato,Hybrid,FAQ,867.16,1438.31,1152.74,799.96,True,agmarknet_mimic_v1,42,08efbdb5ab95
03 Apr 2025,2025-04-03,Maharashtra,Nashik,Nashik,Tomato,FAQ,FAQ,853.15,1471.5,1162.33,1131.38,True,agmarknet_mimic_v1,42,08efbdb5ab95
04 Apr 2025,2025-04-04,Maharashtra,Nashik,Nashik,Tomato,Local,FAQ,856.25,1391.38,1123.82,863.06,True,agmarknet_mimic_v1,42,08efbdb5ab95
05 Apr 2025,2025-04-05,Maharashtra,Nashik,Nashik,Tomato,Local,FAQ,843.26,1426.47,1134.87,789.58,True,agmarknet_mimic_v1,42,08efbdb5ab95
07 Apr 2025,2025-04-07,Maharashtra,Nashik,Nashik,Tomato,Local,FAQ,792.88,1411.11,1102.0,784.13,True,agmarknet_mimic_v1,42,08efbdb5ab95
08 Apr 2025,2025-04-08,Maharashtra,Nashik,Nashik,Tomato,Local,FAQ,809.75,1415.74,1112.74,752.32,True,agmarknet_mimic_v1,42,08efbdb5ab95
09 Apr 2025,2025-04-09,Maharashtra,Nashik,Nashik,Tomato,FAQ,FAQ,792.28,1335.83,1064.06,754.62,True,agmarknet_mimic_v1,42,08efbdb5ab95
10 Apr 2025,2025-04-10,Maharashtra,Nashik,Nashik,Tomato,FAQ,FAQ,788.32,1291.49,1039.91,692.19,True,agmarknet_mimic_v1,42,08efbdb5ab95
11 Apr 2025,2025-04-11,Maharashtra,Nashik,Nashik,Tomato,Hybrid,FAQ,841.29,1457.46,1149.38,864.06,True,agmarknet_mimic_v1,42,08efbdb5ab95
12 Apr 2025,2025-04-12,Maharashtra,Nashik,Nashik,Tomato,Local,FAQ,915.24,1423.28,1169.26,629.5,True,agmarknet_mimic_v1,42,08efbdb5ab95
14 Apr 2025,2025-04-14,Maharashtra,Nashik,Nashik,Tomato,FAQ,FAQ,956.59,1521.08,1238.84,833.63,True,agmarknet_mimic_v1,42,08efbdb5ab95
15 Apr 2025,2025-04-15,Maharashtra,Nashik,Nashik,Tomato,Hybrid,FAQ,950.19,1605.42,1277.8,671.3,True,agmarknet_mimic_v1,42,08efbdb5ab95
16 Apr 2025,2025-04-16,Maharashtra,Nashik,Nashik,Tomato,Hybrid,FAQ,920.9,1573.51,1247.2,704.62,True,agmarknet_mimic_v1,42,08efbdb5ab95
17 Apr 2025,2025-04-17,Maharashtra,Nashik,Nashik,Tomato,Local,FAQ,977.24,1625.27,1301.26,833.05,True,agmarknet_mimic_v1,42,08efbdb5ab95
18 Apr 2025,2025-04-18,Maharashtra,Nashik,Nashik,Tomato,Local,FAQ,1172.7,1600.62,1386.66,893.37,True,agmarknet_mimic_v1,42,08efbdb5ab95
19 Apr 2025,2025-04-19,Maharashtra,Nashik,Nashik,Tomato,FAQ,FAQ,1181.59,1763.89,1472.74,769.83,True,agmarknet_mimic_v1,42,08efbdb5ab95
21 Apr 2025,2025-04-21,Maharashtra,Nashik,Nashik,Tomato,Hybrid,FAQ,1222.02,1790.85,1506.44,903.09,True,agmarknet_mimic_v1,42,08efbdb5ab95
22 Apr 2025,2025-04-22,Maharashtra,Nashik,Nashik,Tomato,Local,FAQ,1255.31,1956.43,1605.87,795.74,True,agmarknet_mimic_v1,42,08efbdb5ab95
23 Apr 2025,2025-04-23,Maharashtra,Nashik,Nashik,Tomato,Hybrid,FAQ,1165.08,2075.76,1620.42,616.53,True,agmarknet_mimic_v1,42,08efbdb5ab95
24 Apr 2025,2025-04-24,Maharashtra,Nashik,Nashik,Tomato,Local,FAQ,1287.63,2050.5,1669.06,728.97,True,agmarknet_mimic_v1,42,08efbdb5ab95
25 Apr 2025,2025-04-25,Maharashtra,Nashik,Nashik,Tomato,Hybrid,FAQ,1208.88,2095.53,1652.21,730.48,True,agmarknet_mimic_v1,42,08efbdb5ab95
26 Apr 2025,2025-04-26,Maharashtra,Nashik,Nashik,Tomato,Local,FAQ,1237.97,2128.35,1683.16,819.8,True,agmarknet_mimic_v1,42,08efbdb5ab95
28 Apr 2025,2025-04-28,Maharashtra,Nashik,Nashik,Tomato,Local,FAQ,1240.43,2134.49,1687.46,816.08,True,agmarknet_mimic_v1,42,08efbdb5ab95
29 Apr 2025,2025-04-29,Maharashtra,Nashik,Nashik,Tomato,FAQ,FAQ,1303.41,2165.01,1734.21,539.47,True,agmarknet_mimic_v1,42,08efbdb5ab95
30 Apr 2025,2025-04-30,Maharashtra,Nashik,Nashik,Tomato,Local,FAQ,1280.32,2112.91,1696.62,760.69,True,agmarknet_mimic_v1,42,08efbdb5ab95
01 May 2025,2025-05-01,Maharashtra,Nashik,Nashik,Tomato,FAQ,FAQ,1259.65,2085.17,1672.41,605.28,True,agmarknet_mimic_v1,42,08efbdb5ab95
02 May 2025,2025-05-02,Maharashtra,Nashik,Nashik,Tomato,FAQ,FAQ,1241.61,1984.12,1612.86,691.71,True,agmarknet_mimic_v1,42,08efbdb5ab95
03 May 2025,2025-05-03,Maharashtra,Nashik,Nashik,Tomato,FAQ,FAQ,1225.0,1995.78,1610.39,638.11,True,agmarknet_mimic_v1,42,08efbdb5ab95
05 May 2025,2025-05-05,Maharashtra,Nashik,Nashik,Tomato,Local,FAQ,1235.71,2076.22,1655.97,855.21,True,agmarknet_mimic_v1,42,08efbdb5ab95
06 May 2025,2025-05-06,Maharashtra,Nashik,Nashik,Tomato,Hybrid,FAQ,1308.6,1998.07,1653.34,724.52,True,agmarknet_mimic_v1,42,08efbdb5ab95
07 May 2025,2025-05-07,Maharashtra,Nashik,Nashik,Tomato,FAQ,FAQ,1333.79,2042.93,1688.36,785.28,True,agmarknet_mimic_v1,42,08efbdb5ab95
08 May 2025,2025-05-08,Maharashtra,Nashik,Nashik,Tomato,Hybrid,FAQ,1233.5,2211.93,1722.72,823.02,True,agmarknet_mimic_v1,42,08efbdb5ab95
09 May 2025,2025-05-09,Maharashtra,Nashik,Nashik,Tomato,Local,FAQ,1400.04,2039.92,1719.98,580.12,True,agmarknet_mimic_v1,42,08efbdb5ab95
10 May 2025,2025-05-10,Maharashtra,Nashik,Nashik,Tomato,FAQ,FAQ,1289.12,2082.08,1685.6,550.51,True,agmarknet_mimic_v1,42,08efbdb5ab95
12 May 2025,2025-05-12,Maharashtra,Nashik,Nashik,Tomato,FAQ,FAQ,1425.21,2011.61,1718.41,654.65,True,agmarknet_mimic_v1,42,08efbdb5ab95
13 May 2025,2025-05-13,Maharashtra,Nashik,Nashik,Tomato,FAQ,FAQ,1325.53,2051.95,1688.74,621.9,True,agmarknet_mimic_v1,42,08efbdb5ab95
14 May 2025,2025-05-14,Maharashtra,Nashik,Nashik,Tomato,FAQ,FAQ,1363.53,1893.03,1628.28,682.26,True,agmarknet_mimic_v1,42,08efbdb5ab95
15 May 2025,2025-05-15,Maharashtra,Nashik,Nashik,Tomato,FAQ,FAQ,1183.35,2047.12,1615.23,836.05,True,agmarknet_mimic_v1,42,08efbdb5ab95
16 May 2025,2025-05-16,Maharashtra,Nashik,Nashik,Tomato,FAQ,FAQ,1262.15,1948.12,1605.14,793.22,True,agmarknet_mimic_v1,42,08efbdb5ab95
17 May 2025,2025-05-17,Maharashtra,Nashik,Nashik,Tomato,Hybrid,FAQ,1160.95,1946.65,1553.8,397.99,True,agmarknet_mimic_v1,42,08efbdb5ab95
19 May 2025,2025-05-19,Maharashtra,Nashik,Nashik,Tomato,FAQ,FAQ,1355.78,1862.5,1609.14,679.23,True,agmarknet_mimic_v1,42,08efbdb5ab95
20 May 2025,2025-05-20,Maharashtra,Nashik,Nashik,Tomato,FAQ,FAQ,1207.98,1943.91,1575.94,616.23,True,agmarknet_mimic_v1,42,08efbdb5ab95
21 May 2025,2025-05-21,Maharashtra,Nashik,Nashik,Tomato,FAQ,FAQ,1159.01,2055.75,1607.38,967.53,True,agmarknet_mimic_v1,42,08efbdb5ab95
22 May 2025,2025-05-22,Maharashtra,Nashik,Nashik,Tomato,Hybrid,FAQ,1295.96,2073.99,1684.98,492.48,True,agmarknet_mimic_v1,42,08efbdb5ab95
23 May 2025,2025-05-23,Maharashtra,Nashik,Nashik,Tomato,FAQ,FAQ,1262.2,2102.57,1682.38,693.57,True,agmarknet_mimic_v1,42,08efbdb5ab95
24 May 2025,2025-05-24,Maharashtra,Nashik,Nashik,Tomato,Local,FAQ,1314.49,1890.77,1602.63,625.68,True,agmarknet_mimic_v1,42,08efbdb5ab95
26 May 2025,2025-05-26,Maharashtra,Nashik,Nashik,Tomato,Hybrid,FAQ,1225.46,1874.45,1549.96,599.62,True,agmarknet_mimic_v1,42,08efbdb5ab95
27 May 2025,2025-05-27,Maharashtra,Nashik,Nashik,Tomato,Local,FAQ,1177.51,1920.25,1548.88,726.92,True,agmarknet_mimic_v1,42,08efbdb5ab95
28 May 2025,2025-05-28,Maharashtra,Nashik,Nashik,Tomato,Hybrid,FAQ,1189.76,2038.03,1613.9,673.29,True,agmarknet_mimic_v1,42,08efbdb5ab95
29 May 2025,2025-05-29,Maharashtra,Nashik,Nashik,Tomato,Local,FAQ,1411.07,1947.96,1679.51,665.5,True,agmarknet_mimic_v1,42,08efbdb5ab95
30 May 2025,2025-05-30,Maharashtra,Nashik,Nashik,Tomato,Local,FAQ,1318.84,1942.8,1630.82,686.28,True,agmarknet_mimic_v1,42,08efbdb5ab95
31 May 2025,2025-05-31,Maharashtra,Nashik,Nashik,Tomato,Hybrid,FAQ,1319.57,2125.04,1722.3,877.13,True,agmarknet_mimic_v1,42,08efbdb5ab95
02 Jun 2025,2025-06-02,Maharashtra,Nashik,Nashik,Tomato,FAQ,FAQ,1425.32,2056.38,1740.85,629.81,True,agmarknet_mimic_v1,42,08efbdb5ab95
03 Jun 2025,2025-06-03,Maharashtra,Nashik,Nashik,Tomato,Hybrid,FAQ,1362.01,2142.52,1752.27,757.11,True,agmarknet_mimic_v1,42,08efbdb5ab95
04 Jun 2025,2025-06-04,Maharashtra,Nashik,Nashik,Tomato,Hybrid,FAQ,1344.22,2176.33,1760.28,489.74,True,agmarknet_mimic_v1,42,08efbdb5ab95
05 Jun 2025,2025-06-05,Maharashtra,Nashik,Nashik,Tomato,FAQ,FAQ,1403.86,2044.74,1724.3,561.45,True,agmarknet_mimic_v1,42,08efbdb5ab95
06 Jun 2025,2025-06-06,Maharashtra,Nashik,Nashik,Tomato,Hybrid,FAQ,1343.5,2132.54,1738.02,573.97,True,agmarknet_mimic_v1,42,08efbdb5ab95
07 Jun 2025,2025-06-07,Maharashtra,Nashik,Nashik,Tomato,Hybrid,FAQ,1335.5,2191.53,1763.51,639.16,True,agmarknet_mimic_v1,42,08efbdb5ab95
09 Jun 2025,2025-06-09,Maharashtra,Nashik,Nashik,Tomato,FAQ,FAQ,1487.8,2144.16,1815.98,653.38,True,agmarknet_mimic_v1,42,08efbdb5ab95
10 Jun 2025,2025-06-10,Maharashtra,Nashik,Nashik,Tomato,FAQ,FAQ,1382.55,2218.68,1800.62,726.82,True,agmarknet_mimic_v1,42,08efbdb5ab95
11 Jun 2025,2025-06-11,Maharashtra,Nashik,Nashik,Tomato,Hybrid,FAQ,1285.33,2245.44,1765.38,668.03,True,agmarknet_mimic_v1,42,08efbdb5ab95
12 Jun 2025,2025-06-12,Maharashtra,Nashik,Nashik,Tomato,Local,FAQ,1433.61,2176.28,1804.95,657.49,True,agmarknet_mimic_v1,42,08efbdb5ab95
13 Jun 2025,2025-06-13,Maharashtra,Nashik,Nashik,Tomato,Local,FAQ,1416.91,2222.09,1819.5,621.16,True,agmarknet_mimic_v1,42,08efbdb5ab95
14 Jun 2025,2025-06-14,Maharashtra,Nashik,Nashik,Tomato,Local,FAQ,1437.74,2171.74,1804.74,702.4,True,agmarknet_mimic_v1,42,08efbdb5ab95
16 Jun 2025,2025-06-16,Maharashtra,Nashik,Nashik,Tomato,FAQ,FAQ,1299.32,2211.51,1755.42,602.06,True,agmarknet_mimic_v1,42,08efbdb5ab95
17 Jun 2025,2025-06-17,Maharashtra,Nashik,Nashik,Tomato,FAQ,FAQ,1242.98,2190.89,1716.94,691.78,True,agmarknet_mimic_v1,42,08efbdb5ab95
18 Jun 2025,2025-06-18,Maharashtra,Nashik,Nashik,Tomato,Local,FAQ,1347.37,2181.92,1764.64,632.93,True,agmarknet_mimic_v1,42,08efbdb5ab95
19 Jun 2025,2025-06-19,Maharashtra,Nashik,Nashik,Tomato,Local,FAQ,1491.18,2046.2,1768.69,436.83,True,agmarknet_mimic_v1,42,08efbdb5ab95
20 Jun 2025,2025-06-20,Maharashtra,Nashik,Nashik,Tomato,FAQ,FAQ,1381.64,2217.75,1799.69,637.48,True,agmarknet_mimic_v1,42,08efbdb5ab95
21 Jun 2025,2025-06-21,Maharashtra,Nashik,Nashik,Tomato,Local,FAQ,1477.21,2207.64,1842.43,677.0,True,agmarknet_mimic_v1,42,08efbdb5ab95
23 Jun 2025,2025-06-23,Maharashtra,Nashik,Nashik,Tomato,FAQ,FAQ,1421.71,2180.2,1800.95,796.58,True,agmarknet_mimic_v1,42,08efbdb5ab95
24 Jun 2025,2025-06-24,Maharashtra,Nashik,Nashik,Tomato,FAQ,FAQ,1532.67,2229.86,1881.27,564.73,True,agmarknet_mimic_v1,42,08efbdb5ab95
25 Jun 2025,2025-06-25,Maharashtra,Nashik,Nashik,Tomato,FAQ,FAQ,1516.94,2421.96,1969.45,746.49,True,agmarknet_mimic_v1,42,08efbdb5ab95
26 Jun 2025,2025-06-26,Maharashtra,Nashik,Nashik,Tomato,FAQ,FAQ,1431.94,2424.81,1928.37,769.88,True,agmarknet_mimic_v1,42,08efbdb5ab95
27 Jun 2025,2025-06-27,Maharashtra,Nashik,Nashik,Tomato,FAQ,FAQ,1607.46,2358.5,1982.98,671.87,True,agmarknet_mimic_v1,42,08efbdb5ab95
28 Jun 2025,2025-06-28,Maharashtra,Nashik,Nashik,Tomato,FAQ,FAQ,1442.36,2560.4,2001.38,680.1,True,agmarknet_mimic_v1,42,08efbdb5ab95
30 Jun 2025,2025-06-30,Maharashtra,Nashik,Nashik,Tomato,Hybrid,FAQ,1673.31,2415.73,2044.52,639.14,True,agmarknet_mimic_v1,42,08efbdb5ab95
01 Jul 2025,2025-07-01,Maharashtra,Nashik,Nashik,Tomato,Local,FAQ,1708.61,2401.34,2054.98,597.69,True,agmarknet_mimic_v1,42,08efbdb5ab95
02 Jul 2025,2025-07-02,Maharashtra,Nashik,Nashik,Tomato,FAQ,FAQ,1558.78,2555.35,2057.07,406.17,True,agmarknet_mimic_v1,42,08efbdb5ab95
03 Jul 2025,2025-07-03,Maharashtra,Nashik,Nashik,Tomato,Hybrid,FAQ,1479.97,2661.46,2070.72,536.83,True,agmarknet_mimic_v1,42,08efbdb5ab95
04 Jul 2025,2025-07-04,Maharashtra,Nashik,Nashik,Tomato,FAQ,FAQ,1745.74,2492.21,2118.97,698.75,True,agmarknet_mimic_v1,42,08efbdb5ab95
05 Jul 2025,2025-07-05,Maharashtra,Nashik,Nashik,Tomato,Hybrid,FAQ,1777.35,2458.99,2118.17,615.76,True,agmarknet_mimic_v1,42,08efbdb5ab95
07 Jul 2025,2025-07-07,Maharashtra,Nashik,Nashik,Tomato,Hybrid,FAQ,1583.7,2641.91,2112.8,804.99,True,agmarknet_mimic_v1,42,08efbdb5ab95
08 Jul 2025,2025-07-08,Maharashtra,Nashik,Nashik,Tomato,FAQ,FAQ,1616.23,2723.95,2170.09,538.83,True,agmarknet_mimic_v1,42,08efbdb5ab95
09 Jul 2025,2025-07-09,Maharashtra,Nashik,Nashik,Tomato,Local,FAQ,1849.9,2581.1,2215.5,692.65,True,agmarknet_mimic_v1,42,08efbdb5ab95
10 Jul 2025,2025-07-10,Maharashtra,Nashik,Nashik,Tomato,FAQ,FAQ,1590.99,2836.54,2213.76,729.29,True,agmarknet_mimic_v1,42,08efbdb5ab95
11 Jul 2025,2025-07-11,Maharashtra,Nashik,Nashik,Tomato,FAQ,FAQ,1693.03,2824.85,2258.94,738.23,True,agmarknet_mimic_v1,42,08efbdb5ab95
12 Jul 2025,2025-07-12,Maharashtra,Nashik,Nashik,Tomato,Local,FAQ,1607.37,2874.16,2240.76,549.01,True,agmarknet_mimic_v1,42,08efbdb5ab95
14 Jul 2025,2025-07-14,Maharashtra,Nashik,Nashik,Tomato,FAQ,FAQ,1762.95,2661.2,2212.07,727.48,True,agmarknet_mimic_v1,42,08efbdb5ab95
15 Jul 2025,2025-07-15,Maharashtra,Nashik,Nashik,Tomato,FAQ,FAQ,1730.66,2576.76,2153.71,800.46,True,agmarknet_mimic_v1,42,08efbdb5ab95
16 Jul 2025,2025-07-16,Maharashtra,Nashik,Nashik,Tomato,Local,FAQ,1651.31,2507.76,2079.54,645.85,True,agmarknet_mimic_v1,42,08efbdb5ab95
17 Jul 2025,2025-07-17,Maharashtra,Nashik,Nashik,Tomato,Hybrid,FAQ,1667.64,2537.98,2102.81,605.64,True,agmarknet_mimic_v1,42,08efbdb5ab95
18 Jul 2025,2025-07-18,Maharashtra,Nashik,Nashik,Tomato,FAQ,FAQ,1750.09,2555.02,2152.56,778.19,True,agmarknet_mimic_v1,42,08efbdb5ab95
19 Jul 2025,2025-07-19,Maharashtra,Nashik,Nashik,Tomato,FAQ,FAQ,1833.75,2507.19,2170.47,498.69,True,agmarknet_mimic_v1,42,08efbdb5ab95
21 Jul 2025,2025-07-21,Maharashtra,Nashik,Nashik,Tomato,FAQ,FAQ,1605.51,2635.81,2120.66,590.91,True,agmarknet_mimic_v1,42,08efbdb5ab95
22 Jul 2025,2025-07-22,Maharashtra,Nashik,Nashik,Tomato,Hybrid,FAQ,1652.7,2737.13,2194.92,636.37,True,agmarknet_mimic_v1,42,08efbdb5ab95
23 Jul 2025,2025-07-23,Maharashtra,Nashik,Nashik,Tomato,FAQ,FAQ,1658.68,2568.6,2113.64,649.94,True,agmarknet_mimic_v1,42,08efbdb5ab95
24 Jul 2025,2025-07-24,Maharashtra,Nashik,Nashik,Tomato,Hybrid,FAQ,1618.84,2653.01,2135.92,365.14,True,agmarknet_mimic_v1,42,08efbdb5ab95
25 Jul 2025,2025-07-25,Maharashtra,Nashik,Nashik,Tomato,Hybrid,FAQ,1513.94,2645.81,2079.88,744.86,True,agmarknet_mimic_v1,42,08efbdb5ab95
26 Jul 2025,2025-07-26,Maharashtra,Nashik,Nashik,Tomato,Hybrid,FAQ,1662.38,2397.27,2029.82,601.01,True,agmarknet_mimic_v1,42,08efbdb5ab95
28 Jul 2025,2025-07-28,Maharashtra,Nashik,Nashik,Tomato,FAQ,FAQ,1500.48,2604.15,2052.31,496.02,True,agmarknet_mimic_v1,42,08efbdb5ab95
29 Jul 2025,2025-07-29,Maharashtra,Nashik,Nashik,Tomato,Local,FAQ,1592.85,2522.13,2057.49,594.98,True,agmarknet_mimic_v1,42,08efbdb5ab95
30 Jul 2025,2025-07-30,Maharashtra,Nashik,Nashik,Tomato,FAQ,FAQ,1470.63,2549.88,2010.26,476.76,True,agmarknet_mimic_v1,42,08efbdb5ab95
31 Jul 2025,2025-07-31,Maharashtra,Nashik,Nashik,Tomato,FAQ,FAQ,1533.65,2610.11,2071.88,577.64,True,agmarknet_mimic_v1,42,08efbdb5ab95
01 Aug 2025,2025-08-01,Maharashtra,Nashik,Nashik,Tomato,FAQ,FAQ,1538.99,2502.79,2020.89,505.47,True,agmarknet_mimic_v1,42,08efbdb5ab95
02 Aug 2025,2025-08-02,Maharashtra,Nashik,Nashik,Tomato,Local,FAQ,1546.77,2547.44,2047.11,535.65,True,agmarknet_mimic_v1,42,08efbdb5ab95
04 Aug 2025,2025-08-04,Maharashtra,Nashik,Nashik,Tomato,Local,FAQ,1642.33,2498.88,2070.6,844.34,True,agmarknet_mimic_v1,42,08efbdb5ab95
05 Aug 2025,2025-08-05,Maharashtra,Nashik,Nashik,Tomato,Hybrid,FAQ,1597.51,2621.35,2109.43,781.57,True,agmarknet_mimic_v1,42,08efbdb5ab95
06 Aug 2025,2025-08-06,Maharashtra,Nashik,Nashik,Tomato,FAQ,FAQ,1579.03,2477.08,2028.05,660.16,True,agmarknet_mimic_v1,42,08efbdb5ab95
07 Aug 2025,2025-08-07,Maharashtra,Nashik,Nashik,Tomato,Hybrid,FAQ,1712.7,2368.55,2040.63,712.81,True,agmarknet_mimic_v1,42,08efbdb5ab95
08 Aug 2025,2025-08-08,Maharashtra,Nashik,Nashik,Tomato,Local,FAQ,1494.04,2547.19,2020.62,798.33,True,agmarknet_mimic_v1,42,08efbdb5ab95
09 Aug 2025,2025-08-09,Maharashtra,Nashik,Nashik,Tomato,Local,FAQ,1484.44,2437.75,1961.1,458.43,True,agmarknet_mimic_v1,42,08efbdb5ab95
11 Aug 2025,2025-08-11,Maharashtra,Nashik,Nashik,Tomato,Local,FAQ,1612.85,2305.05,1958.95,600.72,True,agmarknet_mimic_v1,42,08efbdb5ab95
12 Aug 2025,2025-08-12,Maharashtra,Nashik,Nashik,Tomato,Local,FAQ,1466.95,2328.93,1897.94,933.13,True,agmarknet_mimic_v1,42,08efbdb5ab95
13 Aug 2025,2025-08-13,Maharashtra,Nashik,Nashik,Tomato,Hybrid,FAQ,1457.05,2448.82,1952.94,535.74,True,agmarknet_mimic_v1,42,08efbdb5ab95
14 Aug 2025,2025-08-14,Maharashtra,Nashik,Nashik,Tomato,Hybrid,FAQ,1491.13,2364.09,1927.61,586.62,True,agmarknet_mimic_v1,42,08efbdb5ab95
15 Aug 2024,2024-08-15,Maharashtra,Pune,Pimpri,Tomato,Hybrid,FAQ,1107.73,1769.84,1438.79,526.81,True,agmarknet_mimic_v1,42,08efbdb5ab95
16 Aug 2024,2024-08-16,Maharashtra,Pune,Pimpri,Tomato,FAQ,FAQ,1176.84,1801.87,1489.36,896.96,True,agmarknet_mimic_v1,42,08efbdb5ab95
17 Aug 2024,2024-08-17,Maharashtra,Pune,Pimpri,Tomato,Local,FAQ,1290.96,1813.42,1552.19,728.04,True,agmarknet_mimic_v1,42,08efbdb5ab95
19 Aug 2024,2024-08-19,Maharashtra,Pune,Pimpri,Tomato,Hybrid,FAQ,1139.54,2036.81,1588.17,891.49,True,agmarknet_mimic_v1,42,08efbdb5ab95
20 Aug 2024,2024-08-20,Maharashtra,Pune,Pimpri,Tomato,Hybrid,FAQ,1212.96,1932.28,1572.62,705.92,True,agmarknet_mimic_v1,42,08efbdb5ab95
21 Aug 2024,2024-08-21,Maharashtra,Pune,Pimpri,Tomato,Local,FAQ,1276.32,2111.77,1694.05,616.29,True,agmarknet_mimic_v1,42,08efbdb5ab95
22 Aug 2024,2024-08-22,Maharashtra,Pune,Pimpri,Tomato,FAQ,FAQ,1369.93,2171.07,1770.5,704.42,True,agmarknet_mimic_v1,42,08efbdb5ab95
23 Aug 2024,2024-08-23,Maharashtra,Pune,Pimpri,Tomato,FAQ,FAQ,1350.07,2113.87,1731.97,730.46,True,agmarknet_mimic_v1,42,08efbdb5ab95
24 Aug 2024,2024-08-24,Maharashtra,Pune,Pimpri,Tomato,FAQ,FAQ,1224.69,2103.86,1664.28,589.49,True,agmarknet_mimic_v1,42,08efbdb5ab95
26 Aug 2024,2024-08-26,Maharashtra,Pune,Pimpri,Tomato,FAQ,FAQ,1254.86,2082.8,1668.83,700.09,True,agmarknet_mimic_v1,42,08efbdb5ab95
27 Aug 2024,2024-08-27,Maharashtra,Pune,Pimpri,Tomato,Local,FAQ,1242.11,2046.16,1644.13,692.7,True,agmarknet_mimic_v1,42,08efbdb5ab95
28 Aug 2024,2024-08-28,Maharashtra,Pune,Pimpri,Tomato,Local,FAQ,1414.29,1976.17,1695.23,539.62,True,agmarknet_mimic_v1,42,08efbdb5ab95
29 Aug 2024,2024-08-29,Maharashtra,Pune,Pimpri,Tomato,Hybrid,FAQ,1268.01,2192.24,1730.12,564.04,True,agmarknet_mimic_v1,42,08efbdb5ab95
30 Aug 2024,2024-08-30,Maharashtra,Pune,Pimpri,Tomato,Hybrid,FAQ,1297.16,2233.74,1765.45,623.5,True,agmarknet_mimic_v1,42,08efbdb5ab95
31 Aug 2024,2024-08-31,Maharashtra,Pune,Pimpri,Tomato,Local,FAQ,1381.65,2069.17,1725.41,808.31,True,agmarknet_mimic_v1,42,08efbdb5ab95
02 Sep 2024,2024-09-02,Maharashtra,Pune,Pimpri,Tomato,FAQ,FAQ,1265.29,2255.56,1760.42,622.58,True,agmarknet_mimic_v1,42,08efbdb5ab95
03 Sep 2024,2024-09-03,Maharashtra,Pune,Pimpri,Tomato,Local,FAQ,1489.0,2044.96,1766.98,693.52,True,agmarknet_mimic_v1,42,08efbdb5ab95
04 Sep 2024,2024-09-04,Maharashtra,Pune,Pimpri,Tomato,Local,FAQ,1314.45,2226.11,1770.28,671.63,True,agmarknet_mimic_v1,42,08efbdb5ab95
05 Sep 2024,2024-09-05,Maharashtra,Pune,Pimpri,Tomato,FAQ,FAQ,1261.96,2232.58,1747.27,758.45,True,agmarknet_mimic_v1,42,08efbdb5ab95
06 Sep 2024,2024-09-06,Maharashtra,Pune,Pimpri,Tomato,FAQ,FAQ,1357.19,2020.73,1688.96,759.05,True,agmarknet_mimic_v1,42,08efbdb5ab95
07 Sep 2024,2024-09-07,Maharashtra,Pune,Pimpri,Tomato,Local,FAQ,1489.15,2043.45,1766.3,663.85,True,agmarknet_mimic_v1,42,08efbdb5ab95
09 Sep 2024,2024-09-09,Maharashtra,Pune,Pimpri,Tomato,FAQ,FAQ,1421.19,1986.96,1704.08,739.91,True,agmarknet_mimic_v1,42,08efbdb5ab95
10 Sep 2024,2024-09-10,Maharashtra,Pune,Pimpri,Tomato,Hybrid,FAQ,1370.0,1971.95,1670.97,656.46,True,agmarknet_mimic_v1,42,08efbdb5ab95
11 Sep 2024,2024-09-11,Maharashtra,Pune,Pimpri,Tomato,FAQ,FAQ,1263.32,2063.64,1663.48,790.78,True,agmarknet_mimic_v1,42,08efbdb5ab95
12 Sep 2024,2024-09-12,Maharashtra,Pune,Pimpri,Tomato,Local,FAQ,1237.35,2021.1,1629.22,757.14,True,agmarknet_mimic_v1,42,08efbdb5ab95
13 Sep 2024,2024-09-13,Maharashtra,Pune,Pimpri,Tomato,FAQ,FAQ,1283.45,2009.5,1646.47,742.12,True,agmarknet_mimic_v1,42,08efbdb5ab95
14 Sep 2024,2024-09-14,Maharashtra,Pune,Pimpri,Tomato,Hybrid,FAQ,1281.89,2017.56,1649.73,889.36,True,agmarknet_mimic_v1,42,08efbdb5ab95
16 Sep 2024,2024-09-16,Maharashtra,Pune,Pimpri,Tomato,Local,FAQ,1290.52,1972.41,1631.46,791.42,True,agmarknet_mimic_v1,42,08efbdb5ab95
17 Sep 2024,2024-09-17,Maharashtra,Pune,Pimpri,Tomato,Local,FAQ,1348.15,1958.54,1653.35,809.89,True,agmarknet_mimic_v1,42,08efbdb5ab95
18 Sep 2024,2024-09-18,Maharashtra,Pune,Pimpri,Tomato,Local,FAQ,1207.29,2060.14,1633.71,701.0,True,agmarknet_mimic_v1,42,08efbdb5ab95
19 Sep 2024,2024-09-19,Maharashtra,Pune,Pimpri,Tomato,Local,FAQ,1226.87,2103.2,1665.03,789.67,True,agmarknet_mimic_v1,42,08efbdb5ab95
20 Sep 2024,2024-09-20,Maharashtra,Pune,Pimpri,Tomato,FAQ,FAQ,1182.11,2093.97,1638.04,830.82,True,agmarknet_mimic_v1,42,08efbdb5ab95
21 Sep 2024,2024-09-21,Maharashtra,Pune,Pimpri,Tomato,Local,FAQ,1258.42,2086.48,1672.45,838.02,True,agmarknet_mimic_v1,42,08efbdb5ab95
23 Sep 2024,2024-09-23,Maharashtra,Pune,Pimpri,Tomato,FAQ,FAQ,1225.74,2137.82,1681.78,939.86,True,agmarknet_mimic_v1,42,08efbdb5ab95
24 Sep 2024,2024-09-24,Maharashtra,Pune,Pimpri,Tomato,Hybrid,FAQ,1357.15,1933.14,1645.15,827.54,True,agmarknet_mimic_v1,42,08efbdb5ab95
25 Sep 2024,2024-09-25,Maharashtra,Pune,Pimpri,Tomato,Local,FAQ,1373.74,1883.16,1628.45,695.91,True,agmarknet_mimic_v1,42,08efbdb5ab95
26 Sep 2024,2024-09-26,Maharashtra,Pune,Pimpri,Tomato,Local,FAQ,1222.85,1965.94,1594.39,688.61,True,agmarknet_mimic_v1,42,08efbdb5ab95
27 Sep 2024,2024-09-27,Maharashtra,Pune,Pimpri,Tomato,Hybrid,FAQ,1302.85,1897.13,1599.99,825.65,True,agmarknet_mimic_v1,42,08efbdb5ab95
28 Sep 2024,2024-09-28,Maharashtra,Pune,Pimpri,Tomato,FAQ,FAQ,1227.19,1810.49,1518.84,705.44,True,agmarknet_mimic_v1,42,08efbdb5ab95
30 Sep 2024,2024-09-30,Maharashtra,Pune,Pimpri,Tomato,Local,FAQ,1151.65,1749.28,1450.47,883.58,True,agmarknet_mimic_v1,42,08efbdb5ab95
01 Oct 2024,2024-10-01,Maharashtra,Pune,Pimpri,Tomato,Hybrid,FAQ,1164.84,1660.7,1412.77,829.98,True,agmarknet_mimic_v1,42,08efbdb5ab95
02 Oct 2024,2024-10-02,Maharashtra,Pune,Pimpri,Tomato,Hybrid,FAQ,1035.81,1561.08,1298.45,841.99,True,agmarknet_mimic_v1,42,08efbdb5ab95
03 Oct 2024,2024-10-03,Maharashtra,Pune,Pimpri,Tomato,Hybrid,FAQ,1117.71,1582.0,1349.85,559.1,True,agmarknet_mimic_v1,42,08efbdb5ab95
04 Oct 2024,2024-10-04,Maharashtra,Pune,Pimpri,Tomato,FAQ,FAQ,995.09,1668.57,1331.83,756.6,True,agmarknet_mimic_v1,42,08efbdb5ab95
05 Oct 2024,2024-10-05,Maharashtra,Pune,Pimpri,Tomato,FAQ,FAQ,1119.79,1543.26,1331.52,695.22,True,agmarknet_mimic_v1,42,08efbdb5ab95
07 Oct 2024,2024-10-07,Maharashtra,Pune,Pimpri,Tomato,FAQ,FAQ,1044.64,1517.16,1280.9,1063.44,True,agmarknet_mimic_v1,42,08efbdb5ab95
08 Oct 2024,2024-10-08,Maharashtra,Pune,Pimpri,Tomato,Hybrid,FAQ,1141.36,1604.97,1373.17,788.14,True,agmarknet_mimic_v1,42,08efbdb5ab95
09 Oct 2024,2024-10-09,Maharashtra,Pune,Pimpri,Tomato,Hybrid,FAQ,1100.78,1635.66,1368.22,982.11,True,agmarknet_mimic_v1,42,08efbdb5ab95
10 Oct 2024,2024-10-10,Maharashtra,Pune,Pimpri,Tomato,FAQ,FAQ,1108.72,1736.22,1422.47,658.19,True,agmarknet_mimic_v1,42,08efbdb5ab95
11 Oct 2024,2024-10-11,Maharashtra,Pune,Pimpri,Tomato,Local,FAQ,1004.66,1643.83,1324.24,616.35,True,agmarknet_mimic_v1,42,08efbdb5ab95
12 Oct 2024,2024-10-12,Maharashtra,Pune,Pimpri,Tomato,Hybrid,FAQ,992.04,1687.3,1339.67,641.12,True,agmarknet_mimic_v1,42,08efbdb5ab95
14 Oct 2024,2024-10-14,Maharashtra,Pune,Pimpri,Tomato,FAQ,FAQ,998.64,1641.36,1320.0,667.49,True,agmarknet_mimic_v1,42,08efbdb5ab95
15 Oct 2024,2024-10-15,Maharashtra,Pune,Pimpri,Tomato,Local,FAQ,935.5,1625.56,1280.53,1028.72,True,agmarknet_mimic_v1,42,08efbdb5ab95
16 Oct 2024,2024-10-16,Maharashtra,Pune,Pimpri,Tomato,Hybrid,FAQ,1114.02,1625.17,1369.6,838.19,True,agmarknet_mimic_v1,42,08efbdb5ab95
17 Oct 2024,2024-10-17,Maharashtra,Pune,Pimpri,Tomato,FAQ,FAQ,958.85,1677.33,1318.09,935.69,True,agmarknet_mimic_v1,42,08efbdb5ab95
18 Oct 2024,2024-10-18,Maharashtra,Pune,Pimpri,Tomato,FAQ,FAQ,1009.88,1636.85,1323.37,766.44,True,agmarknet_mimic_v1,42,08efbdb5ab95
19 Oct 2024,2024-10-19,Maharashtra,Pune,Pimpri,Tomato,Hybrid,FAQ,1022.55,1555.82,1289.19,721.35,True,agmarknet_mimic_v1,42,08efbdb5ab95
21 Oct 2024,2024-10-21,Maharashtra,Pune,Pimpri,Tomato,Local,FAQ,1021.9,1496.09,1258.99,1012.53,True,agmarknet_mimic_v1,42,08efbdb5ab95
22 Oct 2024,2024-10-22,Maharashtra,Pune,Pimpri,Tomato,Hybrid,FAQ,957.98,1533.82,1245.9,635.42,True,agmarknet_mimic_v1,42,08efbdb5ab95
23 Oct 2024,2024-10-23,Maharashtra,Pune,Pimpri,Tomato,Local,FAQ,912.08,1573.12,1242.6,619.32,True,agmarknet_mimic_v1,42,08efbdb5ab95
24 Oct 2024,2024-10-24,Maharashtra,Pune,Pimpri,Tomato,FAQ,FAQ,971.25,1493.24,1232.24,764.39,True,agmarknet_mimic_v1,42,08efbdb5ab95
25 Oct 2024,2024-10-25,Maharashtra,Pune,Pimpri,Tomato,Local,FAQ,1044.21,1441.25,1242.73,1050.61,True,agmarknet_mimic_v1,42,08efbdb5ab95
26 Oct 2024,2024-10-26,Maharashtra,Pune,Pimpri,Tomato,FAQ,FAQ,1050.08,1462.56,1256.32,823.68,True,agmarknet_mimic_v1,42,08efbdb5ab95
28 Oct 2024,2024-10-28,Maharashtra,Pune,Pimpri,Tomato,Local,FAQ,973.27,1491.81,1232.54,933.35,True,agmarknet_mimic_v1,42,08efbdb5ab95
29 Oct 2024,2024-10-29,Maharashtra,Pune,Pimpri,Tomato,Local,FAQ,1009.23,1395.64,1202.43,939.44,True,agmarknet_mimic_v1,42,08efbdb5ab95
30 Oct 2024,2024-10-30,Maharashtra,Pune,Pimpri,Tomato,FAQ,FAQ,973.56,1488.97,1231.26,1023.01,True,agmarknet_mimic_v1,42,08efbdb5ab95
31 Oct 2024,2024-10-31,Maharashtra,Pune,Pimpri,Tomato,Hybrid,FAQ,988.09,1408.54,1198.32,909.81,True,agmarknet_mimic_v1,42,08efbdb5ab95
01 Nov 2024,2024-11-01,Maharashtra,Pune,Pimpri,Tomato,FAQ,FAQ,997.99,1387.3,1192.64,1013.7,True,agmarknet_mimic_v1,42,08efbdb5ab95
02 Nov 2024,2024-11-02,Maharashtra,Pune,Pimpri,Tomato,FAQ,FAQ,906.75,1446.58,1176.66,979.88,True,agmarknet_mimic_v1,42,08efbdb5ab95
04 Nov 2024,2024-11-04,Maharashtra,Pune,Pimpri,Tomato,Hybrid,FAQ,808.77,1430.23,1119.5,869.58,True,agmarknet_mimic_v1,42,08efbdb5ab95
05 Nov 2024,2024-11-05,Maharashtra,Pune,Pimpri,Tomato,FAQ,FAQ,876.27,1440.99,1158.63,1033.28,True,agmarknet_mimic_v1,42,08efbdb5ab95
06 Nov 2024,2024-11-06,Maharashtra,Pune,Pimpri,Tomato,Hybrid,FAQ,842.72,1477.35,1160.03,942.9,True,agmarknet_mimic_v1,42,08efbdb5ab95
07 Nov 2024,2024-11-07,Maharashtra,Pune,Pimpri,Tomato,Local,FAQ,938.02,1470.69,1204.36,983.3,True,agmarknet_mimic_v1,42,08efbdb5ab95
08 Nov 2024,2024-11-08,Maharashtra,Pune,Pimpri,Tomato,Hybrid,FAQ,989.62,1389.94,1189.78,1068.35,True,agmarknet_mimic_v1,42,08efbdb5ab95
09 Nov 2024,2024-11-09,Maharashtra,Pune,Pimpri,Tomato,Hybrid,FAQ,932.01,1415.02,1173.52,844.52,True,agmarknet_mimic_v1,42,08efbdb5ab95
11 Nov 2024,2024-11-11,Maharashtra,Pune,Pimpri,Tomato,Hybrid,FAQ,835.6,1500.52,1168.06,1027.92,True,agmarknet_mimic_v1,42,08efbdb5ab95
12 Nov 2024,2024-11-12,Maharashtra,Pune,Pimpri,Tomato,Local,FAQ,877.95,1307.17,1092.56,932.02,True,agmarknet_mimic_v1,42,08efbdb5ab95
13 Nov 2024,2024-11-13,Maharashtra,Pune,Pimpri,Tomato,FAQ,FAQ,898.94,1390.63,1144.78,979.0,True,agmarknet_mimic_v1,42,08efbdb5ab95
14 Nov 2024,2024-11-14,Maharashtra,Pune,Pimpri,Tomato,Local,FAQ,835.24,1482.42,1158.83,1119.53,True,agmarknet_mimic_v1,42,08efbdb5ab95
15 Nov 2024,2024-11-15,Maharashtra,Pune,Pimpri,Tomato,Hybrid,FAQ,876.06,1264.46,1070.26,1084.62,True,agmarknet_mimic_v1,42,08efbdb5ab95
16 Nov 2024,2024-11-16,Maharashtra,Pune,Pimpri,Tomato,Hybrid,FAQ,795.71,1266.85,1031.28,1022.02,True,agmarknet_mimic_v1,42,08efbdb5ab95
18 Nov 2024,2024-11-18,Maharashtra,Pune,Pimpri,Tomato,Hybrid,FAQ,740.71,1331.1,1035.9,902.9,True,agmarknet_mimic_v1,42,08efbdb5ab95
19 Nov 2024,2024-11-19,Maharashtra,Pune,Pimpri,Tomato,Local,FAQ,735.06,1201.0,968.03,911.59,True,agmarknet_mimic_v1,42,08efbdb5ab95
20 Nov 2024,2024-11-20,Maharashtra,Pune,Pimpri,Tomato,FAQ,FAQ,652.92,1139.29,896.1,1066.1,True,agmarknet_mimic_v1,42,08efbdb5ab95
21 Nov 2024,2024-11-21,Maharashtra,Pune,Pimpri,Tomato,Local,FAQ,663.84,1190.69,927.27,844.83,True,agmarknet_mimic_v1,42,08efbdb5ab95
22 Nov 2024,2024-11-22,Maharashtra,Pune,Pimpri,Tomato,Hybrid,FAQ,707.29,1195.62,951.46,928.26,True,agmarknet_mimic_v1,42,08efbdb5ab95
23 Nov 2024,2024-11-23,Maharashtra,Pune,Pimpri,Tomato,Local,FAQ,723.37,1194.3,958.83,1019.03,True,agmarknet_mimic_v1,42,08efbdb5ab95
25 Nov 2024,2024-11-25,Maharashtra,Pune,Pimpri,Tomato,Local,FAQ,701.54,1215.88,958.71,849.27,True,agmarknet_mimic_v1,42,08efbdb5ab95
26 Nov 2024,2024-11-26,Maharashtra,Pune,Pimpri,Tomato,Hybrid,FAQ,705.11,1193.16,949.13,1019.9,True,agmarknet_mimic_v1,42,08efbdb5ab95
27 Nov 2024,2024-11-27,Maharashtra,Pune,Pimpri,Tomato,Hybrid,FAQ,774.66,1213.66,994.16,1166.28,True,agmarknet_mimic_v1,42,08efbdb5ab95
28 Nov 2024,2024-11-28,Maharashtra,Pune,Pimpri,Tomato,Local,FAQ,817.14,1125.33,971.23,937.3,True,agmarknet_mimic_v1,42,08efbdb5ab95
29 Nov 2024,2024-11-29,Maharashtra,Pune,Pimpri,Tomato,Local,FAQ,774.26,1164.6,969.43,1077.14,True,agmarknet_mimic_v1,42,08efbdb5ab95
30 Nov 2024,2024-11-30,Maharashtra,Pune,Pimpri,Tomato,Local,FAQ,799.08,1175.1,987.09,997.36,True,agmarknet_mimic_v1,42,08efbdb5ab95
02 Dec 2024,2024-12-02,Maharashtra,Pune,Pimpri,Tomato,Hybrid,FAQ,834.34,1297.03,1065.69,1132.22,True,agmarknet_mimic_v1,42,08efbdb5ab95
03 Dec 2024,2024-12-03,Maharashtra,Pune,Pimpri,Tomato,Hybrid,FAQ,872.25,1202.38,1037.31,949.57,True,agmarknet_mimic_v1,42,08efbdb5ab95
04 Dec 2024,2024-12-04,Maharashtra,Pune,Pimpri,Tomato,Local,FAQ,791.05,1118.15,954.6,1009.29,True,agmarknet_mimic_v1,42,08efbdb5ab95
05 Dec 2024,2024-12-05,Maharashtra,Pune,Pimpri,Tomato,Local,FAQ,730.69,997.78,864.23,1010.4,True,agmarknet_mimic_v1,42,08efbdb5ab95
06 Dec 2024,2024-12-06,Maharashtra,Pune,Pimpri,Tomato,Hybrid,FAQ,650.02,1025.59,837.8,978.84,True,agmarknet_mimic_v1,42,08efbdb5ab95
07 Dec 2024,2024-12-07,Maharashtra,Pune,Pimpri,Tomato,Hybrid,FAQ,685.14,1069.54,877.34,818.7,True,agmarknet_mimic_v1,42,08efbdb5ab95
09 Dec 2024,2024-12-09,Maharashtra,Pune,Pimpri,Tomato,FAQ,FAQ,629.75,1110.25,870.0,1000.43,True,agmarknet_mimic_v1,42,08efbdb5ab95
10 Dec 2024,2024-12-10,Maharashtra,Pune,Pimpri,Tomato,Hybrid,FAQ,674.43,951.9,813.17,1016.06,True,agmarknet_mimic_v1,42,08efbdb5ab95
11 Dec 2024,2024-12-11,Maharashtra,Pune,Pimpri,Tomato,Hybrid,FAQ,630.14,953.02,791.58,1369.96,True,agmarknet_mimic_v1,42,08efbdb5ab95
12 Dec 2024,2024-12-12,Maharashtra,Pune,Pimpri,Tomato,FAQ,FAQ,630.28,926.29,778.28,1154.24,True,agmarknet_mimic_v1,42,08efbdb5ab95
13 Dec 2024,2024-12-13,Maharashtra,Pune,Pimpri,Tomato,Local,FAQ,601.41,977.96,789.69,1092.41,True,agmarknet_mimic_v1,42,08efbdb5ab95
14 Dec 2024,2024-12-14,Maharashtra,Pune,Pimpri,Tomato,FAQ,FAQ,623.19,890.25,756.72,1327.39,True,agmarknet_mimic_v1,42,08efbdb5ab95
16 Dec 2024,2024-12-16,Maharashtra,Pune,Pimpri,Tomato,Local,FAQ,580.64,958.74,769.69,986.53,True,agmarknet_mimic_v1,42,08efbdb5ab95
17 Dec 2024,2024-12-17,Maharashtra,Pune,Pimpri,Tomato,Local,FAQ,582.76,923.07,752.91,1272.57,True,agmarknet_mimic_v1,42,08efbdb5ab95
18 Dec 2024,2024-12-18,Maharashtra,Pune,Pimpri,Tomato,Local,FAQ,535.27,918.16,726.71,1108.82,True,agmarknet_mimic_v1,42,08efbdb5ab95
19 Dec 2024,2024-12-19,Maharashtra,Pune,Pimpri,Tomato,Hybrid,FAQ,661.43,971.0,816.21,1129.86,True,agmarknet_mimic_v1,42,08efbdb5ab95
20 Dec 2024,2024-12-20,Maharashtra,Pune,Pimpri,Tomato,Local,FAQ,653.32,1049.38,851.35,979.04,True,agmarknet_mimic_v1,42,08efbdb5ab95
21 Dec 2024,2024-12-21,Maharashtra,Pune,Pimpri,Tomato,FAQ,FAQ,620.45,1016.3,818.37,1090.5,True,agmarknet_mimic_v1,42,08efbdb5ab95
23 Dec 2024,2024-12-23,Maharashtra,Pune,Pimpri,Tomato,Local,FAQ,612.42,1098.15,855.28,1057.3,True,agmarknet_mimic_v1,42,08efbdb5ab95
24 Dec 2024,2024-12-24,Maharashtra,Pune,Pimpri,Tomato,Local,FAQ,706.17,990.5,848.33,1006.2,True,agmarknet_mimic_v1,42,08efbdb5ab95
25 Dec 2024,2024-12-25,Maharashtra,Pune,Pimpri,Tomato,FAQ,FAQ,630.42,1035.59,833.01,1030.0,True,agmarknet_mimic_v1,42,08efbdb5ab95
26 Dec 2024,2024-12-26,Maharashtra,Pune,Pimpri,Tomato,Hybrid,FAQ,566.95,963.99,765.47,881.92,True,agmarknet_mimic_v1,42,08efbdb5ab95
27 Dec 2024,2024-12-27,Maharashtra,Pune,Pimpri,Tomato,Hybrid,FAQ,550.16,783.13,666.64,903.68,True,agmarknet_mimic_v1,42,08efbdb5ab95
28 Dec 2024,2024-12-28,Maharashtra,Pune,Pimpri,Tomato,Hybrid,FAQ,504.24,840.25,672.24,1322.65,True,agmarknet_mimic_v1,42,08efbdb5ab95
30 Dec 2024,2024-12-30,Maharashtra,Pune,Pimpri,Tomato,Local,FAQ,553.63,825.89,689.76,981.84,True,agmarknet_mimic_v1,42,08efbdb5ab95
31 Dec 2024,2024-12-31,Maharashtra,Pune,Pimpri,Tomato,Local,FAQ,502.04,867.54,684.79,1198.34,True,agmarknet_mimic_v1,42,08efbdb5ab95
01 Jan 2025,2025-01-01,Maharashtra,Pune,Pimpri,Tomato,FAQ,FAQ,553.2,887.85,720.53,1036.02,True,agmarknet_mimic_v1,42,08efbdb5ab95
02 Jan 2025,2025-01-02,Maharashtra,Pune,Pimpri,Tomato,Hybrid,FAQ,560.52,793.24,676.88,1103.24,True,agmarknet_mimic_v1,42,08efbdb5ab95
03 Jan 2025,2025-01-03,Maharashtra,Pune,Pimpri,Tomato,Hybrid,FAQ,555.62,784.63,670.13,1193.43,True,agmarknet_mimic_v1,42,08efbdb5ab95
04 Jan 2025,2025-01-04,Maharashtra,Pune,Pimpri,Tomato,Hybrid,FAQ,525.88,833.99,679.93,1177.7,True,agmarknet_mimic_v1,42,08efbdb5ab95
06 Jan 2025,2025-01-06,Maharashtra,Pune,Pimpri,Tomato,FAQ,FAQ,477.15,830.49,653.82,1270.17,True,agmarknet_mimic_v1,42,08efbdb5ab95
07 Jan 2025,2025-01-07,Maharashtra,Pune,Pimpri,Tomato,Local,FAQ,464.23,743.76,603.99,970.42,True,agmarknet_mimic_v1,42,08efbdb5ab95
08 Jan 2025,2025-01-08,Maharashtra,Pune,Pimpri,Tomato,FAQ,FAQ,415.49,719.69,567.59,1070.92,True,agmarknet_mimic_v1,42,08efbdb5ab95
09 Jan 2025,2025-01-09,Maharashtra,Pune,Pimpri,Tomato,Hybrid,FAQ,405.74,709.4,557.57,1142.84,True,agmarknet_mimic_v1,42,08efbdb5ab95
10 Jan 2025,2025-01-10,Maharashtra,Pune,Pimpri,Tomato,Local,FAQ,424.31,709.29,566.8,1138.1,True,agmarknet_mimic_v1,42,08efbdb5ab95
11 Jan 2025,2025-01-11,Maharashtra,Pune,Pimpri,Tomato,Local,FAQ,437.22,727.48,582.35,1288.03,True,agmarknet_mimic_v1,42,08efbdb5ab95
13 Jan 2025,2025-01-13,Maharashtra,Pune,Pimpri,Tomato,Hybrid,FAQ,532.09,738.53,635.31,1221.94,True,agmarknet_mimic_v1,42,08efbdb5ab95
14 Jan 2025,2025-01-14,Maharashtra,Pune,Pimpri,Tomato,Local,FAQ,473.4,754.58,613.99,1106.8,True,agmarknet_mimic_v1,42,08efbdb5ab95
15 Jan 2025,2025-01-15,Maharashtra,Pune,Pimpri,Tomato,Hybrid,FAQ,473.89,790.69,632.29,1038.27,True,agmarknet_mimic_v1,42,08efbdb5ab95
16 Jan 2025,2025-01-16,Maharashtra,Pune,Pimpri,Tomato,Local,FAQ,568.28,813.78,691.03,1154.04,True,agmarknet_mimic_v1,42,08efbdb5ab95
17 Jan 2025,2025-01-17,Maharashtra,Pune,Pimpri,Tomato,Hybrid,FAQ,538.06,909.9,723.98,1037.02,True,agmarknet_mimic_v1,42,08efbdb5ab95
18 Jan 2025,2025-01-18,Maharashtra,Pune,Pimpri,Tomato,Hybrid,FAQ,586.63,941.2,763.91,1054.23,True,agmarknet_mimic_v1,42,08efbdb5ab95
20 Jan 2025,2025-01-20,Maharashtra,Pune,Pimpri,Tomato,FAQ,FAQ,645.17,916.59,780.88,1105.21,True,agmarknet_mimic_v1,42,08efbdb5ab95
21 Jan 2025,2025-01-21,Maharashtra,Pune,Pimpri,Tomato,Hybrid,FAQ,618.17,979.61,798.89,1086.78,True,agmarknet_mimic_v1,42,08efbdb5ab95
22 Jan 2025,2025-01-22,Maharashtra,Pune,Pimpri,Tomato,FAQ,FAQ,698.66,1020.96,859.81,968.72,True,agmarknet_mimic_v1,42,08efbdb5ab95
23 Jan 2025,2025-01-23,Maharashtra,Pune,Pimpri,Tomato,Local,FAQ,622.49,943.79,783.14,979.28,True,agmarknet_mimic_v1,42,08efbdb5ab95
24 Jan 2025,2025-01-24,Maharashtra,Pune,Pimpri,Tomato,Local,FAQ,631.37,980.16,805.76,1068.3,True,agmarknet_mimic_v1,42,08efbdb5ab95
25 Jan 2025,2025-01-25,Maharashtra,Pune,Pimpri,Tomato,FAQ,FAQ,641.56,977.04,809.3,1182.29,True,agmarknet_mimic_v1,42,08efbdb5ab95
27 Jan 2025,2025-01-27,Maharashtra,Pune,Pimpri,Tomato,Local,FAQ,499.24,843.11,671.18,1166.81,True,agmarknet_mimic_v1,42,08efbdb5ab95
28 Jan 2025,2025-01-28,Maharashtra,Pune,Pimpri,Tomato,Local,FAQ,480.01,835.29,657.65,1191.88,True,agmarknet_mimic_v1,42,08efbdb5ab95
29 Jan 2025,2025-01-29,Maharashtra,Pune,Pimpri,Tomato,Hybrid,FAQ,452.48,752.99,602.74,1234.05,True,agmarknet_mimic_v1,42,08efbdb5ab95
30 Jan 2025,2025-01-30,Maharashtra,Pune,Pimpri,Tomato,FAQ,FAQ,516.34,709.05,612.7,753.67,True,agmarknet_mimic_v1,42,08efbdb5ab95
31 Jan 2025,2025-01-31,Maharashtra,Pune,Pimpri,Tomato,Hybrid,FAQ,417.43,705.53,561.48,1110.83,True,agmarknet_mimic_v1,42,08efbdb5ab95
01 Feb 2025,2025-02-01,Maharashtra,Pune,Pimpri,Tomato,Hybrid,FAQ,464.72,769.99,617.36,1086.0,True,agmarknet_mimic_v1,42,08efbdb5ab95
03 Feb 2025,2025-02-03,Maharashtra,Pune,Pimpri,Tomato,Hybrid,FAQ,535.46,754.5,644.98,1014.73,True,agmarknet_mimic_v1,42,08efbdb5ab95
04 Feb 2025,2025-02-04,Maharashtra,Pune,Pimpri,Tomato,Hybrid,FAQ,514.65,765.83,640.24,964.87,True,agmarknet_mimic_v1,42,08efbdb5ab95
05 Feb 2025,2025-02-05,Maharashtra,Pune,Pimpri,Tomato,Hybrid,FAQ,480.47,813.68,647.07,1172.18,True,agmarknet_mimic_v1,42,08efbdb5ab95
06 Feb 2025,2025-02-06,Maharashtra,Pune,Pimpri,Tomato,Hybrid,FAQ,564.47,821.65,693.06,1031.27,True,agmarknet_mimic_v1,42,08efbdb5ab95
07 Feb 2025,2025-02-07,Maharashtra,Pune,Pimpri,Tomato,FAQ,FAQ,518.31,753.57,635.94,921.43,True,agmarknet_mimic_v1,42,08efbdb5ab95
08 Feb 2025,2025-02-08,Maharashtra,Pune,Pimpri,Tomato,FAQ,FAQ,499.45,807.88,653.66,990.85,True,agmarknet_mimic_v1,42,08efbdb5ab95
10 Feb 2025,2025-02-10,Maharashtra,Pune,Pimpri,Tomato,Local,FAQ,511.47,807.88,659.68,997.61,True,agmarknet_mimic_v1,42,08efbdb5ab95
11 Feb 2025,2025-02-11,Maharashtra,Pune,Pimpri,Tomato,Local,FAQ,485.91,814.44,650.18,982.13,True,agmarknet_mimic_v1,42,08efbdb5ab95
12 Feb 2025,2025-02-12,Maharashtra,Pune,Pimpri,Tomato,FAQ,FAQ,538.91,807.47,673.19,1194.81,True,agmarknet_mimic_v1,42,08efbdb5ab95
13 Feb 2025,2025-02-13,Maharashtra,Pune,Pimpri,Tomato,FAQ,FAQ,493.96,828.26,661.11,1210.6,True,agmarknet_mimic_v1,42,08efbdb5ab95
14 Feb 2025,2025-02-14,Maharashtra,Pune,Pimpri,Tomato,Local,FAQ,464.26,748.84,606.55,1084.27,True,agmarknet_mimic_v1,42,08efbdb5ab95
15 Feb 2025,2025-02-15,Maharashtra,Pune,Pimpri,Tomato,Local,FAQ,443.63,790.25,616.94,1117.66,True,agmarknet_mimic_v1,42,08efbdb5ab95
17 Feb 2025,2025-02-17,Maharashtra,Pune,Pimpri,Tomato,FAQ,FAQ,515.67,706.8,611.23,882.11,True,agmarknet_mimic_v1,42,08efbdb5ab95
18 Feb 2025,2025-02-18,Maharashtra,Pune,Pimpri,Tomato,Hybrid,FAQ,556.42,788.01,672.22,1134.55,True,agmarknet_mimic_v1,42,08efbdb5ab95
19 Feb 2025,2025-02-19,Maharashtra,Pune,Pimpri,Tomato,Hybrid,FAQ,509.92,864.05,686.98,911.12,True,agmarknet_mimic_v1,42,08efbdb5ab95
20 Feb 2025,2025-02-20,Maharashtra,Pune,Pimpri,Tomato,Local,FAQ,560.5,933.12,746.81,943.91,True,agmarknet_mimic_v1,42,08efbdb5ab95
21 Feb 2025,2025-02-21,Maharashtra,Pune,Pimpri,Tomato,Hybrid,FAQ,610.52,955.21,782.86,822.89,True,agmarknet_mimic_v1,42,08efbdb5ab95
22 Feb 2025,2025-02-22,Maharashtra,Pune,Pimpri,Tomato,Hybrid,FAQ,572.31,888.9,730.61,744.75,True,agmarknet_mimic_v1,42,08efbdb5ab95
24 Feb 2025,2025-02-24,Maharashtra,Pune,Pimpri,Tomato,FAQ,FAQ,649.83,887.0,768.41,729.24,True,agmarknet_mimic_v1,42,08efbdb5ab95
25 Feb 2025,2025-02-25,Maharashtra,Pune,Pimpri,Tomato,Local,FAQ,553.8,836.84,695.32,1223.83,True,agmarknet_mimic_v1,42,08efbdb5ab95
26 Feb 2025,2025-02-26,Maharashtra,Pune,Pimpri,Tomato,Local,FAQ,629.25,898.23,763.74,989.29,True,agmarknet_mimic_v1,42,08efbdb5ab95
27 Feb 2025,2025-02-27,Maharashtra,Pune,Pimpri,Tomato,Local,FAQ,611.01,1073.39,842.2,895.14,True,agmarknet_mimic_v1,42,08efbdb5ab95
28 Feb 2025,2025-02-28,Maharashtra,Pune,Pimpri,Tomato,FAQ,FAQ,629.97,1080.09,855.03,891.01,True,agmarknet_mimic_v1,42,08efbdb5ab95
01 Mar 2025,2025-03-01,Maharashtra,Pune,Pimpri,Tomato,Hybrid,FAQ,780.62,1087.6,934.11,1020.69,True,agmarknet_mimic_v1,42,08efbdb5ab95
03 Mar 2025,2025-03-03,Maharashtra,Pune,Pimpri,Tomato,FAQ,FAQ,696.47,1127.98,912.23,905.98,True,agmarknet_mimic_v1,42,08efbdb5ab95
04 Mar 2025,2025-03-04,Maharashtra,Pune,Pimpri,Tomato,Local,FAQ,735.72,1196.07,965.89,774.81,True,agmarknet_mimic_v1,42,08efbdb5ab95
05 Mar 2025,2025-03-05,Maharashtra,Pune,Pimpri,Tomato,Local,FAQ,713.98,1051.31,882.65,811.51,True,agmarknet_mimic_v1,42,08efbdb5ab95
06 Mar 2025,2025-03-06,Maharashtra,Pune,Pimpri,Tomato,FAQ,FAQ,723.32,1096.41,909.87,937.25,True,agmarknet_mimic_v1,42,08efbdb5ab95
07 Mar 2025,2025-03-07,Maharashtra,Pune,Pimpri,Tomato,Hybrid,FAQ,740.36,1115.74,928.05,901.51,True,agmarknet_mimic_v1,42,08efbdb5ab95
08 Mar 2025,2025-03-08,Maharashtra,Pune,Pimpri,Tomato,Hybrid,FAQ,704.97,1211.67,958.32,1138.07,True,agmarknet_mimic_v1,42,08efbdb5ab95
10 Mar 2025,2025-03-10,Maharashtra,Pune,Pimpri,Tomato,FAQ,FAQ,693.71,1205.11,949.41,1108.83,True,agmarknet_mimic_v1,42,08efbdb5ab95
11 Mar 2025,2025-03-11,Maharashtra,Pune,Pimpri,Tomato,FAQ,FAQ,850.14,1169.0,1009.57,941.78,True,agmarknet_mimic_v1,42,08efbdb5ab95
12 Mar 2025,2025-03-12,Maharashtra,Pune,Pimpri,Tomato,FAQ,FAQ,830.54,1316.42,1073.48,972.08,True,agmarknet_mimic_v1,42,08efbdb5ab95
13 Mar 2025,2025-03-13,Maharashtra,Pune,Pimpri,Tomato,Hybrid,FAQ,829.65,1279.36,1054.5,1010.66,True,agmarknet_mimic_v1,42,08efbdb5ab95
14 Mar 2025,2025-03-14,Maharashtra,Pune,Pimpri,Tomato,FAQ,FAQ,745.36,1332.59,1038.97,1107.91,True,agmarknet_mimic_v1,42,08efbdb5ab95
15 Mar 2025,2025-03-15,Maharashtra,Pune,Pimpri,Tomato,FAQ,FAQ,799.89,1214.27,1007.08,945.84,True,agmarknet_mimic_v1,42,08efbdb5ab95
17 Mar 2025,2025-03-17,Maharashtra,Pune,Pimpri,Tomato,FAQ,FAQ,709.74,1275.69,992.72,945.49,True,agmarknet_mimic_v1,42,08efbdb5ab95
18 Mar 2025,2025-03-18,Maharashtra,Pune,Pimpri,Tomato,Hybrid,FAQ,775.37,1290.67,1033.02,836.56,True,agmarknet_mimic_v1,42,08efbdb5ab95
19 Mar 2025,2025-03-19,Maharashtra,Pune,Pimpri,Tomato,FAQ,FAQ,828.06,1136.65,982.35,707.41,True,agmarknet_mimic_v1,42,08efbdb5ab95
20 Mar 2025,2025-03-20,Maharashtra,Pune,Pimpri,Tomato,Hybrid,FAQ,751.8,1322.5,1037.15,848.51,True,agmarknet_mimic_v1,42,08efbdb5ab95
21 Mar 2025,2025-03-21,Maharashtra,Pune,Pimpri,Tomato,FAQ,FAQ,878.46,1296.29,1087.37,901.96,True,agmarknet_mimic_v1,42,08efbdb5ab95
22 Mar 2025,2025-03-22,Maharashtra,Pune,Pimpri,Tomato,FAQ,FAQ,902.11,1357.64,1129.88,955.39,True,agmarknet_mimic_v1,42,08efbdb5ab95
24 Mar 2025,2025-03-24,Maharashtra,Pune,Pimpri,Tomato,Hybrid,FAQ,901.52,1358.38,1129.95,1036.55,True,agmarknet_mimic_v1,42,08efbdb5ab95
25 Mar 2025,2025-03-25,Maharashtra,Pune,Pimpri,Tomato,Hybrid,FAQ,904.71,1256.18,1080.45,876.65,True,agmarknet_mimic_v1,42,08efbdb5ab95
26 Mar 2025,2025-03-26,Maharashtra,Pune,Pimpri,Tomato,Local,FAQ,810.98,1231.47,1021.23,617.57,True,agmarknet_mimic_v1,42,08efbdb5ab95
27 Mar 2025,2025-03-27,Maharashtra,Pune,Pimpri,Tomato,Hybrid,FAQ,719.85,1267.03,993.44,948.75,True,agmarknet_mimic_v1,42,08efbdb5ab95
28 Mar 2025,2025-03-28,Maharashtra,Pune,Pimpri,Tomato,FAQ,FAQ,819.27,1331.11,1075.19,557.18,True,agmarknet_mimic_v1,42,08efbdb5ab95
29 Mar 2025,2025-03-29,Maharashtra,Pune,Pimpri,Tomato,Local,FAQ,819.41,1407.85,1113.63,992.53,True,agmarknet_mimic_v1,42,08efbdb5ab95
31 Mar 2025,2025-03-31,Maharashtra,Pune,Pimpri,Tomato,FAQ,FAQ,796.04,1349.58,1072.81,1068.69,True,agmarknet_mimic_v1,42,08efbdb5ab95
01 Apr 2025,2025-04-01,Maharashtra,Pune,Pimpri,Tomato,FAQ,FAQ,820.35,1233.97,1027.16,945.88,True,agmarknet_mimic_v1,42,08efbdb5ab95
02 Apr 2025,2025-04-02,Maharashtra,Pune,Pimpri,Tomato,FAQ,FAQ,817.39,1182.44,999.91,884.28,True,agmarknet_mimic_v1,42,08efbdb5ab95
03 Apr 2025,2025-04-03,Maharashtra,Pune,Pimpri,Tomato,Local,FAQ,769.17,1263.91,1016.54,1070.87,True,agmarknet_mimic_v1,42,08efbdb5ab95
04 Apr 2025,2025-04-04,Maharashtra,Pune,Pimpri,Tomato,Hybrid,FAQ,845.61,1393.92,1119.76,758.95,True,agmarknet_mimic_v1,42,08efbdb5ab95
05 Apr 2025,2025-04-05,Maharashtra,Pune,Pimpri,Tomato,FAQ,FAQ,877.28,1359.55,1118.41,993.27,True,agmarknet_mimic_v1,42,08efbdb5ab95
07 Apr 2025,2025-04-07,Maharashtra,Pune,Pimpri,Tomato,Hybrid,FAQ,987.83,1356.45,1172.14,686.53,True,agmarknet_mimic_v1,42,08efbdb5ab95
08 Apr 2025,2025-04-08,Maharashtra,Pune,Pimpri,Tomato,FAQ,FAQ,890.28,1523.17,1206.72,751.0,True,agmarknet_mimic_v1,42,08efbdb5ab95
09 Apr 2025,2025-04-09,Maharashtra,Pune,Pimpri,Tomato,Local,FAQ,930.4,1472.12,1201.26,825.03,True,agmarknet_mimic_v1,42,08efbdb5ab95
10 Apr 2025,2025-04-10,Maharashtra,Pune,Pimpri,Tomato,FAQ,FAQ,957.58,1387.63,1172.61,859.19,True,agmarknet_mimic_v1,42,08efbdb5ab95
11 Apr 2025,2025-04-11,Maharashtra,Pune,Pimpri,Tomato,Local,FAQ,919.87,1461.59,1190.73,1007.59,True,agmarknet_mimic_v1,42,08efbdb5ab95
12 Apr 2025,2025-04-12,Maharashtra,Pune,Pimpri,Tomato,Hybrid,FAQ,923.18,1452.06,1187.62,879.61,True,agmarknet_mimic_v1,42,08efbdb5ab95
14 Apr 2025,2025-04-14,Maharashtra,Pune,Pimpri,Tomato,FAQ,FAQ,937.88,1563.93,1250.9,938.9,True,agmarknet_mimic_v1,42,08efbdb5ab95
15 Apr 2025,2025-04-15,Maharashtra,Pune,Pimpri,Tomato,FAQ,FAQ,972.99,1660.55,1316.77,770.09,True,agmarknet_mimic_v1,42,08efbdb5ab95
16 Apr 2025,2025-04-16,Maharashtra,Pune,Pimpri,Tomato,FAQ,FAQ,1120.46,1751.39,1435.93,608.96,True,agmarknet_mimic_v1,42,08efbdb5ab95
17 Apr 2025,2025-04-17,Maharashtra,Pune,Pimpri,Tomato,Hybrid,FAQ,1076.96,1856.03,1466.5,799.74,True,agmarknet_mimic_v1,42,08efbdb5ab95
18 Apr 2025,2025-04-18,Maharashtra,Pune,Pimpri,Tomato,Local,FAQ,1004.59,1734.06,1369.33,549.01,True,agmarknet_mimic_v1,42,08efbdb5ab95
19 Apr 2025,2025-04-19,Maharashtra,Pune,Pimpri,Tomato,Hybrid,FAQ,1038.76,1803.75,1421.26,617.48,True,agmarknet_mimic_v1,42,08efbdb5ab95
21 Apr 2025,2025-04-21,Maharashtra,Pune,Pimpri,Tomato,FAQ,FAQ,1204.71,1762.38,1483.55,833.24,True,agmarknet_mimic_v1,42,08efbdb5ab95
22 Apr 2025,2025-04-22,Maharashtra,Pune,Pimpri,Tomato,Hybrid,FAQ,1151.09,1877.07,1514.08,630.52,True,agmarknet_mimic_v1,42,08efbdb5ab95
23 Apr 2025,2025-04-23,Maharashtra,Pune,Pimpri,Tomato,FAQ,FAQ,1188.08,1903.97,1546.03,796.45,True,agmarknet_mimic_v1,42,08efbdb5ab95
24 Apr 2025,2025-04-24,Maharashtra,Pune,Pimpri,Tomato,FAQ,FAQ,1161.61,1814.85,1488.23,755.99,True,agmarknet_mimic_v1,42,08efbdb5ab95
25 Apr 2025,2025-04-25,Maharashtra,Pune,Pimpri,Tomato,Hybrid,FAQ,1168.25,1794.88,1481.56,860.01,True,agmarknet_mimic_v1,42,08efbdb5ab95
26 Apr 2025,2025-04-26,Maharashtra,Pune,Pimpri,Tomato,FAQ,FAQ,1076.17,1767.87,1422.02,711.14,True,agmarknet_mimic_v1,42,08efbdb5ab95
28 Apr 2025,2025-04-28,Maharashtra,Pune,Pimpri,Tomato,FAQ,FAQ,1174.48,1812.5,1493.49,907.37,True,agmarknet_mimic_v1,42,08efbdb5ab95
29 Apr 2025,2025-04-29,Maharashtra,Pune,Pimpri,Tomato,FAQ,FAQ,1258.36,1886.04,1572.2,440.0,True,agmarknet_mimic_v1,42,08efbdb5ab95
30 Apr 2025,2025-04-30,Maharashtra,Pune,Pimpri,Tomato,Local,FAQ,1279.17,1984.19,1631.68,635.49,True,agmarknet_mimic_v1,42,08efbdb5ab95
01 May 2025,2025-05-01,Maharashtra,Pune,Pimpri,Tomato,Hybrid,FAQ,1427.55,2004.87,1716.21,693.28,True,agmarknet_mimic_v1,42,08efbdb5ab95
02 May 2025,2025-05-02,Maharashtra,Pune,Pimpri,Tomato,Local,FAQ,1289.67,2235.41,1762.54,849.45,True,agmarknet_mimic_v1,42,08efbdb5ab95
03 May 2025,2025-05-03,Maharashtra,Pune,Pimpri,Tomato,FAQ,FAQ,1313.89,2050.07,1681.98,793.57,True,agmarknet_mimic_v1,42,08efbdb5ab95
05 May 2025,2025-05-05,Maharashtra,Pune,Pimpri,Tomato,Local,FAQ,1272.33,1884.86,1578.59,706.08,True,agmarknet_mimic_v1,42,08efbdb5ab95
06 May 2025,2025-05-06,Maharashtra,Pune,Pimpri,Tomato,Local,FAQ,1287.02,1767.39,1527.21,769.05,True,agmarknet_mimic_v1,42,08efbdb5ab95
07 May 2025,2025-05-07,Maharashtra,Pune,Pimpri,Tomato,FAQ,FAQ,1149.16,1791.22,1470.19,843.57,True,agmarknet_mimic_v1,42,08efbdb5ab95
08 May 2025,2025-05-08,Maharashtra,Pune,Pimpri,Tomato,Local,FAQ,1245.76,1716.03,1480.9,763.95,True,agmarknet_mimic_v1,42,08efbdb5ab95
09 May 2025,2025-05-09,Maharashtra,Pune,Pimpri,Tomato,Hybrid,FAQ,1091.26,1956.37,1523.82,710.14,True,agmarknet_mimic_v1,42,08efbdb5ab95
10 May 2025,2025-05-10,Maharashtra,Pune,Pimpri,Tomato,Local,FAQ,1113.63,1865.89,1489.76,913.92,True,agmarknet_mimic_v1,42,08efbdb5ab95
12 May 2025,2025-05-12,Maharashtra,Pune,Pimpri,Tomato,FAQ,FAQ,1200.39,1858.93,1529.66,640.57,True,agmarknet_mimic_v1,42,08efbdb5ab95
13 May 2025,2025-05-13,Maharashtra,Pune,Pimpri,Tomato,Hybrid,FAQ,1281.48,1875.35,1578.41,451.68,True,agmarknet_mimic_v1,42,08efbdb5ab95
14 May 2025,2025-05-14,Maharashtra,Pune,Pimpri,Tomato,Hybrid,FAQ,1316.34,1919.41,1617.87,629.53,True,agmarknet_mimic_v1,42,08efbdb5ab95
15 May 2025,2025-05-15,Maharashtra,Pune,Pimpri,Tomato,FAQ,FAQ,1258.22,1793.68,1525.95,574.54,True,agmarknet_mimic_v1,42,08efbdb5ab95
16 May 2025,2025-05-16,Maharashtra,Pune,Pimpri,Tomato,Local,FAQ,1198.35,1647.59,1422.97,875.35,True,agmarknet_mimic_v1,42,08efbdb5ab95
17 May 2025,2025-05-17,Maharashtra,Pune,Pimpri,Tomato,Hybrid,FAQ,1160.42,1773.51,1466.96,505.34,True,agmarknet_mimic_v1,42,08efbdb5ab95
19 May 2025,2025-05-19,Maharashtra,Pune,Pimpri,Tomato,FAQ,FAQ,1255.68,1900.35,1578.01,711.08,True,agmarknet_mimic_v1,42,08efbdb5ab95
20 May 2025,2025-05-20,Maharashtra,Pune,Pimpri,Tomato,FAQ,FAQ,1311.37,1791.88,1551.63,559.4,True,agmarknet_mimic_v1,42,08efbdb5ab95
21 May 2025,2025-05-21,Maharashtra,Pune,Pimpri,Tomato,FAQ,FAQ,1275.55,2160.35,1717.95,618.98,True,agmarknet_mimic_v1,42,08efbdb5ab95
22 May 2025,2025-05-22,Maharashtra,Pune,Pimpri,Tomato,Hybrid,FAQ,1290.45,1924.7,1607.58,880.06,True,agmarknet_mimic_v1,42,08efbdb5ab95
23 May 2025,2025-05-23,Maharashtra,Pune,Pimpri,Tomato,FAQ,FAQ,1192.08,2042.88,1617.48,869.69,True,agmarknet_mimic_v1,42,08efbdb5ab95
24 May 2025,2025-05-24,Maharashtra,Pune,Pimpri,Tomato,FAQ,FAQ,1214.98,2056.29,1635.64,698.78,True,agmarknet_mimic_v1,42,08efbdb5ab95
26 May 2025,2025-05-26,Maharashtra,Pune,Pimpri,Tomato,Hybrid,FAQ,1254.57,2016.04,1635.3,709.28,True,agmarknet_mimic_v1,42,08efbdb5ab95
27 May 2025,2025-05-27,Maharashtra,Pune,Pimpri,Tomato,Hybrid,FAQ,1424.98,2112.16,1768.57,823.67,True,agmarknet_mimic_v1,42,08efbdb5ab95
28 May 2025,2025-05-28,Maharashtra,Pune,Pimpri,Tomato,FAQ,FAQ,1300.29,2315.91,1808.1,731.51,True,agmarknet_mimic_v1,42,08efbdb5ab95
29 May 2025,2025-05-29,Maharashtra,Pune,Pimpri,Tomato,FAQ,FAQ,1559.58,2144.11,1851.85,686.93,True,agmarknet_mimic_v1,42,08efbdb5ab95
30 May 2025,2025-05-30,Maharashtra,Pune,Pimpri,Tomato,Local,FAQ,1510.88,2344.15,1927.51,772.93,True,agmarknet_mimic_v1,42,08efbdb5ab95
31 May 2025,2025-05-31,Maharashtra,Pune,Pimpri,Tomato,Hybrid,FAQ,1481.68,2541.22,2011.45,844.28,True,agmarknet_mimic_v1,42,08efbdb5ab95
02 Jun 2025,2025-06-02,Maharashtra,Pune,Pimpri,Tomato,Local,FAQ,1466.58,2479.5,1973.04,825.21,True,agmarknet_mimic_v1,42,08efbdb5ab95
03 Jun 2025,2025-06-03,Maharashtra,Pune,Pimpri,Tomato,Hybrid,FAQ,1480.85,2341.6,1911.22,687.66,True,agmarknet_mimic_v1,42,08efbdb5ab95
04 Jun 2025,2025-06-04,Maharashtra,Pune,Pimpri,Tomato,Local,FAQ,1400.53,2511.55,1956.04,725.05,True,agmarknet_mimic_v1,42,08efbdb5ab95
05 Jun 2025,2025-06-05,Maharashtra,Pune,Pimpri,Tomato,Hybrid,FAQ,1407.7,2429.16,1918.43,634.51,True,agmarknet_mimic_v1,42,08efbdb5ab95
06 Jun 2025,2025-06-06,Maharashtra,Pune,Pimpri,Tomato,FAQ,FAQ,1426.55,2463.58,1945.07,616.81,True,agmarknet_mimic_v1,42,08efbdb5ab95
07 Jun 2025,2025-06-07,Maharashtra,Pune,Pimpri,Tomato,FAQ,FAQ,1711.55,2375.73,2043.64,656.94,True,agmarknet_mimic_v1,42,08efbdb5ab95
09 Jun 2025,2025-06-09,Maharashtra,Pune,Pimpri,Tomato,FAQ,FAQ,1593.42,2563.24,2078.33,720.56,True,agmarknet_mimic_v1,42,08efbdb5ab95
10 Jun 2025,2025-06-10,Maharashtra,Pune,Pimpri,Tomato,FAQ,FAQ,1778.32,2456.41,2117.36,778.29,True,agmarknet_mimic_v1,42,08efbdb5ab95
11 Jun 2025,2025-06-11,Maharashtra,Pune,Pimpri,Tomato,FAQ,FAQ,1555.31,2794.78,2175.04,558.28,True,agmarknet_mimic_v1,42,08efbdb5ab95
12 Jun 2025,2025-06-12,Maharashtra,Pune,Pimpri,Tomato,Local,FAQ,1713.78,2671.58,2192.68,725.24,True,agmarknet_mimic_v1,42,08efbdb5ab95
13 Jun 2025,2025-06-13,Maharashtra,Pune,Pimpri,Tomato,FAQ,FAQ,1696.4,2584.16,2140.28,536.39,True,agmarknet_mimic_v1,42,08efbdb5ab95
14 Jun 2025,2025-06-14,Maharashtra,Pune,Pimpri,Tomato,Hybrid,FAQ,1534.65,2660.32,2097.49,582.47,True,agmarknet_mimic_v1,42,08efbdb5ab95
16 Jun 2025,2025-06-16,Maharashtra,Pune,Pimpri,Tomato,Hybrid,FAQ,1646.65,2499.96,2073.3,887.65,True,agmarknet_mimic_v1,42,08efbdb5ab95
17 Jun 2025,2025-06-17,Maharashtra,Pune,Pimpri,Tomato,Hybrid,FAQ,1555.17,2537.93,2046.55,592.75,True,agmarknet_mimic_v1,42,08efbdb5ab95
18 Jun 2025,2025-06-18,Maharashtra,Pune,Pimpri,Tomato,FAQ,FAQ,1594.28,2324.42,1959.35,516.39,True,agmarknet_mimic_v1,42,08efbdb5ab95
19 Jun 2025,2025-06-19,Maharashtra,Pune,Pimpri,Tomato,Local,FAQ,1550.03,2401.27,1975.65,446.12,True,agmarknet_mimic_v1,42,08efbdb5ab95
20 Jun 2025,2025-06-20,Maharashtra,Pune,Pimpri,Tomato,FAQ,FAQ,1457.32,2371.7,1914.51,788.94,True,agmarknet_mimic_v1,42,08efbdb5ab95
21 Jun 2025,2025-06-21,Maharashtra,Pune,Pimpri,Tomato,FAQ,FAQ,1548.78,2263.75,1906.27,833.83,True,agmarknet_mimic_v1,42,08efbdb5ab95
23 Jun 2025,2025-06-23,Maharashtra,Pune,Pimpri,Tomato,Hybrid,FAQ,1373.69,2395.39,1884.54,558.71,True,agmarknet_mimic_v1,42,08efbdb5ab95
24 Jun 2025,2025-06-24,Maharashtra,Pune,Pimpri,Tomato,Hybrid,FAQ,1603.18,2244.18,1923.68,493.41,True,agmarknet_mimic_v1,42,08efbdb5ab95
25 Jun 2025,2025-06-25,Maharashtra,Pune,Pimpri,Tomato,Hybrid,FAQ,1461.62,2402.65,1932.13,756.72,True,agmarknet_mimic_v1,42,08efbdb5ab95
26 Jun 2025,2025-06-26,Maharashtra,Pune,Pimpri,Tomato,Local,FAQ,1530.55,2407.62,1969.09,768.48,True,agmarknet_mimic_v1,42,08efbdb5ab95
27 Jun 2025,2025-06-27,Maharashtra,Pune,Pimpri,Tomato,Hybrid,FAQ,1461.5,2366.18,1913.84,705.68,True,agmarknet_mimic_v1,42,08efbdb5ab95
28 Jun 2025,2025-06-28,Maharashtra,Pune,Pimpri,Tomato,Hybrid,FAQ,1474.2,2379.4,1926.8,703.35,True,agmarknet_mimic_v1,42,08efbdb5ab95
30 Jun 2025,2025-06-30,Maharashtra,Pune,Pimpri,Tomato,FAQ,FAQ,1478.0,2342.95,1910.48,531.31,True,agmarknet_mimic_v1,42,08efbdb5ab95
01 Jul 2025,2025-07-01,Maharashtra,Pune,Pimpri,Tomato,Local,FAQ,1634.27,2261.97,1948.12,650.64,True,agmarknet_mimic_v1,42,08efbdb5ab95
02 Jul 2025,2025-07-02,Maharashtra,Pune,Pimpri,Tomato,FAQ,FAQ,1531.78,2484.39,2008.09,556.61,True,agmarknet_mimic_v1,42,08efbdb5ab95
03 Jul 2025,2025-07-03,Maharashtra,Pune,Pimpri,Tomato,FAQ,FAQ,1466.01,2517.83,1991.92,531.5,True,agmarknet_mimic_v1,42,08efbdb5ab95
04 Jul 2025,2025-07-04,Maharashtra,Pune,Pimpri,Tomato,Hybrid,FAQ,1543.65,2419.13,1981.39,532.71,True,agmarknet_mimic_v1,42,08efbdb5ab95
05 Jul 2025,2025-07-05,Maharashtra,Pune,Pimpri,Tomato,FAQ,FAQ,1435.66,2365.2,1900.43,769.34,True,agmarknet_mimic_v1,42,08efbdb5ab95
07 Jul 2025,2025-07-07,Maharashtra,Pune,Pimpri,Tomato,FAQ,FAQ,1484.74,2391.68,1938.21,724.88,True,agmarknet_mimic_v1,42,08efbdb5ab95
08 Jul 2025,2025-07-08,Maharashtra,Pune,Pimpri,Tomato,Local,FAQ,1521.3,2344.78,1933.04,663.0,True,agmarknet_mimic_v1,42,08efbdb5ab95
09 Jul 2025,2025-07-09,Maharashtra,Pune,Pimpri,Tomato,Local,FAQ,1585.07,2322.21,1953.64,523.3,True,agmarknet_mimic_v1,42,08efbdb5ab95
10 Jul 2025,2025-07-10,Maharashtra,Pune,Pimpri,Tomato,Hybrid,FAQ,1480.94,2494.66,1987.8,677.3,True,agmarknet_mimic_v1,42,08efbdb5ab95
11 Jul 2025,2025-07-11,Maharashtra,Pune,Pimpri,Tomato,FAQ,FAQ,1567.83,2591.03,2079.43,806.98,True,agmarknet_mimic_v1,42,08efbdb5ab95
12 Jul 2025,2025-07-12,Maharashtra,Pune,Pimpri,Tomato,Hybrid,FAQ,1668.78,2414.79,2041.78,801.25,True,agmarknet_mimic_v1,42,08efbdb5ab95
14 Jul 2025,2025-07-14,Maharashtra,Pune,Pimpri,Tomato,Hybrid,FAQ,1750.2,2501.54,2125.87,548.15,True,agmarknet_mimic_v1,42,08efbdb5ab95
15 Jul 2025,2025-07-15,Maharashtra,Pune,Pimpri,Tomato,Hybrid,FAQ,1640.46,2559.63,2100.05,764.33,True,agmarknet_mimic_v1,42,08efbdb5ab95
16 Jul 2025,2025-07-16,Maharashtra,Pune,Pimpri,Tomato,Local,FAQ,1522.57,2654.83,2088.7,592.82,True,agmarknet_mimic_v1,42,08efbdb5ab95
17 Jul 2025,2025-07-17,Maharashtra,Pune,Pimpri,Tomato,Local,FAQ,1858.22,2543.62,2200.92,646.52,True,agmarknet_mimic_v1,42,08efbdb5ab95
18 Jul 2025,2025-07-18,Maharashtra,Pune,Pimpri,Tomato,FAQ,FAQ,1772.11,2560.02,2166.07,454.04,True,agmarknet_mimic_v1,42,08efbdb5ab95
19 Jul 2025,2025-07-19,Maharashtra,Pune,Pimpri,Tomato,Hybrid,FAQ,1643.78,2617.95,2130.86,842.86,True,agmarknet_mimic_v1,42,08efbdb5ab95
21 Jul 2025,2025-07-21,Maharashtra,Pune,Pimpri,Tomato,FAQ,FAQ,1575.68,2580.4,2078.04,580.3,True,agmarknet_mimic_v1,42,08efbdb5ab95
22 Jul 2025,2025-07-22,Maharashtra,Pune,Pimpri,Tomato,Hybrid,FAQ,1617.96,2505.47,2061.72,590.14,True,agmarknet_mimic_v1,42,08efbdb5ab95
23 Jul 2025,2025-07-23,Maharashtra,Pune,Pimpri,Tomato,Local,FAQ,1655.63,2337.3,1996.46,432.21,True,agmarknet_mimic_v1,42,08efbdb5ab95
24 Jul 2025,2025-07-24,Maharashtra,Pune,Pimpri,Tomato,Hybrid,FAQ,1591.97,2383.86,1987.91,853.05,True,agmarknet_mimic_v1,42,08efbdb5ab95
25 Jul 2025,2025-07-25,Maharashtra,Pune,Pimpri,Tomato,Hybrid,FAQ,1540.56,2344.93,1942.75,541.47,True,agmarknet_mimic_v1,42,08efbdb5ab95
26 Jul 2025,2025-07-26,Maharashtra,Pune,Pimpri,Tomato,Local,FAQ,1390.87,2487.8,1939.33,601.21,True,agmarknet_mimic_v1,42,08efbdb5ab95
28 Jul 2025,2025-07-28,Maharashtra,Pune,Pimpri,Tomato,Hybrid,FAQ,1560.1,2248.88,1904.49,266.71,True,agmarknet_mimic_v1,42,08efbdb5ab95
29 Jul 2025,2025-07-29,Maharashtra,Pune,Pimpri,Tomato,Hybrid,FAQ,1571.0,2224.75,1897.88,579.56,True,agmarknet_mimic_v1,42,08efbdb5ab95
30 Jul 2025,2025-07-30,Maharashtra,Pune,Pimpri,Tomato,FAQ,FAQ,1539.26,2405.12,1972.19,910.74,True,agmarknet_mimic_v1,42,08efbdb5ab95
31 Jul 2025,2025-07-31,Maharashtra,Pune,Pimpri,Tomato,Hybrid,FAQ,1500.06,2316.86,1908.46,678.16,True,agmarknet_mimic_v1,42,08efbdb5ab95
01 Aug 2025,2025-08-01,Maharashtra,Pune,Pimpri,Tomato,Local,FAQ,1419.35,2383.74,1901.55,685.88,True,agmarknet_mimic_v1,42,08efbdb5ab95
02 Aug 2025,2025-08-02,Maharashtra,Pune,Pimpri,Tomato,Local,FAQ,1442.96,2296.86,1869.91,569.12,True,agmarknet_mimic_v1,42,08efbdb5ab95
04 Aug 2025,2025-08-04,Maharashtra,Pune,Pimpri,Tomato,FAQ,FAQ,1388.48,2303.47,1845.97,612.73,True,agmarknet_mimic_v1,42,08efbdb5ab95
05 Aug 2025,2025-08-05,Maharashtra,Pune,Pimpri,Tomato,Local,FAQ,1464.11,2306.99,1885.55,900.9,True,agmarknet_mimic_v1,42,08efbdb5ab95
06 Aug 2025,2025-08-06,Maharashtra,Pune,Pimpri,Tomato,Local,FAQ,1562.08,2281.05,1921.56,762.72,True,agmarknet_mimic_v1,42,08efbdb5ab95
07 Aug 2025,2025-08-07,Maharashtra,Pune,Pimpri,Tomato,Local,FAQ,1524.02,2405.42,1964.72,686.45,True,agmarknet_mimic_v1,42,08efbdb5ab95
08 Aug 2025,2025-08-08,Maharashtra,Pune,Pimpri,Tomato,Hybrid,FAQ,1534.78,2459.22,1997.0,759.88,True,agmarknet_mimic_v1,42,08efbdb5ab95
09 Aug 2025,2025-08-09,Maharashtra,Pune,Pimpri,Tomato,Hybrid,FAQ,1679.87,2307.16,1993.51,639.72,True,agmarknet_mimic_v1,42,08efbdb5ab95
11 Aug 2025,2025-08-11,Maharashtra,Pune,Pimpri,Tomato,Hybrid,FAQ,1673.57,2433.85,2053.71,816.04,True,agmarknet_mimic_v1,42,08efbdb5ab95
12 Aug 2025,2025-08-12,Maharashtra,Pune,Pimpri,Tomato,Local,FAQ,1556.5,2472.83,2014.66,751.53,True,agmarknet_mimic_v1,42,08efbdb5ab95
13 Aug 2025,2025-08-13,Maharashtra,Pune,Pimpri,Tomato,FAQ,FAQ,1640.88,2250.03,1945.46,768.75,True,agmarknet_mimic_v1,42,08efbdb5ab95
14 Aug 2025,2025-08-14,Maharashtra,Pune,Pimpri,Tomato,FAQ,FAQ,1338.88,2394.25,1866.56,741.68,True,agmarknet_mimic_v1,42,08efbdb5ab95
15 Aug 2024,2024-08-15,Maharashtra,Nagpur,Nagpur,Tomato,FAQ,FAQ,1079.51,1925.54,1502.52,490.78,True,agmarknet_mimic_v1,42,08efbdb5ab95
16 Aug 2024,2024-08-16,Maharashtra,Nagpur,Nagpur,Tomato,FAQ,FAQ,1123.02,1825.59,1474.3,540.45,True,agmarknet_mimic_v1,42,08efbdb5ab95
17 Aug 2024,2024-08-17,Maharashtra,Nagpur,Nagpur,Tomato,Hybrid,FAQ,1202.34,1886.34,1544.34,576.77,True,agmarknet_mimic_v1,42,08efbdb5ab95
19 Aug 2024,2024-08-19,Maharashtra,Nagpur,Nagpur,Tomato,Hybrid,FAQ,1292.7,1964.95,1628.83,812.97,True,agmarknet_mimic_v1,42,08efbdb5ab95
20 Aug 2024,2024-08-20,Maharashtra,Nagpur,Nagpur,Tomato,FAQ,FAQ,1364.4,1902.99,1633.7,661.26,True,agmarknet_mimic_v1,42,08efbdb5ab95
21 Aug 2024,2024-08-21,Maharashtra,Nagpur,Nagpur,Tomato,Local,FAQ,1349.12,1894.95,1622.03,746.63,True,agmarknet_mimic_v1,42,08efbdb5ab95
22 Aug 2024,2024-08-22,Maharashtra,Nagpur,Nagpur,Tomato,Hybrid,FAQ,1327.45,2156.76,1742.1,679.53,True,agmarknet_mimic_v1,42,08efbdb5ab95
23 Aug 2024,2024-08-23,Maharashtra,Nagpur,Nagpur,Tomato,Local,FAQ,1328.82,2124.78,1726.8,685.94,True,agmarknet_mimic_v1,42,08efbdb5ab95
24 Aug 2024,2024-08-24,Maharashtra,Nagpur,Nagpur,Tomato,Local,FAQ,1330.54,2214.94,1772.74,491.58,True,agmarknet_mimic_v1,42,08efbdb5ab95
26 Aug 2024,2024-08-26,Maharashtra,Nagpur,Nagpur,Tomato,Hybrid,FAQ,1376.77,2115.73,1746.25,690.6,True,agmarknet_mimic_v1,42,08efbdb5ab95
27 Aug 2024,2024-08-27,Maharashtra,Nagpur,Nagpur,Tomato,FAQ,FAQ,1251.69,2211.53,1731.61,678.97,True,agmarknet_mimic_v1,42,08efbdb5ab95
28 Aug 2024,2024-08-28,Maharashtra,Nagpur,Nagpur,Tomato,FAQ,FAQ,1382.96,2049.9,1716.43,686.4,True,agmarknet_mimic_v1,42,08efbdb5ab95
29 Aug 2024,2024-08-29,Maharashtra,Nagpur,Nagpur,Tomato,FAQ,FAQ,1473.3,2027.04,1750.17,677.6,True,agmarknet_mimic_v1,42,08efbdb5ab95
30 Aug 2024,2024-08-30,Maharashtra,Nagpur,Nagpur,Tomato,Hybrid,FAQ,1352.88,2159.89,1756.38,706.77,True,agmarknet_mimic_v1,42,08efbdb5ab95
31 Aug 2024,2024-08-31,Maharashtra,Nagpur,Nagpur,Tomato,Hybrid,FAQ,1404.38,2057.35,1730.86,787.68,True,agmarknet_mimic_v1,42,08efbdb5ab95
02 Sep 2024,2024-09-02,Maharashtra,Nagpur,Nagpur,Tomato,Hybrid,FAQ,1269.01,2261.03,1765.02,634.74,True,agmarknet_mimic_v1,42,08efbdb5ab95
03 Sep 2024,2024-09-03,Maharashtra,Nagpur,Nagpur,Tomato,FAQ,FAQ,1221.82,2112.75,1667.28,480.33,True,agmarknet_mimic_v1,42,08efbdb5ab95
04 Sep 2024,2024-09-04,Maharashtra,Nagpur,Nagpur,Tomato,FAQ,FAQ,1358.32,1897.85,1628.09,967.58,True,agmarknet_mimic_v1,42,08efbdb5ab95
05 Sep 2024,2024-09-05,Maharashtra,Nagpur,Nagpur,Tomato,FAQ,FAQ,1317.73,2074.81,1696.27,485.68,True,agmarknet_mimic_v1,42,08efbdb5ab95
06 Sep 2024,2024-09-06,Maharashtra,Nagpur,Nagpur,Tomato,Local,FAQ,1308.07,2148.0,1728.04,613.18,True,agmarknet_mimic_v1,42,08efbdb5ab95
07 Sep 2024,2024-09-07,Maharashtra,Nagpur,Nagpur,Tomato,Local,FAQ,1249.26,2198.55,1723.9,480.94,True,agmarknet_mimic_v1,42,08efbdb5ab95
09 Sep 2024,2024-09-09,Maharashtra,Nagpur,Nagpur,Tomato,Hybrid,FAQ,1451.98,2036.71,1744.35,668.36,True,agmarknet_mimic_v1,42,08efbdb5ab95
10 Sep 2024,2024-09-10,Maharashtra,Nagpur,Nagpur,Tomato,Hybrid,FAQ,1296.62,2108.49,1702.55,694.22,True,agmarknet_mimic_v1,42,08efbdb5ab95
11 Sep 2024,2024-09-11,Maharashtra,Nagpur,Nagpur,Tomato,Local,FAQ,1276.72,2096.85,1686.78,703.39,True,agmarknet_mimic_v1,42,08efbdb5ab95
12 Sep 2024,2024-09-12,Maharashtra,Nagpur,Nagpur,Tomato,Hybrid,FAQ,1294.84,2113.64,1704.24,650.86,True,agmarknet_mimic_v1,42,08efbdb5ab95
13 Sep 2024,2024-09-13,Maharashtra,Nagpur,Nagpur,Tomato,Hybrid,FAQ,1327.03,2264.49,1795.76,680.6,True,agmarknet_mimic_v1,42,08efbdb5ab95
14 Sep 2024,2024-09-14,Maharashtra,Nagpur,Nagpur,Tomato,Local,FAQ,1326.79,2166.55,1746.67,690.47,True,agmarknet_mimic_v1,42,08efbdb5ab95
16 Sep 2024,2024-09-16,Maharashtra,Nagpur,Nagpur,Tomato,Local,FAQ,1417.97,1961.73,1689.85,673.04,True,agmarknet_mimic_v1,42,08efbdb5ab95
17 Sep 2024,2024-09-17,Maharashtra,Nagpur,Nagpur,Tomato,Hybrid,FAQ,1387.73,1955.53,1671.63,656.68,True,agmarknet_mimic_v1,42,08efbdb5ab95
18 Sep 2024,2024-09-18,Maharashtra,Nagpur,Nagpur,Tomato,Local,FAQ,1323.98,1837.33,1580.65,829.83,True,agmarknet_mimic_v1,42,08efbdb5ab95
19 Sep 2024,2024-09-19,Maharashtra,Nagpur,Nagpur,Tomato,FAQ,FAQ,1149.08,1985.11,1567.09,830.27,True,agmarknet_mimic_v1,42,08efbdb5ab95
20 Sep 2024,2024-09-20,Maharashtra,Nagpur,Nagpur,Tomato,FAQ,FAQ,1173.77,1981.87,1577.82,765.59,True,agmarknet_mimic_v1,42,08efbdb5ab95
21 Sep 2024,2024-09-21,Maharashtra,Nagpur,Nagpur,Tomato,FAQ,FAQ,1171.26,2057.8,1614.53,725.63,True,agmarknet_mimic_v1,42,08efbdb5ab95
23 Sep 2024,2024-09-23,Maharashtra,Nagpur,Nagpur,Tomato,FAQ,FAQ,1346.23,2096.74,1721.48,608.24,True,agmarknet_mimic_v1,42,08efbdb5ab95
24 Sep 2024,2024-09-24,Maharashtra,Nagpur,Nagpur,Tomato,Local,FAQ,1350.49,2136.46,1743.48,767.79,True,agmarknet_mimic_v1,42,08efbdb5ab95
25 Sep 2024,2024-09-25,Maharashtra,Nagpur,Nagpur,Tomato,FAQ,FAQ,1342.8,2214.89,1778.84,789.24,True,agmarknet_mimic_v1,42,08efbdb5ab95
26 Sep 2024,2024-09-26,Maharashtra,Nagpur,Nagpur,Tomato,Hybrid,FAQ,1389.43,2177.32,1783.38,723.45,True,agmarknet_mimic_v1,42,08efbdb5ab95
27 Sep 2024,2024-09-27,Maharashtra,Nagpur,Nagpur,Tomato,Hybrid,FAQ,1514.08,2282.35,1898.22,878.37,True,agmarknet_mimic_v1,42,08efbdb5ab95
28 Sep 2024,2024-09-28,Maharashtra,Nagpur,Nagpur,Tomato,FAQ,FAQ,1526.54,2219.31,1872.93,650.82,True,agmarknet_mimic_v1,42,08efbdb5ab95
30 Sep 2024,2024-09-30,Maharashtra,Nagpur,Nagpur,Tomato,Hybrid,FAQ,1525.21,2086.22,1805.72,967.09,True,agmarknet_mimic_v1,42,08efbdb5ab95
01 Oct 2024,2024-10-01,Maharashtra,Nagpur,Nagpur,Tomato,Local,FAQ,1502.53,2145.13,1823.83,853.91,True,agmarknet_mimic_v1,42,08efbdb5ab95
02 Oct 2024,2024-10-02,Maharashtra,Nagpur,Nagpur,Tomato,Hybrid,FAQ,1293.7,2165.85,1729.78,751.08,True,agmarknet_mimic_v1,42,08efbdb5ab95
03 Oct 2024,2024-10-03,Maharashtra,Nagpur,Nagpur,Tomato,FAQ,FAQ,1425.08,2144.92,1785.0,657.22,True,agmarknet_mimic_v1,42,08efbdb5ab95
04 Oct 2024,2024-10-04,Maharashtra,Nagpur,Nagpur,Tomato,FAQ,FAQ,1318.95,2236.9,1777.93,602.75,True,agmarknet_mimic_v1,42,08efbdb5ab95
05 Oct 2024,2024-10-05,Maharashtra,Nagpur,Nagpur,Tomato,Hybrid,FAQ,1294.12,2107.49,1700.81,763.12,True,agmarknet_mimic_v1,42,08efbdb5ab95
07 Oct 2024,2024-10-07,Maharashtra,Nagpur,Nagpur,Tomato,Hybrid,FAQ,1383.0,2044.47,1713.73,695.67,True,agmarknet_mimic_v1,42,08efbdb5ab95
08 Oct 2024,2024-10-08,Maharashtra,Nagpur,Nagpur,Tomato,Hybrid,FAQ,1396.93,1958.34,1677.64,658.09,True,agmarknet_mimic_v1,42,08efbdb5ab95
09 Oct 2024,2024-10-09,Maharashtra,Nagpur,Nagpur,Tomato,Hybrid,FAQ,1384.9,2123.76,1754.33,800.68,True,agmarknet_mimic_v1,42,08efbdb5ab95
10 Oct 2024,2024-10-10,Maharashtra,Nagpur,Nagpur,Tomato,Hybrid,FAQ,1216.54,2099.01,1657.78,688.75,True,agmarknet_mimic_v1,42,08efbdb5ab95
11 Oct 2024,2024-10-11,Maharashtra,Nagpur,Nagpur,Tomato,Local,FAQ,1222.41,2006.74,1614.57,667.1,True,agmarknet_mimic_v1,42,08efbdb5ab95
12 Oct 2024,2024-10-12,Maharashtra,Nagpur,Nagpur,Tomato,FAQ,FAQ,1368.12,1890.65,1629.39,705.06,True,agmarknet_mimic_v1,42,08efbdb5ab95
14 Oct 2024,2024-10-14,Maharashtra,Nagpur,Nagpur,Tomato,Local,FAQ,1266.18,1905.81,1586.0,845.39,True,agmarknet_mimic_v1,42,08efbdb5ab95
15 Oct 2024,2024-10-15,Maharashtra,Nagpur,Nagpur,Tomato,Hybrid,FAQ,1250.02,1740.6,1495.31,669.9,True,agmarknet_mimic_v1,42,08efbdb5ab95
16 Oct 2024,2024-10-16,Maharashtra,Nagpur,Nagpur,Tomato,FAQ,FAQ,1106.3,1990.15,1548.23,855.97,True,agmarknet_mimic_v1,42,08efbdb5ab95
17 Oct 2024,2024-10-17,Maharashtra,Nagpur,Nagpur,Tomato,FAQ,FAQ,1078.73,1924.4,1501.57,724.55,True,agmarknet_mimic_v1,42,08efbdb5ab95
18 Oct 2024,2024-10-18,Maharashtra,Nagpur,Nagpur,Tomato,Hybrid,FAQ,1196.67,1821.7,1509.19,1084.43,True,agmarknet_mimic_v1,42,08efbdb5ab95
19 Oct 2024,2024-10-19,Maharashtra,Nagpur,Nagpur,Tomato,Local,FAQ,1233.38,1878.57,1555.98,787.86,True,agmarknet_mimic_v1,42,08efbdb5ab95
21 Oct 2024,2024-10-21,Maharashtra,Nagpur,Nagpur,Tomato,FAQ,FAQ,1313.4,1805.08,1559.24,1042.09,True,agmarknet_mimic_v1,42,08efbdb5ab95
22 Oct 2024,2024-10-22,Maharashtra,Nagpur,Nagpur,Tomato,Hybrid,FAQ,1305.25,1783.09,1544.17,1059.3,True,agmarknet_mimic_v1,42,08efbdb5ab95
23 Oct 2024,2024-10-23,Maharashtra,Nagpur,Nagpur,Tomato,Hybrid,FAQ,1205.37,1687.22,1446.29,832.17,True,agmarknet_mimic_v1,42,08efbdb5ab95
24 Oct 2024,2024-10-24,Maharashtra,Nagpur,Nagpur,Tomato,Local,FAQ,1042.47,1741.64,1392.06,937.03,True,agmarknet_mimic_v1,42,08efbdb5ab95
25 Oct 2024,2024-10-25,Maharashtra,Nagpur,Nagpur,Tomato,Hybrid,FAQ,1057.04,1600.61,1328.83,998.83,True,agmarknet_mimic_v1,42,08efbdb5ab95
26 Oct 2024,2024-10-26,Maharashtra,Nagpur,Nagpur,Tomato,Local,FAQ,1069.71,1549.17,1309.44,820.28,True,agmarknet_mimic_v1,42,08efbdb5ab95
28 Oct 2024,2024-10-28,Maharashtra,Nagpur,Nagpur,Tomato,Local,FAQ,1024.26,1833.14,1428.7,843.56,True,agmarknet_mimic_v1,42,08efbdb5ab95
29 Oct 2024,2024-10-29,Maharashtra,Nagpur,Nagpur,Tomato,Hybrid,FAQ,1047.81,1760.14,1403.98,829.31,True,agmarknet_mimic_v1,42,08efbdb5ab95
30 Oct 2024,2024-10-30,Maharashtra,Nagpur,Nagpur,Tomato,Local,FAQ,1077.95,1739.72,1408.83,768.91,True,agmarknet_mimic_v1,42,08efbdb5ab95
31 Oct 2024,2024-10-31,Maharashtra,Nagpur,Nagpur,Tomato,Local,FAQ,983.83,1673.03,1328.43,886.55,True,agmarknet_mimic_v1,42,08efbdb5ab95
01 Nov 2024,2024-11-01,Maharashtra,Nagpur,Nagpur,Tomato,Local,FAQ,992.71,1455.19,1223.95,690.42,True,agmarknet_mimic_v1,42,08efbdb5ab95
02 Nov 2024,2024-11-02,Maharashtra,Nagpur,Nagpur,Tomato,FAQ,FAQ,905.51,1510.41,1207.96,1025.61,True,agmarknet_mimic_v1,42,08efbdb5ab95
04 Nov 2024,2024-11-04,Maharashtra,Nagpur,Nagpur,Tomato,FAQ,FAQ,917.59,1385.02,1151.31,815.36,True,agmarknet_mimic_v1,42,08efbdb5ab95
05 Nov 2024,2024-11-05,Maharashtra,Nagpur,Nagpur,Tomato,FAQ,FAQ,1009.22,1473.77,1241.5,1022.49,True,agmarknet_mimic_v1,42,08efbdb5ab95
06 Nov 2024,2024-11-06,Maharashtra,Nagpur,Nagpur,Tomato,FAQ,FAQ,980.89,1451.25,1216.07,911.09,True,agmarknet_mimic_v1,42,08efbdb5ab95
07 Nov 2024,2024-11-07,Maharashtra,Nagpur,Nagpur,Tomato,FAQ,FAQ,1021.04,1422.1,1221.57,1114.26,True,agmarknet_mimic_v1,42,08efbdb5ab95
08 Nov 2024,2024-11-08,Maharashtra,Nagpur,Nagpur,Tomato,Hybrid,FAQ,982.87,1408.01,1195.44,584.6,True,agmarknet_mimic_v1,42,08efbdb5ab95
09 Nov 2024,2024-11-09,Maharashtra,Nagpur,Nagpur,Tomato,Local,FAQ,946.79,1434.04,1190.42,880.41,True,agmarknet_mimic_v1,42,08efbdb5ab95
11 Nov 2024,2024-11-11,Maharashtra,Nagpur,Nagpur,Tomato,Hybrid,FAQ,851.1,1449.36,1150.23,993.59,True,agmarknet_mimic_v1,42,08efbdb5ab95
12 Nov 2024,2024-11-12,Maharashtra,Nagpur,Nagpur,Tomato,Local,FAQ,831.31,1429.59,1130.45,933.2,True,agmarknet_mimic_v1,42,08efbdb5ab95
13 Nov 2024,2024-11-13,Maharashtra,Nagpur,Nagpur,Tomato,FAQ,FAQ,799.93,1396.81,1098.37,784.22,True,agmarknet_mimic_v1,42,08efbdb5ab95
14 Nov 2024,2024-11-14,Maharashtra,Nagpur,Nagpur,Tomato,Hybrid,FAQ,802.34,1233.72,1018.03,709.8,True,agmarknet_mimic_v1,42,08efbdb5ab95
15 Nov 2024,2024-11-15,Maharashtra,Nagpur,Nagpur,Tomato,Local,FAQ,824.33,1201.8,1013.07,942.69,True,agmarknet_mimic_v1,42,08efbdb5ab95
16 Nov 2024,2024-11-16,Maharashtra,Nagpur,Nagpur,Tomato,Hybrid,FAQ,913.49,1349.13,1131.31,869.62,True,agmarknet_mimic_v1,42,08efbdb5ab95
18 Nov 2024,2024-11-18,Maharashtra,Nagpur,Nagpur,Tomato,Local,FAQ,883.68,1290.22,1086.95,894.93,True,agmarknet_mimic_v1,42,08efbdb5ab95
19 Nov 2024,2024-11-19,Maharashtra,Nagpur,Nagpur,Tomato,FAQ,FAQ,896.83,1354.69,1125.76,777.97,True,agmarknet_mimic_v1,42,08efbdb5ab95
20 Nov 2024,2024-11-20,Maharashtra,Nagpur,Nagpur,Tomato,Hybrid,FAQ,828.6,1312.17,1070.38,1052.2,True,agmarknet_mimic_v1,42,08efbdb5ab95
21 Nov 2024,2024-11-21,Maharashtra,Nagpur,Nagpur,Tomato,Hybrid,FAQ,905.74,1480.26,1193.0,935.13,True,agmarknet_mimic_v1,42,08efbdb5ab95
22 Nov 2024,2024-11-22,Maharashtra,Nagpur,Nagpur,Tomato,Local,FAQ,983.41,1409.02,1196.21,972.81,True,agmarknet_mimic_v1,42,08efbdb5ab95
23 Nov 2024,2024-11-23,Maharashtra,Nagpur,Nagpur,Tomato,Local,FAQ,809.37,1271.9,1040.64,972.53,True,agmarknet_mimic_v1,42,08efbdb5ab95
25 Nov 2024,2024-11-25,Maharashtra,Nagpur,Nagpur,Tomato,FAQ,FAQ,869.96,1314.7,1092.33,853.18,True,agmarknet_mimic_v1,42,08efbdb5ab95
26 Nov 2024,2024-11-26,Maharashtra,Nagpur,Nagpur,Tomato,FAQ,FAQ,806.82,1137.2,972.01,1084.66,True,agmarknet_mimic_v1,42,08efbdb5ab95
27 Nov 2024,2024-11-27,Maharashtra,Nagpur,Nagpur,Tomato,FAQ,FAQ,784.14,1126.74,955.44,776.98,True,agmarknet_mimic_v1,42,08efbdb5ab95
28 Nov 2024,2024-11-28,Maharashtra,Nagpur,Nagpur,Tomato,Hybrid,FAQ,778.53,1078.82,928.68,1098.33,True,agmarknet_mimic_v1,42,08efbdb5ab95
29 Nov 2024,2024-11-29,Maharashtra,Nagpur,Nagpur,Tomato,Hybrid,FAQ,734.33,1183.47,958.9,977.98,True,agmarknet_mimic_v1,42,08efbdb5ab95
30 Nov 2024,2024-11-30,Maharashtra,Nagpur,Nagpur,Tomato,FAQ,FAQ,659.61,1144.18,901.9,1117.0,True,agmarknet_mimic_v1,42,08efbdb5ab95
02 Dec 2024,2024-12-02,Maharashtra,Nagpur,Nagpur,Tomato,FAQ,FAQ,651.76,1002.83,827.29,1047.75,True,agmarknet_mimic_v1,42,08efbdb5ab95
03 Dec 2024,2024-12-03,Maharashtra,Nagpur,Nagpur,Tomato,Hybrid,FAQ,634.39,1028.72,831.56,1101.1,True,agmarknet_mimic_v1,42,08efbdb5ab95
04 Dec 2024,2024-12-04,Maharashtra,Nagpur,Nagpur,Tomato,FAQ,FAQ,662.38,947.35,804.87,1101.26,True,agmarknet_mimic_v1,42,08efbdb5ab95
05 Dec 2024,2024-12-05,Maharashtra,Nagpur,Nagpur,Tomato,Hybrid,FAQ,578.34,1007.72,793.03,1239.96,True,agmarknet_mimic_v1,42,08efbdb5ab95
06 Dec 2024,2024-12-06,Maharashtra,Nagpur,Nagpur,Tomato,Hybrid,FAQ,604.94,955.11,780.03,847.94,True,agmarknet_mimic_v1,42,08efbdb5ab95
07 Dec 2024,2024-12-07,Maharashtra,Nagpur,Nagpur,Tomato,Local,FAQ,596.48,1046.84,821.66,1069.98,True,agmarknet_mimic_v1,42,08efbdb5ab95
09 Dec 2024,2024-12-09,Maharashtra,Nagpur,Nagpur,Tomato,FAQ,FAQ,711.37,1031.4,871.39,1198.66,True,agmarknet_mimic_v1,42,08efbdb5ab95
10 Dec 2024,2024-12-10,Maharashtra,Nagpur,Nagpur,Tomato,FAQ,FAQ,797.96,1091.02,944.49,909.8,True,agmarknet_mimic_v1,42,08efbdb5ab95
11 Dec 2024,2024-12-11,Maharashtra,Nagpur,Nagpur,Tomato,Local,FAQ,707.09,1220.29,963.69,1261.31,True,agmarknet_mimic_v1,42,08efbdb5ab95
12 Dec 2024,2024-12-12,Maharashtra,Nagpur,Nagpur,Tomato,Local,FAQ,856.71,1228.67,1042.69,1104.14,True,agmarknet_mimic_v1,42,08efbdb5ab95
13 Dec 2024,2024-12-13,Maharashtra,Nagpur,Nagpur,Tomato,Local,FAQ,733.07,1163.63,948.35,1014.07,True,agmarknet_mimic_v1,42,08efbdb5ab95
14 Dec 2024,2024-12-14,Maharashtra,Nagpur,Nagpur,Tomato,Local,FAQ,786.72,1083.69,935.21,1072.28,True,agmarknet_mimic_v1,42,08efbdb5ab95
16 Dec 2024,2024-12-16,Maharashtra,Nagpur,Nagpur,Tomato,Local,FAQ,770.93,1160.18,965.56,1113.63,True,agmarknet_mimic_v1,42,08efbdb5ab95
17 Dec 2024,2024-12-17,Maharashtra,Nagpur,Nagpur,Tomato,Hybrid,FAQ,787.46,1287.55,1037.5,1296.29,True,agmarknet_mimic_v1,42,08efbdb5ab95
18 Dec 2024,2024-12-18,Maharashtra,Nagpur,Nagpur,Tomato,Local,FAQ,793.14,1240.67,1016.9,1160.8,True,agmarknet_mimic_v1,42,08efbdb5ab95
19 Dec 2024,2024-12-19,Maharashtra,Nagpur,Nagpur,Tomato,Local,FAQ,688.78,1214.49,951.64,966.86,True,agmarknet_mimic_v1,42,08efbdb5ab95
20 Dec 2024,2024-12-20,Maharashtra,Nagpur,Nagpur,Tomato,Hybrid,FAQ,810.33,1105.52,957.92,1060.01,True,agmarknet_mimic_v1,42,08efbdb5ab95
21 Dec 2024,2024-12-21,Maharashtra,Nagpur,Nagpur,Tomato,Hybrid,FAQ,764.3,1055.04,909.67,1166.65,True,agmarknet_mimic_v1,42,08efbdb5ab95
23 Dec 2024,2024-12-23,Maharashtra,Nagpur,Nagpur,Tomato,Local,FAQ,757.74,1106.24,931.99,930.9,True,agmarknet_mimic_v1,42,08efbdb5ab95
24 Dec 2024,2024-12-24,Maharashtra,Nagpur,Nagpur,Tomato,Local,FAQ,702.75,1216.75,959.75,1179.36,True,agmarknet_mimic_v1,42,08efbdb5ab95
25 Dec 2024,2024-12-25,Maharashtra,Nagpur,Nagpur,Tomato,Local,FAQ,827.9,1204.63,1016.27,1204.47,True,agmarknet_mimic_v1,42,08efbdb5ab95
26 Dec 2024,2024-12-26,Maharashtra,Nagpur,Nagpur,Tomato,Hybrid,FAQ,819.53,1374.0,1096.77,1062.32,True,agmarknet_mimic_v1,42,08efbdb5ab95
27 Dec 2024,2024-12-27,Maharashtra,Nagpur,Nagpur,Tomato,FAQ,FAQ,796.64,1400.38,1098.51,1268.79,True,agmarknet_mimic_v1,42,08efbdb5ab95
28 Dec 2024,2024-12-28,Maharashtra,Nagpur,Nagpur,Tomato,Local,FAQ,774.53,1354.73,1064.63,1059.13,True,agmarknet_mimic_v1,42,08efbdb5ab95
30 Dec 2024,2024-12-30,Maharashtra,Nagpur,Nagpur,Tomato,Local,FAQ,760.26,1241.81,1001.03,1032.07,True,agmarknet_mimic_v1,42,08efbdb5ab95
31 Dec 2024,2024-12-31,Maharashtra,Nagpur,Nagpur,Tomato,FAQ,FAQ,819.23,1188.1,1003.66,990.91,True,agmarknet_mimic_v1,42,08efbdb5ab95
01 Jan 2025,2025-01-01,Maharashtra,Nagpur,Nagpur,Tomato,Hybrid,FAQ,694.58,1086.82,890.7,1474.23,True,agmarknet_mimic_v1,42,08efbdb5ab95
02 Jan 2025,2025-01-02,Maharashtra,Nagpur,Nagpur,Tomato,FAQ,FAQ,628.64,1065.76,847.2,1214.89,True,agmarknet_mimic_v1,42,08efbdb5ab95
03 Jan 2025,2025-01-03,Maharashtra,Nagpur,Nagpur,Tomato,FAQ,FAQ,639.54,898.21,768.87,1108.52,True,agmarknet_mimic_v1,42,08efbdb5ab95
04 Jan 2025,2025-01-04,Maharashtra,Nagpur,Nagpur,Tomato,FAQ,FAQ,616.61,919.43,768.02,1038.86,True,agmarknet_mimic_v1,42,08efbdb5ab95
06 Jan 2025,2025-01-06,Maharashtra,Nagpur,Nagpur,Tomato,FAQ,FAQ,540.02,824.52,682.27,885.5,True,agmarknet_mimic_v1,42,08efbdb5ab95
07 Jan 2025,2025-01-07,Maharashtra,Nagpur,Nagpur,Tomato,FAQ,FAQ,580.5,916.59,748.54,1256.2,True,agmarknet_mimic_v1,42,08efbdb5ab95
08 Jan 2025,2025-01-08,Maharashtra,Nagpur,Nagpur,Tomato,FAQ,FAQ,649.25,908.89,779.07,1060.73,True,agmarknet_mimic_v1,42,08efbdb5ab95
09 Jan 2025,2025-01-09,Maharashtra,Nagpur,Nagpur,Tomato,Local,FAQ,558.89,949.24,754.06,1123.98,True,agmarknet_mimic_v1,42,08efbdb5ab95
10 Jan 2025,2025-01-10,Maharashtra,Nagpur,Nagpur,Tomato,Hybrid,FAQ,633.47,1042.07,837.77,1300.1,True,agmarknet_mimic_v1,42,08efbdb5ab95
11 Jan 2025,2025-01-11,Maharashtra,Nagpur,Nagpur,Tomato,Hybrid,FAQ,666.75,984.57,825.66,1162.3,True,agmarknet_mimic_v1,42,08efbdb5ab95
13 Jan 2025,2025-01-13,Maharashtra,Nagpur,Nagpur,Tomato,Local,FAQ,621.23,1047.19,834.21,1045.67,True,agmarknet_mimic_v1,42,08efbdb5ab95
14 Jan 2025,2025-01-14,Maharashtra,Nagpur,Nagpur,Tomato,FAQ,FAQ,550.67,933.22,741.95,980.85,True,agmarknet_mimic_v1,42,08efbdb5ab95
15 Jan 2025,2025-01-15,Maharashtra,Nagpur,Nagpur,Tomato,Local,FAQ,616.45,848.99,732.72,1228.84,True,agmarknet_mimic_v1,42,08efbdb5ab95
16 Jan 2025,2025-01-16,Maharashtra,Nagpur,Nagpur,Tomato,Hybrid,FAQ,565.42,896.46,730.94,1133.24,True,agmarknet_mimic_v1,42,08efbdb5ab95
17 Jan 2025,2025-01-17,Maharashtra,Nagpur,Nagpur,Tomato,Hybrid,FAQ,590.76,1009.12,799.94,879.83,True,agmarknet_mimic_v1,42,08efbdb5ab95
18 Jan 2025,2025-01-18,Maharashtra,Nagpur,Nagpur,Tomato,FAQ,FAQ,574.78,962.65,768.72,1105.26,True,agmarknet_mimic_v1,42,08efbdb5ab95
20 Jan 2025,2025-01-20,Maharashtra,Nagpur,Nagpur,Tomato,FAQ,FAQ,664.13,992.66,828.4,1401.26,True,agmarknet_mimic_v1,42,08efbdb5ab95
21 Jan 2025,2025-01-21,Maharashtra,Nagpur,Nagpur,Tomato,Local,FAQ,591.75,1058.64,825.19,1124.04,True,agmarknet_mimic_v1,42,08efbdb5ab95
22 Jan 2025,2025-01-22,Maharashtra,Nagpur,Nagpur,Tomato,FAQ,FAQ,646.84,976.95,811.9,1456.1,True,agmarknet_mimic_v1,42,08efbdb5ab95
23 Jan 2025,2025-01-23,Maharashtra,Nagpur,Nagpur,Tomato,Hybrid,FAQ,587.63,978.14,782.88,1332.52,True,agmarknet_mimic_v1,42,08efbdb5ab95
24 Jan 2025,2025-01-24,Maharashtra,Nagpur,Nagpur,Tomato,FAQ,FAQ,671.03,1003.29,837.16,1138.14,True,agmarknet_mimic_v1,42,08efbdb5ab95
25 Jan 2025,2025-01-25,Maharashtra,Nagpur,Nagpur,Tomato,Hybrid,FAQ,642.68,1105.97,874.33,1013.62,True,agmarknet_mimic_v1,42,08efbdb5ab95
27 Jan 2025,2025-01-27,Maharashtra,Nagpur,Nagpur,Tomato,Local,FAQ,698.57,1028.64,863.6,1073.35,True,agmarknet_mimic_v1,42,08efbdb5ab95
28 Jan 2025,2025-01-28,Maharashtra,Nagpur,Nagpur,Tomato,FAQ,FAQ,681.75,1098.75,890.25,954.27,True,agmarknet_mimic_v1,42,08efbdb5ab95
29 Jan 2025,2025-01-29,Maharashtra,Nagpur,Nagpur,Tomato,Local,FAQ,710.49,1213.61,962.05,1307.31,True,agmarknet_mimic_v1,42,08efbdb5ab95
30 Jan 2025,2025-01-30,Maharashtra,Nagpur,Nagpur,Tomato,Local,FAQ,774.33,1160.92,967.62,725.75,True,agmarknet_mimic_v1,42,08efbdb5ab95
31 Jan 2025,2025-01-31,Maharashtra,Nagpur,Nagpur,Tomato,Hybrid,FAQ,749.81,1127.03,938.42,1203.42,True,agmarknet_mimic_v1,42,08efbdb5ab95
01 Feb 2025,2025-02-01,Maharashtra,Nagpur,Nagpur,Tomato,Hybrid,FAQ,723.79,1093.16,908.47,1138.71,True,agmarknet_mimic_v1,42,08efbdb5ab95
03 Feb 2025,2025-02-03,Maharashtra,Nagpur,Nagpur,Tomato,Local,FAQ,605.82,1005.15,805.49,1224.1,True,agmarknet_mimic_v1,42,08efbdb5ab95
04 Feb 2025,2025-02-04,Maharashtra,Nagpur,Nagpur,Tomato,Hybrid,FAQ,687.73,978.97,833.35,1107.57,True,agmarknet_mimic_v1,42,08efbdb5ab95
05 Feb 2025,2025-02-05,Maharashtra,Nagpur,Nagpur,Tomato,Local,FAQ,638.6,914.99,776.79,877.87,True,agmarknet_mimic_v1,42,08efbdb5ab95
06 Feb 2025,2025-02-06,Maharashtra,Nagpur,Nagpur,Tomato,FAQ,FAQ,653.66,902.3,777.98,1103.67,True,agmarknet_mimic_v1,42,08efbdb5ab95
07 Feb 2025,2025-02-07,Maharashtra,Nagpur,Nagpur,Tomato,Local,FAQ,627.54,880.28,753.91,1086.36,True,agmarknet_mimic_v1,42,08efbdb5ab95
08 Feb 2025,2025-02-08,Maharashtra,Nagpur,Nagpur,Tomato,FAQ,FAQ,581.45,968.49,774.97,1132.23,True,agmarknet_mimic_v1,42,08efbdb5ab95
10 Feb 2025,2025-02-10,Maharashtra,Nagpur,Nagpur,Tomato,Local,FAQ,649.58,964.61,807.09,835.97,True,agmarknet_mimic_v1,42,08efbdb5ab95
11 Feb 2025,2025-02-11,Maharashtra,Nagpur,Nagpur,Tomato,Hybrid,FAQ,586.86,1034.74,810.8,1120.31,True,agmarknet_mimic_v1,42,08efbdb5ab95
12 Feb 2025,2025-02-12,Maharashtra,Nagpur,Nagpur,Tomato,Hybrid,FAQ,623.02,1016.21,819.62,897.0,True,agmarknet_mimic_v1,42,08efbdb5ab95
13 Feb 2025,2025-02-13,Maharashtra,Nagpur,Nagpur,Tomato,FAQ,FAQ,633.17,889.95,761.56,816.77,True,agmarknet_mimic_v1,42,08efbdb5ab95
14 Feb 2025,2025-02-14,Maharashtra,Nagpur,Nagpur,Tomato,Hybrid,FAQ,606.61,981.67,794.14,991.77,True,agmarknet_mimic_v1,42,08efbdb5ab95
15 Feb 2025,2025-02-15,Maharashtra,Nagpur,Nagpur,Tomato,Local,FAQ,637.94,997.66,817.8,853.22,True,agmarknet_mimic_v1,42,08efbdb5ab95
17 Feb 2025,2025-02-17,Maharashtra,Nagpur,Nagpur,Tomato,FAQ,FAQ,568.71,923.95,746.33,1091.66,True,agmarknet_mimic_v1,42,08efbdb5ab95
18 Feb 2025,2025-02-18,Maharashtra,Nagpur,Nagpur,Tomato,FAQ,FAQ,674.12,919.86,796.99,987.07,True,agmarknet_mimic_v1,42,08efbdb5ab95
19 Feb 2025,2025-02-19,Maharashtra,Nagpur,Nagpur,Tomato,Local,FAQ,601.93,918.99,760.46,856.75,True,agmarknet_mimic_v1,42,08efbdb5ab95
20 Feb 2025,2025-02-20,Maharashtra,Nagpur,Nagpur,Tomato,Hybrid,FAQ,624.91,947.63,786.27,1378.47,True,agmarknet_mimic_v1,42,08efbdb5ab95
21 Feb 2025,2025-02-21,Maharashtra,Nagpur,Nagpur,Tomato,FAQ,FAQ,539.52,939.92,739.72,835.23,True,agmarknet_mimic_v1,42,08efbdb5ab95
22 Feb 2025,2025-02-22,Maharashtra,Nagpur,Nagpur,Tomato,FAQ,FAQ,576.88,920.62,748.75,947.47,True,agmarknet_mimic_v1,42,08efbdb5ab95
24 Feb 2025,2025-02-24,Maharashtra,Nagpur,Nagpur,Tomato,Hybrid,FAQ,551.32,981.69,766.51,823.95,True,agmarknet_mimic_v1,42,08efbdb5ab95
25 Feb 2025,2025-02-25,Maharashtra,Nagpur,Nagpur,Tomato,Hybrid,FAQ,562.05,985.77,773.91,1054.45,True,agmarknet_mimic_v1,42,08efbdb5ab95
26 Feb 2025,2025-02-26,Maharashtra,Nagpur,Nagpur,Tomato,Hybrid,FAQ,649.69,927.87,788.78,776.17,True,agmarknet_mimic_v1,42,08efbdb5ab95
27 Feb 2025,2025-02-27,Maharashtra,Nagpur,Nagpur,Tomato,Local,FAQ,586.25,974.56,780.41,1135.93,True,agmarknet_mimic_v1,42,08efbdb5ab95
28 Feb 2025,2025-02-28,Maharashtra,Nagpur,Nagpur,Tomato,Hybrid,FAQ,652.26,945.95,799.11,971.23,True,agmarknet_mimic_v1,42,08efbdb5ab95
01 Mar 2025,2025-03-01,Maharashtra,Nagpur,Nagpur,Tomato,FAQ,FAQ,599.1,1021.89,810.49,1036.14,True,agmarknet_mimic_v1,42,08efbdb5ab95
03 Mar 2025,2025-03-03,Maharashtra,Nagpur,Nagpur,Tomato,Local,FAQ,711.41,1014.15,862.78,760.6,True,agmarknet_mimic_v1,42,08efbdb5ab95
04 Mar 2025,2025-03-04,Maharashtra,Nagpur,Nagpur,Tomato,FAQ,FAQ,700.66,995.44,848.05,972.53,True,agmarknet_mimic_v1,42,08efbdb5ab95
05 Mar 2025,2025-03-05,Maharashtra,Nagpur,Nagpur,Tomato,FAQ,FAQ,592.93,969.83,781.38,1011.44,True,agmarknet_mimic_v1,42,08efbdb5ab95
06 Mar 2025,2025-03-06,Maharashtra,Nagpur,Nagpur,Tomato,FAQ,FAQ,670.41,974.16,822.29,1098.26,True,agmarknet_mimic_v1,42,08efbdb5ab95
07 Mar 2025,2025-03-07,Maharashtra,Nagpur,Nagpur,Tomato,FAQ,FAQ,631.32,1116.6,873.96,845.81,True,agmarknet_mimic_v1,42,08efbdb5ab95
08 Mar 2025,2025-03-08,Maharashtra,Nagpur,Nagpur,Tomato,Local,FAQ,749.78,1118.01,933.9,1034.75,True,agmarknet_mimic_v1,42,08efbdb5ab95
10 Mar 2025,2025-03-10,Maharashtra,Nagpur,Nagpur,Tomato,Local,FAQ,693.24,1043.01,868.13,678.72,True,agmarknet_mimic_v1,42,08efbdb5ab95
11 Mar 2025,2025-03-11,Maharashtra,Nagpur,Nagpur,Tomato,Hybrid,FAQ,712.86,1233.8,973.33,950.0,True,agmarknet_mimic_v1,42,08efbdb5ab95
12 Mar 2025,2025-03-12,Maharashtra,Nagpur,Nagpur,Tomato,Hybrid,FAQ,694.19,1229.98,962.08,974.08,True,agmarknet_mimic_v1,42,08efbdb5ab95
13 Mar 2025,2025-03-13,Maharashtra,Nagpur,Nagpur,Tomato,Local,FAQ,800.1,1113.46,956.78,787.25,True,agmarknet_mimic_v1,42,08efbdb5ab95
14 Mar 2025,2025-03-14,Maharashtra,Nagpur,Nagpur,Tomato,Hybrid,FAQ,783.54,1106.15,944.84,942.2,True,agmarknet_mimic_v1,42,08efbdb5ab95
15 Mar 2025,2025-03-15,Maharashtra,Nagpur,Nagpur,Tomato,Hybrid,FAQ,703.43,1248.97,976.2,1139.11,True,agmarknet_mimic_v1,42,08efbdb5ab95
17 Mar 2025,2025-03-17,Maharashtra,Nagpur,Nagpur,Tomato,Local,FAQ,727.46,1265.85,996.66,1078.14,True,agmarknet_mimic_v1,42,08efbdb5ab95
18 Mar 2025,2025-03-18,Maharashtra,Nagpur,Nagpur,Tomato,Local,FAQ,739.55,1175.19,957.37,1019.59,True,agmarknet_mimic_v1,42,08efbdb5ab95
19 Mar 2025,2025-03-19,Maharashtra,Nagpur,Nagpur,Tomato,FAQ,FAQ,761.22,1252.42,1006.82,1218.17,True,agmarknet_mimic_v1,42,08efbdb5ab95
20 Mar 2025,2025-03-20,Maharashtra,Nagpur,Nagpur,Tomato,Hybrid,FAQ,760.06,1302.39,1031.22,733.66,True,agmarknet_mimic_v1,42,08efbdb5ab95
21 Mar 2025,2025-03-21,Maharashtra,Nagpur,Nagpur,Tomato,FAQ,FAQ,812.56,1277.49,1045.02,793.74,True,agmarknet_mimic_v1,42,08efbdb5ab95
22 Mar 2025,2025-03-22,Maharashtra,Nagpur,Nagpur,Tomato,Hybrid,FAQ,863.99,1320.69,1092.34,755.98,True,agmarknet_mimic_v1,42,08efbdb5ab95
24 Mar 2025,2025-03-24,Maharashtra,Nagpur,Nagpur,Tomato,Hybrid,FAQ,752.66,1316.45,1034.55,804.09,True,agmarknet_mimic_v1,42,08efbdb5ab95
25 Mar 2025,2025-03-25,Maharashtra,Nagpur,Nagpur,Tomato,Local,FAQ,927.82,1388.54,1158.18,747.84,True,agmarknet_mimic_v1,42,08efbdb5ab95
26 Mar 2025,2025-03-26,Maharashtra,Nagpur,Nagpur,Tomato,Hybrid,FAQ,968.09,1439.97,1204.03,947.55,True,agmarknet_mimic_v1,42,08efbdb5ab95
27 Mar 2025,2025-03-27,Maharashtra,Nagpur,Nagpur,Tomato,Hybrid,FAQ,1020.03,1541.28,1280.65,867.85,True,agmarknet_mimic_v1,42,08efbdb5ab95
28 Mar 2025,2025-03-28,Maharashtra,Nagpur,Nagpur,Tomato,Local,FAQ,872.49,1550.62,1211.56,817.21,True,agmarknet_mimic_v1,42,08efbdb5ab95
29 Mar 2025,2025-03-29,Maharashtra,Nagpur,Nagpur,Tomato,FAQ,FAQ,1024.32,1453.96,1239.14,838.99,True,agmarknet_mimic_v1,42,08efbdb5ab95
31 Mar 2025,2025-03-31,Maharashtra,Nagpur,Nagpur,Tomato,Hybrid,FAQ,942.77,1644.18,1293.47,662.01,True,agmarknet_mimic_v1,42,08efbdb5ab95
01 Apr 2025,2025-04-01,Maharashtra,Nagpur,Nagpur,Tomato,Hybrid,FAQ,1055.04,1474.23,1264.63,710.1,True,agmarknet_mimic_v1,42,08efbdb5ab95
02 Apr 2025,2025-04-02,Maharashtra,Nagpur,Nagpur,Tomato,Hybrid,FAQ,982.07,1606.55,1294.31,573.03,True,agmarknet_mimic_v1,42,08efbdb5ab95
03 Apr 2025,2025-04-03,Maharashtra,Nagpur,Nagpur,Tomato,Local,FAQ,1146.24,1584.5,1365.37,805.33,True,agmarknet_mimic_v1,42,08efbdb5ab95
04 Apr 2025,2025-04-04,Maharashtra,Nagpur,Nagpur,Tomato,Local,FAQ,1095.14,1751.36,1423.25,944.06,True,agmarknet_mimic_v1,42,08efbdb5ab95
05 Apr 2025,2025-04-05,Maharashtra,Nagpur,Nagpur,Tomato,Hybrid,FAQ,1088.08,1931.06,1509.57,1113.15,True,agmarknet_mimic_v1,42,08efbdb5ab95
07 Apr 2025,2025-04-07,Maharashtra,Nagpur,Nagpur,Tomato,Local,FAQ,1148.48,1782.2,1465.34,811.39,True,agmarknet_mimic_v1,42,08efbdb5ab95
08 Apr 2025,2025-04-08,Maharashtra,Nagpur,Nagpur,Tomato,FAQ,FAQ,1132.61,1864.05,1498.33,796.5,True,agmarknet_mimic_v1,42,08efbdb5ab95
09 Apr 2025,2025-04-09,Maharashtra,Nagpur,Nagpur,Tomato,Hybrid,FAQ,1128.69,1841.48,1485.08,772.71,True,agmarknet_mimic_v1,42,08efbdb5ab95
10 Apr 2025,2025-04-10,Maharashtra,Nagpur,Nagpur,Tomato,Local,FAQ,1158.39,1916.79,1537.59,930.08,True,agmarknet_mimic_v1,42,08efbdb5ab95
11 Apr 2025,2025-04-11,Maharashtra,Nagpur,Nagpur,Tomato,Hybrid,FAQ,1249.82,1802.74,1526.28,778.79,True,agmarknet_mimic_v1,42,08efbdb5ab95
12 Apr 2025,2025-04-12,Maharashtra,Nagpur,Nagpur,Tomato,Local,FAQ,1201.99,1837.53,1519.76,790.71,True,agmarknet_mimic_v1,42,08efbdb5ab95
14 Apr 2025,2025-04-14,Maharashtra,Nagpur,Nagpur,Tomato,Hybrid,FAQ,1108.93,1836.17,1472.55,933.31,True,agmarknet_mimic_v1,42,08efbdb5ab95
15 Apr 2025,2025-04-15,Maharashtra,Nagpur,Nagpur,Tomato,FAQ,FAQ,1243.39,1723.59,1483.49,893.06,True,agmarknet_mimic_v1,42,08efbdb5ab95
16 Apr 2025,2025-04-16,Maharashtra,Nagpur,Nagpur,Tomato,FAQ,FAQ,1152.13,1915.05,1533.59,867.02,True,agmarknet_mimic_v1,42,08efbdb5ab95
17 Apr 2025,2025-04-17,Maharashtra,Nagpur,Nagpur,Tomato,FAQ,FAQ,1171.42,1950.77,1561.1,713.57,True,agmarknet_mimic_v1,42,08efbdb5ab95
18 Apr 2025,2025-04-18,Maharashtra,Nagpur,Nagpur,Tomato,Local,FAQ,1340.35,1859.92,1600.13,968.29,True,agmarknet_mimic_v1,42,08efbdb5ab95
19 Apr 2025,2025-04-19,Maharashtra,Nagpur,Nagpur,Tomato,Local,FAQ,1287.78,1924.36,1606.07,748.87,True,agmarknet_mimic_v1,42,08efbdb5ab95
21 Apr 2025,2025-04-21,Maharashtra,Nagpur,Nagpur,Tomato,Hybrid,FAQ,1316.23,1921.38,1618.81,642.97,True,agmarknet_mimic_v1,42,08efbdb5ab95
22 Apr 2025,2025-04-22,Maharashtra,Nagpur,Nagpur,Tomato,Hybrid,FAQ,1229.84,1871.67,1550.75,861.39,True,agmarknet_mimic_v1,42,08efbdb5ab95
23 Apr 2025,2025-04-23,Maharashtra,Nagpur,Nagpur,Tomato,Hybrid,FAQ,1277.57,1857.9,1567.74,569.89,True,agmarknet_mimic_v1,42,08efbdb5ab95
24 Apr 2025,2025-04-24,Maharashtra,Nagpur,Nagpur,Tomato,Hybrid,FAQ,1359.29,1878.09,1618.69,732.96,True,agmarknet_mimic_v1,42,08efbdb5ab95
25 Apr 2025,2025-04-25,Maharashtra,Nagpur,Nagpur,Tomato,Hybrid,FAQ,1190.98,2102.87,1646.93,655.69,True,agmarknet_mimic_v1,42,08efbdb5ab95
26 Apr 2025,2025-04-26,Maharashtra,Nagpur,Nagpur,Tomato,FAQ,FAQ,1337.53,1988.37,1662.95,610.68,True,agmarknet_mimic_v1,42,08efbdb5ab95
28 Apr 2025,2025-04-28,Maharashtra,Nagpur,Nagpur,Tomato,Local,FAQ,1210.48,2111.57,1661.02,795.36,True,agmarknet_mimic_v1,42,08efbdb5ab95
29 Apr 2025,2025-04-29,Maharashtra,Nagpur,Nagpur,Tomato,Local,FAQ,1209.06,2078.43,1643.75,677.87,True,agmarknet_mimic_v1,42,08efbdb5ab95
30 Apr 2025,2025-04-30,Maharashtra,Nagpur,Nagpur,Tomato,FAQ,FAQ,1336.75,1948.13,1642.44,654.36,True,agmarknet_mimic_v1,42,08efbdb5ab95
01 May 2025,2025-05-01,Maharashtra,Nagpur,Nagpur,Tomato,Local,FAQ,1350.8,1994.73,1672.77,803.57,True,agmarknet_mimic_v1,42,08efbdb5ab95
02 May 2025,2025-05-02,Maharashtra,Nagpur,Nagpur,Tomato,FAQ,FAQ,1347.87,2227.1,1787.49,540.62,True,agmarknet_mimic_v1,42,08efbdb5ab95
03 May 2025,2025-05-03,Maharashtra,Nagpur,Nagpur,Tomato,Local,FAQ,1439.64,2066.55,1753.09,743.73,True,agmarknet_mimic_v1,42,08efbdb5ab95
05 May 2025,2025-05-05,Maharashtra,Nagpur,Nagpur,Tomato,FAQ,FAQ,1428.21,2214.84,1821.53,788.21,True,agmarknet_mimic_v1,42,08efbdb5ab95
06 May 2025,2025-05-06,Maharashtra,Nagpur,Nagpur,Tomato,FAQ,FAQ,1325.38,2283.22,1804.3,851.74,True,agmarknet_mimic_v1,42,08efbdb5ab95
07 May 2025,2025-05-07,Maharashtra,Nagpur,Nagpur,Tomato,Hybrid,FAQ,1408.11,2027.71,1717.91,785.48,True,agmarknet_mimic_v1,42,08efbdb5ab95
08 May 2025,2025-05-08,Maharashtra,Nagpur,Nagpur,Tomato,FAQ,FAQ,1344.94,2103.05,1724.0,719.52,True,agmarknet_mimic_v1,42,08efbdb5ab95
09 May 2025,2025-05-09,Maharashtra,Nagpur,Nagpur,Tomato,FAQ,FAQ,1335.59,2242.92,1789.26,618.98,True,agmarknet_mimic_v1,42,08efbdb5ab95
10 May 2025,2025-05-10,Maharashtra,Nagpur,Nagpur,Tomato,Local,FAQ,1333.68,2184.69,1759.19,757.67,True,agmarknet_mimic_v1,42,08efbdb5ab95
12 May 2025,2025-05-12,Maharashtra,Nagpur,Nagpur,Tomato,Local,FAQ,1242.28,2229.39,1735.84,762.62,True,agmarknet_mimic_v1,42,08efbdb5ab95
13 May 2025,2025-05-13,Maharashtra,Nagpur,Nagpur,Tomato,Local,FAQ,1308.68,2270.5,1789.59,591.62,True,agmarknet_mimic_v1,42,08efbdb5ab95
14 May 2025,2025-05-14,Maharashtra,Nagpur,Nagpur,Tomato,Hybrid,FAQ,1503.47,2120.39,1811.93,798.04,True,agmarknet_mimic_v1,42,08efbdb5ab95
15 May 2025,2025-05-15,Maharashtra,Nagpur,Nagpur,Tomato,Hybrid,FAQ,1440.29,2245.61,1842.95,571.5,True,agmarknet_mimic_v1,42,08efbdb5ab95
16 May 2025,2025-05-16,Maharashtra,Nagpur,Nagpur,Tomato,Local,FAQ,1301.59,2160.21,1730.9,887.54,True,agmarknet_mimic_v1,42,08efbdb5ab95
17 May 2025,2025-05-17,Maharashtra,Nagpur,Nagpur,Tomato,Local,FAQ,1264.92,2261.49,1763.21,676.04,True,agmarknet_mimic_v1,42,08efbdb5ab95
19 May 2025,2025-05-19,Maharashtra,Nagpur,Nagpur,Tomato,FAQ,FAQ,1456.3,2294.3,1875.3,630.93,True,agmarknet_mimic_v1,42,08efbdb5ab95
20 May 2025,2025-05-20,Maharashtra,Nagpur,Nagpur,Tomato,Local,FAQ,1653.11,2256.79,1954.95,486.11,True,agmarknet_mimic_v1,42,08efbdb5ab95
21 May 2025,2025-05-21,Maharashtra,Nagpur,Nagpur,Tomato,FAQ,FAQ,1524.98,2301.63,1913.31,679.37,True,agmarknet_mimic_v1,42,08efbdb5ab95
22 May 2025,2025-05-22,Maharashtra,Nagpur,Nagpur,Tomato,Local,FAQ,1466.86,2330.06,1898.46,702.93,True,agmarknet_mimic_v1,42,08efbdb5ab95
23 May 2025,2025-05-23,Maharashtra,Nagpur,Nagpur,Tomato,FAQ,FAQ,1419.58,2506.94,1963.26,1057.25,True,agmarknet_mimic_v1,42,08efbdb5ab95
24 May 2025,2025-05-24,Maharashtra,Nagpur,Nagpur,Tomato,FAQ,FAQ,1446.55,2403.66,1925.1,664.87,True,agmarknet_mimic_v1,42,08efbdb5ab95
26 May 2025,2025-05-26,Maharashtra,Nagpur,Nagpur,Tomato,Hybrid,FAQ,1563.82,2143.67,1853.74,458.41,True,agmarknet_mimic_v1,42,08efbdb5ab95
27 May 2025,2025-05-27,Maharashtra,Nagpur,Nagpur,Tomato,Local,FAQ,1401.17,2218.97,1810.07,758.08,True,agmarknet_mimic_v1,42,08efbdb5ab95
28 May 2025,2025-05-28,Maharashtra,Nagpur,Nagpur,Tomato,Local,FAQ,1437.78,2465.83,1951.8,666.02,True,agmarknet_mimic_v1,42,08efbdb5ab95
29 May 2025,2025-05-29,Maharashtra,Nagpur,Nagpur,Tomato,Local,FAQ,1437.67,2406.43,1922.05,781.51,True,agmarknet_mimic_v1,42,08efbdb5ab95
30 May 2025,2025-05-30,Maharashtra,Nagpur,Nagpur,Tomato,Hybrid,FAQ,1497.88,2333.31,1915.59,731.13,True,agmarknet_mimic_v1,42,08efbdb5ab95
31 May 2025,2025-05-31,Maharashtra,Nagpur,Nagpur,Tomato,FAQ,FAQ,1572.76,2260.96,1916.86,775.85,True,agmarknet_mimic_v1,42,08efbdb5ab95
02 Jun 2025,2025-06-02,Maharashtra,Nagpur,Nagpur,Tomato,Local,FAQ,1517.82,2197.33,1857.58,606.23,True,agmarknet_mimic_v1,42,08efbdb5ab95
03 Jun 2025,2025-06-03,Maharashtra,Nagpur,Nagpur,Tomato,Local,FAQ,1393.44,2500.69,1947.07,739.54,True,agmarknet_mimic_v1,42,08efbdb5ab95
04 Jun 2025,2025-06-04,Maharashtra,Nagpur,Nagpur,Tomato,Hybrid,FAQ,1631.22,2293.28,1962.25,537.39,True,agmarknet_mimic_v1,42,08efbdb5ab95
05 Jun 2025,2025-06-05,Maharashtra,Nagpur,Nagpur,Tomato,FAQ,FAQ,1544.22,2459.7,2001.96,665.71,True,agmarknet_mimic_v1,42,08efbdb5ab95
06 Jun 2025,2025-06-06,Maharashtra,Nagpur,Nagpur,Tomato,Local,FAQ,1706.83,2337.67,2022.25,784.93,True,agmarknet_mimic_v1,42,08efbdb5ab95
07 Jun 2025,2025-06-07,Maharashtra,Nagpur,Nagpur,Tomato,Local,FAQ,1509.26,2580.02,2044.64,684.2,True,agmarknet_mimic_v1,42,08efbdb5ab95
09 Jun 2025,2025-06-09,Maharashtra,Nagpur,Nagpur,Tomato,FAQ,FAQ,1545.0,2509.42,2027.21,983.32,True,agmarknet_mimic_v1,42,08efbdb5ab95
10 Jun 2025,2025-06-10,Maharashtra,Nagpur,Nagpur,Tomato,Hybrid,FAQ,1559.95,2567.91,2063.93,790.53,True,agmarknet_mimic_v1,42,08efbdb5ab95
11 Jun 2025,2025-06-11,Maharashtra,Nagpur,Nagpur,Tomato,Local,FAQ,1628.6,2595.78,2112.19,692.93,True,agmarknet_mimic_v1,42,08efbdb5ab95
12 Jun 2025,2025-06-12,Maharashtra,Nagpur,Nagpur,Tomato,Local,FAQ,1730.55,2630.37,2180.46,652.44,True,agmarknet_mimic_v1,42,08efbdb5ab95
13 Jun 2025,2025-06-13,Maharashtra,Nagpur,Nagpur,Tomato,Local,FAQ,1608.35,2837.19,2222.77,579.13,True,agmarknet_mimic_v1,42,08efbdb5ab95
14 Jun 2025,2025-06-14,Maharashtra,Nagpur,Nagpur,Tomato,Local,FAQ,1744.21,2518.85,2131.53,548.86,True,agmarknet_mimic_v1,42,08efbdb5ab95
16 Jun 2025,2025-06-16,Maharashtra,Nagpur,Nagpur,Tomato,FAQ,FAQ,1714.56,2514.96,2114.76,667.47,True,agmarknet_mimic_v1,42,08efbdb5ab95
17 Jun 2025,2025-06-17,Maharashtra,Nagpur,Nagpur,Tomato,Hybrid,FAQ,1648.82,2592.03,2120.43,608.33,True,agmarknet_mimic_v1,42,08efbdb5ab95
18 Jun 2025,2025-06-18,Maharashtra,Nagpur,Nagpur,Tomato,FAQ,FAQ,1639.18,2543.65,2091.42,408.7,True,agmarknet_mimic_v1,42,08efbdb5ab95
19 Jun 2025,2025-06-19,Maharashtra,Nagpur,Nagpur,Tomato,Hybrid,FAQ,1713.71,2449.01,2081.36,486.01,True,agmarknet_mimic_v1,42,08efbdb5ab95
20 Jun 2025,2025-06-20,Maharashtra,Nagpur,Nagpur,Tomato,Local,FAQ,1680.32,2462.77,2071.55,788.25,True,agmarknet_mimic_v1,42,08efbdb5ab95
21 Jun 2025,2025-06-21,Maharashtra,Nagpur,Nagpur,Tomato,Local,FAQ,1507.04,2552.8,2029.92,765.53,True,agmarknet_mimic_v1,42,08efbdb5ab95
23 Jun 2025,2025-06-23,Maharashtra,Nagpur,Nagpur,Tomato,Local,FAQ,1685.38,2301.42,1993.4,656.92,True,agmarknet_mimic_v1,42,08efbdb5ab95
24 Jun 2025,2025-06-24,Maharashtra,Nagpur,Nagpur,Tomato,Hybrid,FAQ,1736.53,2568.74,2152.63,711.44,True,agmarknet_mimic_v1,42,08efbdb5ab95
25 Jun 2025,2025-06-25,Maharashtra,Nagpur,Nagpur,Tomato,Hybrid,FAQ,1539.2,2707.87,2123.53,761.45,True,agmarknet_mimic_v1,42,08efbdb5ab95
26 Jun 2025,2025-06-26,Maharashtra,Nagpur,Nagpur,Tomato,Hybrid,FAQ,1526.09,2740.27,2133.18,519.15,True,agmarknet_mimic_v1,42,08efbdb5ab95
27 Jun 2025,2025-06-27,Maharashtra,Nagpur,Nagpur,Tomato,FAQ,FAQ,1847.0,2544.04,2195.52,366.4,True,agmarknet_mimic_v1,42,08efbdb5ab95
28 Jun 2025,2025-06-28,Maharashtra,Nagpur,Nagpur,Tomato,Hybrid,FAQ,1749.48,2571.73,2160.6,852.53,True,agmarknet_mimic_v1,42,08efbdb5ab95
30 Jun 2025,2025-06-30,Maharashtra,Nagpur,Nagpur,Tomato,Hybrid,FAQ,1604.2,2721.47,2162.84,507.51,True,agmarknet_mimic_v1,42,08efbdb5ab95
01 Jul 2025,2025-07-01,Maharashtra,Nagpur,Nagpur,Tomato,Local,FAQ,1680.06,2647.63,2163.85,691.24,True,agmarknet_mimic_v1,42,08efbdb5ab95
02 Jul 2025,2025-07-02,Maharashtra,Nagpur,Nagpur,Tomato,FAQ,FAQ,1640.91,2658.18,2149.54,433.83,True,agmarknet_mimic_v1,42,08efbdb5ab95
03 Jul 2025,2025-07-03,Maharashtra,Nagpur,Nagpur,Tomato,Local,FAQ,1632.86,2704.44,2168.65,654.94,True,agmarknet_mimic_v1,42,08efbdb5ab95
04 Jul 2025,2025-07-04,Maharashtra,Nagpur,Nagpur,Tomato,Hybrid,FAQ,1695.28,2567.82,2131.55,614.49,True,agmarknet_mimic_v1,42,08efbdb5ab95
05 Jul 2025,2025-07-05,Maharashtra,Nagpur,Nagpur,Tomato,Local,FAQ,1749.17,2543.95,2146.56,457.35,True,agmarknet_mimic_v1,42,08efbdb5ab95
07 Jul 2025,2025-07-07,Maharashtra,Nagpur,Nagpur,Tomato,FAQ,FAQ,1597.8,2745.32,2171.56,662.89,True,agmarknet_mimic_v1,42,08efbdb5ab95
08 Jul 2025,2025-07-08,Maharashtra,Nagpur,Nagpur,Tomato,Hybrid,FAQ,1759.19,2701.56,2230.38,555.54,True,agmarknet_mimic_v1,42,08efbdb5ab95
09 Jul 2025,2025-07-09,Maharashtra,Nagpur,Nagpur,Tomato,Local,FAQ,1608.53,2875.72,2242.13,716.81,True,agmarknet_mimic_v1,42,08efbdb5ab95
10 Jul 2025,2025-07-10,Maharashtra,Nagpur,Nagpur,Tomato,FAQ,FAQ,1801.71,2638.79,2220.25,638.95,True,agmarknet_mimic_v1,42,08efbdb5ab95
11 Jul 2025,2025-07-11,Maharashtra,Nagpur,Nagpur,Tomato,Hybrid,FAQ,1858.74,2583.55,2221.14,371.55,True,agmarknet_mimic_v1,42,08efbdb5ab95
12 Jul 2025,2025-07-12,Maharashtra,Nagpur,Nagpur,Tomato,Local,FAQ,1746.65,2694.38,2220.51,733.86,True,agmarknet_mimic_v1,42,08efbdb5ab95
14 Jul 2025,2025-07-14,Maharashtra,Nagpur,Nagpur,Tomato,Hybrid,FAQ,1591.14,2785.28,2188.21,875.28,True,agmarknet_mimic_v1,42,08efbdb5ab95
15 Jul 2025,2025-07-15,Maharashtra,Nagpur,Nagpur,Tomato,Local,FAQ,1687.09,2759.55,2223.32,633.8,True,agmarknet_mimic_v1,42,08efbdb5ab95
16 Jul 2025,2025-07-16,Maharashtra,Nagpur,Nagpur,Tomato,FAQ,FAQ,1949.99,2697.8,2323.89,563.78,True,agmarknet_mimic_v1,42,08efbdb5ab95
17 Jul 2025,2025-07-17,Maharashtra,Nagpur,Nagpur,Tomato,Local,FAQ,1747.63,2936.45,2342.04,482.46,True,agmarknet_mimic_v1,42,08efbdb5ab95
18 Jul 2025,2025-07-18,Maharashtra,Nagpur,Nagpur,Tomato,Hybrid,FAQ,1983.62,2718.47,2351.04,717.85,True,agmarknet_mimic_v1,42,08efbdb5ab95
19 Jul 2025,2025-07-19,Maharashtra,Nagpur,Nagpur,Tomato,Local,FAQ,1902.92,2712.96,2307.94,594.68,True,agmarknet_mimic_v1,42,08efbdb5ab95
21 Jul 2025,2025-07-21,Maharashtra,Nagpur,Nagpur,Tomato,Local,FAQ,1875.66,2680.51,2278.08,790.78,True,agmarknet_mimic_v1,42,08efbdb5ab95
22 Jul 2025,2025-07-22,Maharashtra,Nagpur,Nagpur,Tomato,Local,FAQ,1685.56,2994.39,2339.98,566.78,True,agmarknet_mimic_v1,42,08efbdb5ab95
23 Jul 2025,2025-07-23,Maharashtra,Nagpur,Nagpur,Tomato,Hybrid,FAQ,1708.97,2658.51,2183.74,614.79,True,agmarknet_mimic_v1,42,08efbdb5ab95
24 Jul 2025,2025-07-24,Maharashtra,Nagpur,Nagpur,Tomato,Local,FAQ,1641.46,2678.9,2160.18,811.92,True,agmarknet_mimic_v1,42,08efbdb5ab95
25 Jul 2025,2025-07-25,Maharashtra,Nagpur,Nagpur,Tomato,FAQ,FAQ,1640.91,2710.6,2175.75,716.02,True,agmarknet_mimic_v1,42,08efbdb5ab95
26 Jul 2025,2025-07-26,Maharashtra,Nagpur,Nagpur,Tomato,Local,FAQ,1784.3,2539.89,2162.1,755.66,True,agmarknet_mimic_v1,42,08efbdb5ab95
28 Jul 2025,2025-07-28,Maharashtra,Nagpur,Nagpur,Tomato,Local,FAQ,1648.75,2785.58,2217.17,679.32,True,agmarknet_mimic_v1,42,08efbdb5ab95
29 Jul 2025,2025-07-29,Maharashtra,Nagpur,Nagpur,Tomato,FAQ,FAQ,1721.75,2673.23,2197.49,562.14,True,agmarknet_mimic_v1,42,08efbdb5ab95
30 Jul 2025,2025-07-30,Maharashtra,Nagpur,Nagpur,Tomato,Hybrid,FAQ,1779.75,2593.61,2186.68,810.6,True,agmarknet_mimic_v1,42,08efbdb5ab95
31 Jul 2025,2025-07-31,Maharashtra,Nagpur,Nagpur,Tomato,Local,FAQ,1668.09,2650.26,2159.17,755.55,True,agmarknet_mimic_v1,42,08efbdb5ab95
01 Aug 2025,2025-08-01,Maharashtra,Nagpur,Nagpur,Tomato,Hybrid,FAQ,1748.1,2527.52,2137.81,491.43,True,agmarknet_mimic_v1,42,08efbdb5ab95
02 Aug 2025,2025-08-02,Maharashtra,Nagpur,Nagpur,Tomato,Hybrid,FAQ,1548.04,2724.76,2136.4,630.46,True,agmarknet_mimic_v1,42,08efbdb5ab95
04 Aug 2025,2025-08-04,Maharashtra,Nagpur,Nagpur,Tomato,Local,FAQ,1625.35,2768.77,2197.06,562.15,True,agmarknet_mimic_v1,42,08efbdb5ab95
05 Aug 2025,2025-08-05,Maharashtra,Nagpur,Nagpur,Tomato,Local,FAQ,1624.86,2771.7,2198.28,712.19,True,agmarknet_mimic_v1,42,08efbdb5ab95
06 Aug 2025,2025-08-06,Maharashtra,Nagpur,Nagpur,Tomato,FAQ,FAQ,1730.8,2655.65,2193.23,764.63,True,agmarknet_mimic_v1,42,08efbdb5ab95
07 Aug 2025,2025-08-07,Maharashtra,Nagpur,Nagpur,Tomato,FAQ,FAQ,1620.87,2865.01,2242.94,822.33,True,agmarknet_mimic_v1,42,08efbdb5ab95
08 Aug 2025,2025-08-08,Maharashtra,Nagpur,Nagpur,Tomato,Local,FAQ,1750.36,2680.24,2215.3,646.35,True,agmarknet_mimic_v1,42,08efbdb5ab95
09 Aug 2025,2025-08-09,Maharashtra,Nagpur,Nagpur,Tomato,FAQ,FAQ,1662.0,2806.51,2234.25,768.15,True,agmarknet_mimic_v1,42,08efbdb5ab95
11 Aug 2025,2025-08-11,Maharashtra,Nagpur,Nagpur,Tomato,FAQ,FAQ,1860.79,2598.68,2229.74,584.69,True,agmarknet_mimic_v1,42,08efbdb5ab95
12 Aug 2025,2025-08-12,Maharashtra,Nagpur,Nagpur,Tomato,Local,FAQ,1735.92,2692.18,2214.05,772.38,True,agmarknet_mimic_v1,42,08efbdb5ab95
13 Aug 2025,2025-08-13,Maharashtra,Nagpur,Nagpur,Tomato,Local,FAQ,1669.05,2690.79,2179.92,503.47,True,agmarknet_mimic_v1,42,08efbdb5ab95
14 Aug 2025,2025-08-14,Maharashtra,Nagpur,Nagpur,Tomato,Hybrid,FAQ,1791.11,2485.4,2138.26,614.55,True,agmarknet_mimic_v1,42,08efbdb5ab95
15 Aug 2024,2024-08-15,Maharashtra,Ahilyanagar,Sangamner,Tomato,FAQ,FAQ,1187.65,2021.76,1604.71,455.91,True,agmarknet_mimic_v1,42,08efbdb5ab95
16 Aug 2024,2024-08-16,Maharashtra,Ahilyanagar,Sangamner,Tomato,Hybrid,FAQ,1373.38,1909.67,1641.53,649.7,True,agmarknet_mimic_v1,42,08efbdb5ab95
17 Aug 2024,2024-08-17,Maharashtra,Ahilyanagar,Sangamner,Tomato,FAQ,FAQ,1184.01,1991.82,1587.92,801.19,True,agmarknet_mimic_v1,42,08efbdb5ab95
19 Aug 2024,2024-08-19,Maharashtra,Ahilyanagar,Sangamner,Tomato,Hybrid,FAQ,1125.43,1989.09,1557.26,578.02,True,agmarknet_mimic_v1,42,08efbdb5ab95
20 Aug 2024,2024-08-20,Maharashtra,Ahilyanagar,Sangamner,Tomato,Hybrid,FAQ,1334.36,1924.09,1629.22,883.78,True,agmarknet_mimic_v1,42,08efbdb5ab95
21 Aug 2024,2024-08-21,Maharashtra,Ahilyanagar,Sangamner,Tomato,FAQ,FAQ,1290.46,2066.2,1678.33,681.41,True,agmarknet_mimic_v1,42,08efbdb5ab95
22 Aug 2024,2024-08-22,Maharashtra,Ahilyanagar,Sangamner,Tomato,Hybrid,FAQ,1321.09,2171.16,1746.13,520.33,True,agmarknet_mimic_v1,42,08efbdb5ab95
23 Aug 2024,2024-08-23,Maharashtra,Ahilyanagar,Sangamner,Tomato,FAQ,FAQ,1490.76,2293.73,1892.25,719.23,True,agmarknet_mimic_v1,42,08efbdb5ab95
24 Aug 2024,2024-08-24,Maharashtra,Ahilyanagar,Sangamner,Tomato,FAQ,FAQ,1455.31,2274.14,1864.72,524.9,True,agmarknet_mimic_v1,42,08efbdb5ab95
26 Aug 2024,2024-08-26,Maharashtra,Ahilyanagar,Sangamner,Tomato,Hybrid,FAQ,1362.65,2354.73,1858.69,918.74,True,agmarknet_mimic_v1,42,08efbdb5ab95
27 Aug 2024,2024-08-27,Maharashtra,Ahilyanagar,Sangamner,Tomato,Hybrid,FAQ,1498.36,2216.63,1857.5,495.8,True,agmarknet_mimic_v1,42,08efbdb5ab95
28 Aug 2024,2024-08-28,Maharashtra,Ahilyanagar,Sangamner,Tomato,Local,FAQ,1577.02,2193.61,1885.31,803.61,True,agmarknet_mimic_v1,42,08efbdb5ab95
29 Aug 2024,2024-08-29,Maharashtra,Ahilyanagar,Sangamner,Tomato,FAQ,FAQ,1463.04,2318.92,1890.98,611.96,True,agmarknet_mimic_v1,42,08efbdb5ab95
30 Aug 2024,2024-08-30,Maharashtra,Ahilyanagar,Sangamner,Tomato,FAQ,FAQ,1395.08,2364.07,1879.57,743.22,True,agmarknet_mimic_v1,42,08efbdb5ab95
31 Aug 2024,2024-08-31,Maharashtra,Ahilyanagar,Sangamner,Tomato,Local,FAQ,1524.05,2269.01,1896.53,511.15,True,agmarknet_mimic_v1,42,08efbdb5ab95
02 Sep 2024,2024-09-02,Maharashtra,Ahilyanagar,Sangamner,Tomato,FAQ,FAQ,1543.11,2241.55,1892.33,654.48,True,agmarknet_mimic_v1,42,08efbdb5ab95
03 Sep 2024,2024-09-03,Maharashtra,Ahilyanagar,Sangamner,Tomato,Local,FAQ,1389.49,2374.97,1882.23,722.32,True,agmarknet_mimic_v1,42,08efbdb5ab95
04 Sep 2024,2024-09-04,Maharashtra,Ahilyanagar,Sangamner,Tomato,Local,FAQ,1436.28,2374.09,1905.18,723.21,True,agmarknet_mimic_v1,42,08efbdb5ab95
05 Sep 2024,2024-09-05,Maharashtra,Ahilyanagar,Sangamner,Tomato,Local,FAQ,1522.77,2367.3,1945.03,693.28,True,agmarknet_mimic_v1,42,08efbdb5ab95
06 Sep 2024,2024-09-06,Maharashtra,Ahilyanagar,Sangamner,Tomato,FAQ,FAQ,1381.71,2336.0,1858.86,430.64,True,agmarknet_mimic_v1,42,08efbdb5ab95
07 Sep 2024,2024-09-07,Maharashtra,Ahilyanagar,Sangamner,Tomato,Hybrid,FAQ,1576.86,2330.77,1953.81,636.97,True,agmarknet_mimic_v1,42,08efbdb5ab95
09 Sep 2024,2024-09-09,Maharashtra,Ahilyanagar,Sangamner,Tomato,Hybrid,FAQ,1637.87,2356.27,1997.07,595.33,True,agmarknet_mimic_v1,42,08efbdb5ab95
10 Sep 2024,2024-09-10,Maharashtra,Ahilyanagar,Sangamner,Tomato,Hybrid,FAQ,1451.74,2439.95,1945.84,794.2,True,agmarknet_mimic_v1,42,08efbdb5ab95
11 Sep 2024,2024-09-11,Maharashtra,Ahilyanagar,Sangamner,Tomato,Local,FAQ,1485.08,2491.13,1988.11,844.4,True,agmarknet_mimic_v1,42,08efbdb5ab95
12 Sep 2024,2024-09-12,Maharashtra,Ahilyanagar,Sangamner,Tomato,Local,FAQ,1513.35,2366.26,1939.81,643.67,True,agmarknet_mimic_v1,42,08efbdb5ab95
13 Sep 2024,2024-09-13,Maharashtra,Ahilyanagar,Sangamner,Tomato,FAQ,FAQ,1430.71,2364.88,1897.79,671.19,True,agmarknet_mimic_v1,42,08efbdb5ab95
14 Sep 2024,2024-09-14,Maharashtra,Ahilyanagar,Sangamner,Tomato,Hybrid,FAQ,1403.54,2437.95,1920.74,521.84,True,agmarknet_mimic_v1,42,08efbdb5ab95
16 Sep 2024,2024-09-16,Maharashtra,Ahilyanagar,Sangamner,Tomato,FAQ,FAQ,1525.69,2212.07,1868.88,709.12,True,agmarknet_mimic_v1,42,08efbdb5ab95
17 Sep 2024,2024-09-17,Maharashtra,Ahilyanagar,Sangamner,Tomato,Local,FAQ,1430.84,2219.32,1825.08,850.96,True,agmarknet_mimic_v1,42,08efbdb5ab95
18 Sep 2024,2024-09-18,Maharashtra,Ahilyanagar,Sangamner,Tomato,FAQ,FAQ,1326.72,2234.39,1780.55,710.72,True,agmarknet_mimic_v1,42,08efbdb5ab95
19 Sep 2024,2024-09-19,Maharashtra,Ahilyanagar,Sangamner,Tomato,Hybrid,FAQ,1339.5,2196.64,1768.07,852.28,True,agmarknet_mimic_v1,42,08efbdb5ab95
20 Sep 2024,2024-09-20,Maharashtra,Ahilyanagar,Sangamner,Tomato,Local,FAQ,1406.08,2230.22,1818.15,798.96,True,agmarknet_mimic_v1,42,08efbdb5ab95
21 Sep 2024,2024-09-21,Maharashtra,Ahilyanagar,Sangamner,Tomato,Local,FAQ,1314.57,2255.75,1785.16,802.42,True,agmarknet_mimic_v1,42,08efbdb5ab95
23 Sep 2024,2024-09-23,Maharashtra,Ahilyanagar,Sangamner,Tomato,Local,FAQ,1371.49,2214.75,1793.12,786.82,True,agmarknet_mimic_v1,42,08efbdb5ab95
24 Sep 2024,2024-09-24,Maharashtra,Ahilyanagar,Sangamner,Tomato,Local,FAQ,1324.69,2232.41,1778.55,790.06,True,agmarknet_mimic_v1,42,08efbdb5ab95
25 Sep 2024,2024-09-25,Maharashtra,Ahilyanagar,Sangamner,Tomato,Local,FAQ,1477.15,2174.09,1825.62,702.02,True,agmarknet_mimic_v1,42,08efbdb5ab95
26 Sep 2024,2024-09-26,Maharashtra,Ahilyanagar,Sangamner,Tomato,Hybrid,FAQ,1283.31,2302.53,1792.92,959.78,True,agmarknet_mimic_v1,42,08efbdb5ab95
27 Sep 2024,2024-09-27,Maharashtra,Ahilyanagar,Sangamner,Tomato,FAQ,FAQ,1357.54,2294.53,1826.03,799.8,True,agmarknet_mimic_v1,42,08efbdb5ab95
28 Sep 2024,2024-09-28,Maharashtra,Ahilyanagar,Sangamner,Tomato,FAQ,FAQ,1514.81,2086.12,1800.46,650.08,True,agmarknet_mimic_v1,42,08efbdb5ab95
30 Sep 2024,2024-09-30,Maharashtra,Ahilyanagar,Sangamner,Tomato,FAQ,FAQ,1401.85,2170.55,1786.2,938.53,True,agmarknet_mimic_v1,42,08efbdb5ab95
01 Oct 2024,2024-10-01,Maharashtra,Ahilyanagar,Sangamner,Tomato,Local,FAQ,1311.13,2181.6,1746.37,780.83,True,agmarknet_mimic_v1,42,08efbdb5ab95
02 Oct 2024,2024-10-02,Maharashtra,Ahilyanagar,Sangamner,Tomato,FAQ,FAQ,1449.51,1992.08,1720.8,718.68,True,agmarknet_mimic_v1,42,08efbdb5ab95
03 Oct 2024,2024-10-03,Maharashtra,Ahilyanagar,Sangamner,Tomato,Hybrid,FAQ,1314.44,2065.36,1689.9,1035.12,True,agmarknet_mimic_v1,42,08efbdb5ab95
04 Oct 2024,2024-10-04,Maharashtra,Ahilyanagar,Sangamner,Tomato,FAQ,FAQ,1403.77,1999.51,1701.64,708.08,True,agmarknet_mimic_v1,42,08efbdb5ab95
05 Oct 2024,2024-10-05,Maharashtra,Ahilyanagar,Sangamner,Tomato,FAQ,FAQ,1264.36,2080.06,1672.21,875.17,True,agmarknet_mimic_v1,42,08efbdb5ab95
07 Oct 2024,2024-10-07,Maharashtra,Ahilyanagar,Sangamner,Tomato,Local,FAQ,1257.37,2163.27,1710.32,892.85,True,agmarknet_mimic_v1,42,08efbdb5ab95
08 Oct 2024,2024-10-08,Maharashtra,Ahilyanagar,Sangamner,Tomato,FAQ,FAQ,1208.49,2115.47,1661.98,858.19,True,agmarknet_mimic_v1,42,08efbdb5ab95
09 Oct 2024,2024-10-09,Maharashtra,Ahilyanagar,Sangamner,Tomato,FAQ,FAQ,1155.92,1979.53,1567.72,810.11,True,agmarknet_mimic_v1,42,08efbdb5ab95
10 Oct 2024,2024-10-10,Maharashtra,Ahilyanagar,Sangamner,Tomato,Local,FAQ,1280.42,1869.0,1574.71,930.74,True,agmarknet_mimic_v1,42,08efbdb5ab95
11 Oct 2024,2024-10-11,Maharashtra,Ahilyanagar,Sangamner,Tomato,FAQ,FAQ,1372.48,1889.14,1630.81,680.79,True,agmarknet_mimic_v1,42,08efbdb5ab95
12 Oct 2024,2024-10-12,Maharashtra,Ahilyanagar,Sangamner,Tomato,Hybrid,FAQ,1256.78,2013.09,1634.94,746.61,True,agmarknet_mimic_v1,42,08efbdb5ab95
14 Oct 2024,2024-10-14,Maharashtra,Ahilyanagar,Sangamner,Tomato,Local,FAQ,1266.96,1968.81,1617.89,954.11,True,agmarknet_mimic_v1,42,08efbdb5ab95
15 Oct 2024,2024-10-15,Maharashtra,Ahilyanagar,Sangamner,Tomato,Local,FAQ,1236.92,1915.98,1576.45,568.41,True,agmarknet_mimic_v1,42,08efbdb5ab95
16 Oct 2024,2024-10-16,Maharashtra,Ahilyanagar,Sangamner,Tomato,Hybrid,FAQ,1219.06,2037.78,1628.42,807.96,True,agmarknet_mimic_v1,42,08efbdb5ab95
17 Oct 2024,2024-10-17,Maharashtra,Ahilyanagar,Sangamner,Tomato,Hybrid,FAQ,1302.4,1863.2,1582.8,860.21,True,agmarknet_mimic_v1,42,08efbdb5ab95
18 Oct 2024,2024-10-18,Maharashtra,Ahilyanagar,Sangamner,Tomato,FAQ,FAQ,1116.97,1993.85,1555.41,808.88,True,agmarknet_mimic_v1,42,08efbdb5ab95
19 Oct 2024,2024-10-19,Maharashtra,Ahilyanagar,Sangamner,Tomato,Hybrid,FAQ,1221.37,1751.01,1486.19,926.2,True,agmarknet_mimic_v1,42,08efbdb5ab95
21 Oct 2024,2024-10-21,Maharashtra,Ahilyanagar,Sangamner,Tomato,FAQ,FAQ,1172.07,1643.5,1407.78,911.89,True,agmarknet_mimic_v1,42,08efbdb5ab95
22 Oct 2024,2024-10-22,Maharashtra,Ahilyanagar,Sangamner,Tomato,Local,FAQ,1087.28,1741.06,1414.17,811.33,True,agmarknet_mimic_v1,42,08efbdb5ab95
23 Oct 2024,2024-10-23,Maharashtra,Ahilyanagar,Sangamner,Tomato,Hybrid,FAQ,1047.45,1852.1,1449.78,876.9,True,agmarknet_mimic_v1,42,08efbdb5ab95
24 Oct 2024,2024-10-24,Maharashtra,Ahilyanagar,Sangamner,Tomato,Local,FAQ,1095.31,1621.93,1358.62,979.72,True,agmarknet_mimic_v1,42,08efbdb5ab95
25 Oct 2024,2024-10-25,Maharashtra,Ahilyanagar,Sangamner,Tomato,Hybrid,FAQ,1041.43,1744.06,1392.75,795.59,True,agmarknet_mimic_v1,42,08efbdb5ab95
26 Oct 2024,2024-10-26,Maharashtra,Ahilyanagar,Sangamner,Tomato,FAQ,FAQ,1097.18,1648.75,1372.96,726.6,True,agmarknet_mimic_v1,42,08efbdb5ab95
28 Oct 2024,2024-10-28,Maharashtra,Ahilyanagar,Sangamner,Tomato,Hybrid,FAQ,1114.99,1710.51,1412.75,830.5,True,agmarknet_mimic_v1,42,08efbdb5ab95
29 Oct 2024,2024-10-29,Maharashtra,Ahilyanagar,Sangamner,Tomato,FAQ,FAQ,1057.86,1745.01,1401.43,824.99,True,agmarknet_mimic_v1,42,08efbdb5ab95
30 Oct 2024,2024-10-30,Maharashtra,Ahilyanagar,Sangamner,Tomato,Local,FAQ,1050.34,1766.99,1408.67,897.48,True,agmarknet_mimic_v1,42,08efbdb5ab95
31 Oct 2024,2024-10-31,Maharashtra,Ahilyanagar,Sangamner,Tomato,Hybrid,FAQ,1070.33,1762.53,1416.43,821.49,True,agmarknet_mimic_v1,42,08efbdb5ab95
01 Nov 2024,2024-11-01,Maharashtra,Ahilyanagar,Sangamner,Tomato,Hybrid,FAQ,1096.42,1819.27,1457.84,791.49,True,agmarknet_mimic_v1,42,08efbdb5ab95
02 Nov 2024,2024-11-02,Maharashtra,Ahilyanagar,Sangamner,Tomato,Hybrid,FAQ,1025.0,1731.71,1378.35,904.35,True,agmarknet_mimic_v1,42,08efbdb5ab95
04 Nov 2024,2024-11-04,Maharashtra,Ahilyanagar,Sangamner,Tomato,Hybrid,FAQ,1128.24,1631.33,1379.78,975.15,True,agmarknet_mimic_v1,42,08efbdb5ab95
05 Nov 2024,2024-11-05,Maharashtra,Ahilyanagar,Sangamner,Tomato,Local,FAQ,1109.09,1535.45,1322.27,946.46,True,agmarknet_mimic_v1,42,08efbdb5ab95
06 Nov 2024,2024-11-06,Maharashtra,Ahilyanagar,Sangamner,Tomato,Local,FAQ,1047.48,1602.72,1325.1,1046.03,True,agmarknet_mimic_v1,42,08efbdb5ab95
07 Nov 2024,2024-11-07,Maharashtra,Ahilyanagar,Sangamner,Tomato,Hybrid,FAQ,908.95,1589.09,1249.02,875.95,True,agmarknet_mimic_v1,42,08efbdb5ab95
08 Nov 2024,2024-11-08,Maharashtra,Ahilyanagar,Sangamner,Tomato,Local,FAQ,967.76,1589.31,1278.54,1091.96,True,agmarknet_mimic_v1,42,08efbdb5ab95
09 Nov 2024,2024-11-09,Maharashtra,Ahilyanagar,Sangamner,Tomato,Hybrid,FAQ,955.3,1608.0,1281.65,898.4,True,agmarknet_mimic_v1,42,08efbdb5ab95
11 Nov 2024,2024-11-11,Maharashtra,Ahilyanagar,Sangamner,Tomato,Hybrid,FAQ,1075.38,1577.66,1326.52,998.72,True,agmarknet_mimic_v1,42,08efbdb5ab95
12 Nov 2024,2024-11-12,Maharashtra,Ahilyanagar,Sangamner,Tomato,Local,FAQ,1004.91,1659.72,1332.31,831.87,True,agmarknet_mimic_v1,42,08efbdb5ab95
13 Nov 2024,2024-11-13,Maharashtra,Ahilyanagar,Sangamner,Tomato,Local,FAQ,972.02,1662.13,1317.08,932.19,True,agmarknet_mimic_v1,42,08efbdb5ab95
14 Nov 2024,2024-11-14,Maharashtra,Ahilyanagar,Sangamner,Tomato,FAQ,FAQ,1035.08,1647.69,1341.38,776.11,True,agmarknet_mimic_v1,42,08efbdb5ab95
15 Nov 2024,2024-11-15,Maharashtra,Ahilyanagar,Sangamner,Tomato,Local,FAQ,1007.37,1703.86,1355.62,813.73,True,agmarknet_mimic_v1,42,08efbdb5ab95
16 Nov 2024,2024-11-16,Maharashtra,Ahilyanagar,Sangamner,Tomato,Hybrid,FAQ,998.05,1744.36,1371.2,786.51,True,agmarknet_mimic_v1,42,08efbdb5ab95
18 Nov 2024,2024-11-18,Maharashtra,Ahilyanagar,Sangamner,Tomato,Local,FAQ,1181.54,1786.47,1484.01,881.84,True,agmarknet_mimic_v1,42,08efbdb5ab95
19 Nov 2024,2024-11-19,Maharashtra,Ahilyanagar,Sangamner,Tomato,Hybrid,FAQ,1122.99,1635.97,1379.48,1077.33,True,agmarknet_mimic_v1,42,08efbdb5ab95
20 Nov 2024,2024-11-20,Maharashtra,Ahilyanagar,Sangamner,Tomato,Local,FAQ,969.13,1726.65,1347.89,878.51,True,agmarknet_mimic_v1,42,08efbdb5ab95
21 Nov 2024,2024-11-21,Maharashtra,Ahilyanagar,Sangamner,Tomato,FAQ,FAQ,1108.32,1521.15,1314.73,1150.91,True,agmarknet_mimic_v1,42,08efbdb5ab95
22 Nov 2024,2024-11-22,Maharashtra,Ahilyanagar,Sangamner,Tomato,Hybrid,FAQ,987.68,1503.92,1245.8,788.55,True,agmarknet_mimic_v1,42,08efbdb5ab95
23 Nov 2024,2024-11-23,Maharashtra,Ahilyanagar,Sangamner,Tomato,Local,FAQ,921.77,1280.1,1100.93,949.45,True,agmarknet_mimic_v1,42,08efbdb5ab95
25 Nov 2024,2024-11-25,Maharashtra,Ahilyanagar,Sangamner,Tomato,Hybrid,FAQ,814.28,1437.12,1125.7,1067.89,True,agmarknet_mimic_v1,42,08efbdb5ab95
26 Nov 2024,2024-11-26,Maharashtra,Ahilyanagar,Sangamner,Tomato,FAQ,FAQ,911.27,1489.11,1200.19,1044.66,True,agmarknet_mimic_v1,42,08efbdb5ab95
27 Nov 2024,2024-11-27,Maharashtra,Ahilyanagar,Sangamner,Tomato,FAQ,FAQ,874.35,1340.11,1107.23,719.55,True,agmarknet_mimic_v1,42,08efbdb5ab95
28 Nov 2024,2024-11-28,Maharashtra,Ahilyanagar,Sangamner,Tomato,FAQ,FAQ,895.48,1221.84,1058.66,922.83,True,agmarknet_mimic_v1,42,08efbdb5ab95
29 Nov 2024,2024-11-29,Maharashtra,Ahilyanagar,Sangamner,Tomato,Local,FAQ,903.98,1363.56,1133.77,939.85,True,agmarknet_mimic_v1,42,08efbdb5ab95
30 Nov 2024,2024-11-30,Maharashtra,Ahilyanagar,Sangamner,Tomato,Hybrid,FAQ,838.6,1332.9,1085.75,1111.27,True,agmarknet_mimic_v1,42,08efbdb5ab95
02 Dec 2024,2024-12-02,Maharashtra,Ahilyanagar,Sangamner,Tomato,FAQ,FAQ,786.17,1150.29,968.23,1088.27,True,agmarknet_mimic_v1,42,08efbdb5ab95
03 Dec 2024,2024-12-03,Maharashtra,Ahilyanagar,Sangamner,Tomato,FAQ,FAQ,785.1,1229.8,1007.45,995.27,True,agmarknet_mimic_v1,42,08efbdb5ab95
04 Dec 2024,2024-12-04,Maharashtra,Ahilyanagar,Sangamner,Tomato,Hybrid,FAQ,745.55,1204.88,975.21,1045.12,True,agmarknet_mimic_v1,42,08efbdb5ab95
05 Dec 2024,2024-12-05,Maharashtra,Ahilyanagar,Sangamner,Tomato,FAQ,FAQ,758.84,1240.94,999.89,1131.4,True,agmarknet_mimic_v1,42,08efbdb5ab95
06 Dec 2024,2024-12-06,Maharashtra,Ahilyanagar,Sangamner,Tomato,Local,FAQ,695.45,1230.24,962.84,980.24,True,agmarknet_mimic_v1,42,08efbdb5ab95
07 Dec 2024,2024-12-07,Maharashtra,Ahilyanagar,Sangamner,Tomato,Hybrid,FAQ,747.74,1278.92,1013.33,1143.19,True,agmarknet_mimic_v1,42,08efbdb5ab95
09 Dec 2024,2024-12-09,Maharashtra,Ahilyanagar,Sangamner,Tomato,Hybrid,FAQ,717.49,1269.61,993.55,1128.84,True,agmarknet_mimic_v1,42,08efbdb5ab95
10 Dec 2024,2024-12-10,Maharashtra,Ahilyanagar,Sangamner,Tomato,Hybrid,FAQ,711.44,1253.43,982.44,1289.84,True,agmarknet_mimic_v1,42,08efbdb5ab95
11 Dec 2024,2024-12-11,Maharashtra,Ahilyanagar,Sangamner,Tomato,FAQ,FAQ,717.97,1120.46,919.22,1192.24,True,agmarknet_mimic_v1,42,08efbdb5ab95
12 Dec 2024,2024-12-12,Maharashtra,Ahilyanagar,Sangamner,Tomato,Hybrid,FAQ,792.67,1137.74,965.21,820.36,True,agmarknet_mimic_v1,42,08efbdb5ab95
13 Dec 2024,2024-12-13,Maharashtra,Ahilyanagar,Sangamner,Tomato,FAQ,FAQ,809.1,1143.9,976.5,1102.01,True,agmarknet_mimic_v1,42,08efbdb5ab95
14 Dec 2024,2024-12-14,Maharashtra,Ahilyanagar,Sangamner,Tomato,Hybrid,FAQ,715.29,1151.29,933.29,1125.14,True,agmarknet_mimic_v1,42,08efbdb5ab95
16 Dec 2024,2024-12-16,Maharashtra,Ahilyanagar,Sangamner,Tomato,Local,FAQ,672.87,1182.03,927.45,1145.86,True,agmarknet_mimic_v1,42,08efbdb5ab95
17 Dec 2024,2024-12-17,Maharashtra,Ahilyanagar,Sangamner,Tomato,FAQ,FAQ,702.7,1034.2,868.45,1189.09,True,agmarknet_mimic_v1,42,08efbdb5ab95
18 Dec 2024,2024-12-18,Maharashtra,Ahilyanagar,Sangamner,Tomato,Hybrid,FAQ,678.72,1084.94,881.83,999.91,True,agmarknet_mimic_v1,42,08efbdb5ab95
19 Dec 2024,2024-12-19,Maharashtra,Ahilyanagar,Sangamner,Tomato,Local,FAQ,703.28,999.44,851.36,1085.65,True,agmarknet_mimic_v1,42,08efbdb5ab95
20 Dec 2024,2024-12-20,Maharashtra,Ahilyanagar,Sangamner,Tomato,FAQ,FAQ,656.04,923.96,790.0,728.91,True,agmarknet_mimic_v1,42,08efbdb5ab95
21 Dec 2024,2024-12-21,Maharashtra,Ahilyanagar,Sangamner,Tomato,Local,FAQ,600.54,968.29,784.41,1321.66,True,agmarknet_mimic_v1,42,08efbdb5ab95
23 Dec 2024,2024-12-23,Maharashtra,Ahilyanagar,Sangamner,Tomato,Local,FAQ,581.78,1003.03,792.4,953.8,True,agmarknet_mimic_v1,42,08efbdb5ab95
24 Dec 2024,2024-12-24,Maharashtra,Ahilyanagar,Sangamner,Tomato,Hybrid,FAQ,546.22,919.8,733.01,1091.76,True,agmarknet_mimic_v1,42,08efbdb5ab95
25 Dec 2024,2024-12-25,Maharashtra,Ahilyanagar,Sangamner,Tomato,FAQ,FAQ,648.54,894.52,771.53,1120.27,True,agmarknet_mimic_v1,42,08efbdb5ab95
26 Dec 2024,2024-12-26,Maharashtra,Ahilyanagar,Sangamner,Tomato,Local,FAQ,537.82,900.14,718.98,938.16,True,agmarknet_mimic_v1,42,08efbdb5ab95
27 Dec 2024,2024-12-27,Maharashtra,Ahilyanagar,Sangamner,Tomato,FAQ,FAQ,568.46,850.43,709.45,1112.44,True,agmarknet_mimic_v1,42,08efbdb5ab95
28 Dec 2024,2024-12-28,Maharashtra,Ahilyanagar,Sangamner,Tomato,FAQ,FAQ,481.21,831.03,656.12,1052.38,True,agmarknet_mimic_v1,42,08efbdb5ab95
30 Dec 2024,2024-12-30,Maharashtra,Ahilyanagar,Sangamner,Tomato,Hybrid,FAQ,557.33,889.1,723.21,1134.15,True,agmarknet_mimic_v1,42,08efbdb5ab95
31 Dec 2024,2024-12-31,Maharashtra,Ahilyanagar,Sangamner,Tomato,Local,FAQ,625.8,885.79,755.8,1169.71,True,agmarknet_mimic_v1,42,08efbdb5ab95
01 Jan 2025,2025-01-01,Maharashtra,Ahilyanagar,Sangamner,Tomato,Local,FAQ,563.75,1005.25,784.5,1168.31,True,agmarknet_mimic_v1,42,08efbdb5ab95
02 Jan 2025,2025-01-02,Maharashtra,Ahilyanagar,Sangamner,Tomato,FAQ,FAQ,621.85,1033.13,827.49,1169.42,True,agmarknet_mimic_v1,42,08efbdb5ab95
03 Jan 2025,2025-01-03,Maharashtra,Ahilyanagar,Sangamner,Tomato,FAQ,FAQ,616.75,1090.87,853.81,1124.53,True,agmarknet_mimic_v1,42,08efbdb5ab95
04 Jan 2025,2025-01-04,Maharashtra,Ahilyanagar,Sangamner,Tomato,Hybrid,FAQ,608.26,1093.99,851.13,1070.64,True,agmarknet_mimic_v1,42,08efbdb5ab95
06 Jan 2025,2025-01-06,Maharashtra,Ahilyanagar,Sangamner,Tomato,FAQ,FAQ,672.36,1057.04,864.7,985.83,True,agmarknet_mimic_v1,42,08efbdb5ab95
07 Jan 2025,2025-01-07,Maharashtra,Ahilyanagar,Sangamner,Tomato,Hybrid,FAQ,643.76,1110.12,876.94,935.55,True,agmarknet_mimic_v1,42,08efbdb5ab95
08 Jan 2025,2025-01-08,Maharashtra,Ahilyanagar,Sangamner,Tomato,Hybrid,FAQ,597.22,880.45,738.83,1352.19,True,agmarknet_mimic_v1,42,08efbdb5ab95
09 Jan 2025,2025-01-09,Maharashtra,Ahilyanagar,Sangamner,Tomato,Hybrid,FAQ,528.89,922.15,725.52,1222.91,True,agmarknet_mimic_v1,42,08efbdb5ab95
10 Jan 2025,2025-01-10,Maharashtra,Ahilyanagar,Sangamner,Tomato,Local,FAQ,607.58,859.32,733.45,1354.72,True,agmarknet_mimic_v1,42,08efbdb5ab95
11 Jan 2025,2025-01-11,Maharashtra,Ahilyanagar,Sangamner,Tomato,FAQ,FAQ,534.83,817.95,676.39,1019.54,True,agmarknet_mimic_v1,42,08efbdb5ab95
13 Jan 2025,2025-01-13,Maharashtra,Ahilyanagar,Sangamner,Tomato,FAQ,FAQ,602.75,881.54,742.15,1063.19,True,agmarknet_mimic_v1,42,08efbdb5ab95
14 Jan 2025,2025-01-14,Maharashtra,Ahilyanagar,Sangamner,Tomato,Hybrid,FAQ,569.34,869.71,719.52,1072.21,True,agmarknet_mimic_v1,42,08efbdb5ab95
15 Jan 2025,2025-01-15,Maharashtra,Ahilyanagar,Sangamner,Tomato,Hybrid,FAQ,581.89,843.05,712.47,1037.18,True,agmarknet_mimic_v1,42,08efbdb5ab95
16 Jan 2025,2025-01-16,Maharashtra,Ahilyanagar,Sangamner,Tomato,Local,FAQ,573.4,880.03,726.72,1060.2,True,agmarknet_mimic_v1,42,08efbdb5ab95
17 Jan 2025,2025-01-17,Maharashtra,Ahilyanagar,Sangamner,Tomato,Local,FAQ,695.67,979.61,837.64,999.23,True,agmarknet_mimic_v1,42,08efbdb5ab95
18 Jan 2025,2025-01-18,Maharashtra,Ahilyanagar,Sangamner,Tomato,FAQ,FAQ,564.93,1004.89,784.91,1251.13,True,agmarknet_mimic_v1,42,08efbdb5ab95
20 Jan 2025,2025-01-20,Maharashtra,Ahilyanagar,Sangamner,Tomato,Hybrid,FAQ,649.16,942.06,795.61,1119.69,True,agmarknet_mimic_v1,42,08efbdb5ab95
21 Jan 2025,2025-01-21,Maharashtra,Ahilyanagar,Sangamner,Tomato,Local,FAQ,625.61,1030.8,828.2,1048.46,True,agmarknet_mimic_v1,42,08efbdb5ab95
22 Jan 2025,2025-01-22,Maharashtra,Ahilyanagar,Sangamner,Tomato,FAQ,FAQ,557.76,1004.22,780.99,1046.5,True,agmarknet_mimic_v1,42,08efbdb5ab95
23 Jan 2025,2025-01-23,Maharashtra,Ahilyanagar,Sangamner,Tomato,FAQ,FAQ,554.53,961.52,758.02,1003.9,True,agmarknet_mimic_v1,42,08efbdb5ab95
24 Jan 2025,2025-01-24,Maharashtra,Ahilyanagar,Sangamner,Tomato,Local,FAQ,486.04,798.95,642.49,1051.52,True,agmarknet_mimic_v1,42,08efbdb5ab95
25 Jan 2025,2025-01-25,Maharashtra,Ahilyanagar,Sangamner,Tomato,Local,FAQ,586.65,811.54,699.1,1025.09,True,agmarknet_mimic_v1,42,08efbdb5ab95
27 Jan 2025,2025-01-27,Maharashtra,Ahilyanagar,Sangamner,Tomato,Hybrid,FAQ,512.54,886.7,699.62,1005.98,True,agmarknet_mimic_v1,42,08efbdb5ab95
28 Jan 2025,2025-01-28,Maharashtra,Ahilyanagar,Sangamner,Tomato,Hybrid,FAQ,517.85,835.77,676.81,923.95,True,agmarknet_mimic_v1,42,08efbdb5ab95
29 Jan 2025,2025-01-29,Maharashtra,Ahilyanagar,Sangamner,Tomato,Hybrid,FAQ,552.55,852.39,702.47,1223.78,True,agmarknet_mimic_v1,42,08efbdb5ab95
30 Jan 2025,2025-01-30,Maharashtra,Ahilyanagar,Sangamner,Tomato,FAQ,FAQ,662.42,1003.82,833.12,1064.44,True,agmarknet_mimic_v1,42,08efbdb5ab95
31 Jan 2025,2025-01-31,Maharashtra,Ahilyanagar,Sangamner,Tomato,Hybrid,FAQ,657.6,1073.07,865.34,1170.64,True,agmarknet_mimic_v1,42,08efbdb5ab95
01 Feb 2025,2025-02-01,Maharashtra,Ahilyanagar,Sangamner,Tomato,Local,FAQ,633.44,975.24,804.34,1113.78,True,agmarknet_mimic_v1,42,08efbdb5ab95
03 Feb 2025,2025-02-03,Maharashtra,Ahilyanagar,Sangamner,Tomato,FAQ,FAQ,585.91,962.65,774.28,1328.21,True,agmarknet_mimic_v1,42,08efbdb5ab95
04 Feb 2025,2025-02-04,Maharashtra,Ahilyanagar,Sangamner,Tomato,Hybrid,FAQ,585.25,869.89,727.57,733.2,True,agmarknet_mimic_v1,42,08efbdb5ab95
05 Feb 2025,2025-02-05,Maharashtra,Ahilyanagar,Sangamner,Tomato,Hybrid,FAQ,482.07,817.81,649.94,917.25,True,agmarknet_mimic_v1,42,08efbdb5ab95
06 Feb 2025,2025-02-06,Maharashtra,Ahilyanagar,Sangamner,Tomato,Local,FAQ,545.33,781.51,663.42,848.11,True,agmarknet_mimic_v1,42,08efbdb5ab95
07 Feb 2025,2025-02-07,Maharashtra,Ahilyanagar,Sangamner,Tomato,FAQ,FAQ,484.34,838.54,661.44,1118.9,True,agmarknet_mimic_v1,42,08efbdb5ab95
08 Feb 2025,2025-02-08,Maharashtra,Ahilyanagar,Sangamner,Tomato,Hybrid,FAQ,517.1,738.78,627.94,1249.84,True,agmarknet_mimic_v1,42,08efbdb5ab95
10 Feb 2025,2025-02-10,Maharashtra,Ahilyanagar,Sangamner,Tomato,Hybrid,FAQ,516.32,709.2,612.76,1026.71,True,agmarknet_mimic_v1,42,08efbdb5ab95
11 Feb 2025,2025-02-11,Maharashtra,Ahilyanagar,Sangamner,Tomato,Hybrid,FAQ,513.49,724.27,618.88,969.42,True,agmarknet_mimic_v1,42,08efbdb5ab95
12 Feb 2025,2025-02-12,Maharashtra,Ahilyanagar,Sangamner,Tomato,Hybrid,FAQ,523.72,741.9,632.81,1063.34,True,agmarknet_mimic_v1,42,08efbdb5ab95
13 Feb 2025,2025-02-13,Maharashtra,Ahilyanagar,Sangamner,Tomato,Hybrid,FAQ,577.58,969.06,773.32,1173.44,True,agmarknet_mimic_v1,42,08efbdb5ab95
14 Feb 2025,2025-02-14,Maharashtra,Ahilyanagar,Sangamner,Tomato,Hybrid,FAQ,567.08,985.88,776.48,944.9,True,agmarknet_mimic_v1,42,08efbdb5ab95
15 Feb 2025,2025-02-15,Maharashtra,Ahilyanagar,Sangamner,Tomato,Hybrid,FAQ,642.86,922.98,782.92,937.34,True,agmarknet_mimic_v1,42,08efbdb5ab95
17 Feb 2025,2025-02-17,Maharashtra,Ahilyanagar,Sangamner,Tomato,Hybrid,FAQ,615.35,1055.09,835.22,1155.87,True,agmarknet_mimic_v1,42,08efbdb5ab95
18 Feb 2025,2025-02-18,Maharashtra,Ahilyanagar,Sangamner,Tomato,Local,FAQ,620.75,1081.43,851.09,778.9,True,agmarknet_mimic_v1,42,08efbdb5ab95
19 Feb 2025,2025-02-19,Maharashtra,Ahilyanagar,Sangamner,Tomato,FAQ,FAQ,662.7,1098.7,880.7,1083.45,True,agmarknet_mimic_v1,42,08efbdb5ab95
20 Feb 2025,2025-02-20,Maharashtra,Ahilyanagar,Sangamner,Tomato,FAQ,FAQ,726.89,1162.66,944.77,995.49,True,agmarknet_mimic_v1,42,08efbdb5ab95
21 Feb 2025,2025-02-21,Maharashtra,Ahilyanagar,Sangamner,Tomato,Local,FAQ,654.56,1152.5,903.53,1094.08,True,agmarknet_mimic_v1,42,08efbdb5ab95
22 Feb 2025,2025-02-22,Maharashtra,Ahilyanagar,Sangamner,Tomato,Hybrid,FAQ,780.64,1069.91,925.27,883.07,True,agmarknet_mimic_v1,42,08efbdb5ab95
24 Feb 2025,2025-02-24,Maharashtra,Ahilyanagar,Sangamner,Tomato,FAQ,FAQ,765.05,1163.19,964.12,942.53,True,agmarknet_mimic_v1,42,08efbdb5ab95
25 Feb 2025,2025-02-25,Maharashtra,Ahilyanagar,Sangamner,Tomato,Hybrid,FAQ,792.64,1148.03,970.33,1153.24,True,agmarknet_mimic_v1,42,08efbdb5ab95
26 Feb 2025,2025-02-26,Maharashtra,Ahilyanagar,Sangamner,Tomato,Local,FAQ,767.18,1254.98,1011.08,806.67,True,agmarknet_mimic_v1,42,08efbdb5ab95
27 Feb 2025,2025-02-27,Maharashtra,Ahilyanagar,Sangamner,Tomato,Hybrid,FAQ,777.82,1254.69,1016.25,939.11,True,agmarknet_mimic_v1,42,08efbdb5ab95
28 Feb 2025,2025-02-28,Maharashtra,Ahilyanagar,Sangamner,Tomato,Hybrid,FAQ,868.03,1215.9,1041.96,739.88,True,agmarknet_mimic_v1,42,08efbdb5ab95
01 Mar 2025,2025-03-01,Maharashtra,Ahilyanagar,Sangamner,Tomato,Local,FAQ,873.84,1432.43,1153.13,1010.25,True,agmarknet_mimic_v1,42,08efbdb5ab95
03 Mar 2025,2025-03-03,Maharashtra,Ahilyanagar,Sangamner,Tomato,Hybrid,FAQ,927.53,1454.15,1190.84,951.71,True,agmarknet_mimic_v1,42,08efbdb5ab95
04 Mar 2025,2025-03-04,Maharashtra,Ahilyanagar,Sangamner,Tomato,FAQ,FAQ,896.6,1266.41,1081.5,1055.89,True,agmarknet_mimic_v1,42,08efbdb5ab95
05 Mar 2025,2025-03-05,Maharashtra,Ahilyanagar,Sangamner,Tomato,FAQ,FAQ,951.63,1326.42,1139.02,872.76,True,agmarknet_mimic_v1,42,08efbdb5ab95
06 Mar 2025,2025-03-06,Maharashtra,Ahilyanagar,Sangamner,Tomato,Local,FAQ,883.09,1540.02,1211.56,950.98,True,agmarknet_mimic_v1,42,08efbdb5ab95
07 Mar 2025,2025-03-07,Maharashtra,Ahilyanagar,Sangamner,Tomato,Local,FAQ,957.89,1445.96,1201.93,918.08,True,agmarknet_mimic_v1,42,08efbdb5ab95
08 Mar 2025,2025-03-08,Maharashtra,Ahilyanagar,Sangamner,Tomato,Local,FAQ,879.98,1369.11,1124.54,1126.02,True,agmarknet_mimic_v1,42,08efbdb5ab95
10 Mar 2025,2025-03-10,Maharashtra,Ahilyanagar,Sangamner,Tomato,Hybrid,FAQ,837.13,1391.42,1114.27,847.53,True,agmarknet_mimic_v1,42,08efbdb5ab95
11 Mar 2025,2025-03-11,Maharashtra,Ahilyanagar,Sangamner,Tomato,Local,FAQ,1016.71,1410.24,1213.47,639.18,True,agmarknet_mimic_v1,42,08efbdb5ab95
12 Mar 2025,2025-03-12,Maharashtra,Ahilyanagar,Sangamner,Tomato,Hybrid,FAQ,958.16,1602.8,1280.48,1041.88,True,agmarknet_mimic_v1,42,08efbdb5ab95
13 Mar 2025,2025-03-13,Maharashtra,Ahilyanagar,Sangamner,Tomato,Local,FAQ,989.41,1662.96,1326.18,663.58,True,agmarknet_mimic_v1,42,08efbdb5ab95
14 Mar 2025,2025-03-14,Maharashtra,Ahilyanagar,Sangamner,Tomato,Hybrid,FAQ,1119.23,1559.54,1339.39,906.63,True,agmarknet_mimic_v1,42,08efbdb5ab95
15 Mar 2025,2025-03-15,Maharashtra,Ahilyanagar,Sangamner,Tomato,FAQ,FAQ,968.46,1657.74,1313.1,783.52,True,agmarknet_mimic_v1,42,08efbdb5ab95
17 Mar 2025,2025-03-17,Maharashtra,Ahilyanagar,Sangamner,Tomato,Hybrid,FAQ,1132.91,1654.16,1393.53,928.63,True,agmarknet_mimic_v1,42,08efbdb5ab95
18 Mar 2025,2025-03-18,Maharashtra,Ahilyanagar,Sangamner,Tomato,FAQ,FAQ,985.08,1666.64,1325.86,1101.6,True,agmarknet_mimic_v1,42,08efbdb5ab95
19 Mar 2025,2025-03-19,Maharashtra,Ahilyanagar,Sangamner,Tomato,Hybrid,FAQ,1123.49,1553.61,1338.55,949.4,True,agmarknet_mimic_v1,42,08efbdb5ab95
20 Mar 2025,2025-03-20,Maharashtra,Ahilyanagar,Sangamner,Tomato,FAQ,FAQ,1101.29,1716.63,1408.96,853.74,True,agmarknet_mimic_v1,42,08efbdb5ab95
21 Mar 2025,2025-03-21,Maharashtra,Ahilyanagar,Sangamner,Tomato,Local,FAQ,1080.84,1711.2,1396.02,909.96,True,agmarknet_mimic_v1,42,08efbdb5ab95
22 Mar 2025,2025-03-22,Maharashtra,Ahilyanagar,Sangamner,Tomato,Local,FAQ,1171.48,1658.32,1414.9,767.46,True,agmarknet_mimic_v1,42,08efbdb5ab95
24 Mar 2025,2025-03-24,Maharashtra,Ahilyanagar,Sangamner,Tomato,FAQ,FAQ,1133.08,1625.46,1379.27,902.42,True,agmarknet_mimic_v1,42,08efbdb5ab95
25 Mar 2025,2025-03-25,Maharashtra,Ahilyanagar,Sangamner,Tomato,Local,FAQ,1001.71,1782.79,1392.25,757.74,True,agmarknet_mimic_v1,42,08efbdb5ab95
26 Mar 2025,2025-03-26,Maharashtra,Ahilyanagar,Sangamner,Tomato,Hybrid,FAQ,1209.98,1711.78,1460.88,860.16,True,agmarknet_mimic_v1,42,08efbdb5ab95
27 Mar 2025,2025-03-27,Maharashtra,Ahilyanagar,Sangamner,Tomato,Hybrid,FAQ,1158.42,1717.66,1438.04,993.1,True,agmarknet_mimic_v1,42,08efbdb5ab95
28 Mar 2025,2025-03-28,Maharashtra,Ahilyanagar,Sangamner,Tomato,Local,FAQ,1194.69,1664.03,1429.36,1079.48,True,agmarknet_mimic_v1,42,08efbdb5ab95
29 Mar 2025,2025-03-29,Maharashtra,Ahilyanagar,Sangamner,Tomato,FAQ,FAQ,1052.7,1875.13,1463.91,1015.33,True,agmarknet_mimic_v1,42,08efbdb5ab95
31 Mar 2025,2025-03-31,Maharashtra,Ahilyanagar,Sangamner,Tomato,Local,FAQ,1121.78,1927.37,1524.58,726.05,True,agmarknet_mimic_v1,42,08efbdb5ab95
01 Apr 2025,2025-04-01,Maharashtra,Ahilyanagar,Sangamner,Tomato,Local,FAQ,1189.86,1887.94,1538.9,1146.56,True,agmarknet_mimic_v1,42,08efbdb5ab95
02 Apr 2025,2025-04-02,Maharashtra,Ahilyanagar,Sangamner,Tomato,FAQ,FAQ,1164.72,2024.77,1594.75,679.99,True,agmarknet_mimic_v1,42,08efbdb5ab95
03 Apr 2025,2025-04-03,Maharashtra,Ahilyanagar,Sangamner,Tomato,Local,FAQ,1224.08,1914.68,1569.38,698.12,True,agmarknet_mimic_v1,42,08efbdb5ab95
04 Apr 2025,2025-04-04,Maharashtra,Ahilyanagar,Sangamner,Tomato,FAQ,FAQ,1190.92,2011.95,1601.43,756.43,True,agmarknet_mimic_v1,42,08efbdb5ab95
05 Apr 2025,2025-04-05,Maharashtra,Ahilyanagar,Sangamner,Tomato,Hybrid,FAQ,1151.9,2002.09,1577.0,843.85,True,agmarknet_mimic_v1,42,08efbdb5ab95
07 Apr 2025,2025-04-07,Maharashtra,Ahilyanagar,Sangamner,Tomato,Hybrid,FAQ,1213.84,1944.63,1579.24,743.05,True,agmarknet_mimic_v1,42,08efbdb5ab95
08 Apr 2025,2025-04-08,Maharashtra,Ahilyanagar,Sangamner,Tomato,Hybrid,FAQ,1312.82,1842.36,1577.59,962.72,True,agmarknet_mimic_v1,42,08efbdb5ab95
09 Apr 2025,2025-04-09,Maharashtra,Ahilyanagar,Sangamner,Tomato,Local,FAQ,1189.22,1962.73,1575.98,628.93,True,agmarknet_mimic_v1,42,08efbdb5ab95
10 Apr 2025,2025-04-10,Maharashtra,Ahilyanagar,Sangamner,Tomato,Local,FAQ,1275.49,1906.1,1590.8,792.5,True,agmarknet_mimic_v1,42,08efbdb5ab95
11 Apr 2025,2025-04-11,Maharashtra,Ahilyanagar,Sangamner,Tomato,FAQ,FAQ,1281.01,1917.43,1599.22,845.51,True,agmarknet_mimic_v1,42,08efbdb5ab95
12 Apr 2025,2025-04-12,Maharashtra,Ahilyanagar,Sangamner,Tomato,FAQ,FAQ,1154.74,1981.26,1568.0,1045.58,True,agmarknet_mimic_v1,42,08efbdb5ab95
14 Apr 2025,2025-04-14,Maharashtra,Ahilyanagar,Sangamner,Tomato,Local,FAQ,1255.23,1916.64,1585.93,749.29,True,agmarknet_mimic_v1,42,08efbdb5ab95
15 Apr 2025,2025-04-15,Maharashtra,Ahilyanagar,Sangamner,Tomato,Local,FAQ,1398.22,1925.65,1661.94,413.41,True,agmarknet_mimic_v1,42,08efbdb5ab95
16 Apr 2025,2025-04-16,Maharashtra,Ahilyanagar,Sangamner,Tomato,Local,FAQ,1359.77,1967.78,1663.77,910.55,True,agmarknet_mimic_v1,42,08efbdb5ab95
17 Apr 2025,2025-04-17,Maharashtra,Ahilyanagar,Sangamner,Tomato,Hybrid,FAQ,1349.57,2012.01,1680.79,726.14,True,agmarknet_mimic_v1,42,08efbdb5ab95
18 Apr 2025,2025-04-18,Maharashtra,Ahilyanagar,Sangamner,Tomato,FAQ,FAQ,1264.22,2112.28,1688.25,696.15,True,agmarknet_mimic_v1,42,08efbdb5ab95
19 Apr 2025,2025-04-19,Maharashtra,Ahilyanagar,Sangamner,Tomato,Local,FAQ,1183.12,2110.82,1646.97,715.95,True,agmarknet_mimic_v1,42,08efbdb5ab95
21 Apr 2025,2025-04-21,Maharashtra,Ahilyanagar,Sangamner,Tomato,Local,FAQ,1348.36,1913.9,1631.13,575.98,True,agmarknet_mimic_v1,42,08efbdb5ab95
22 Apr 2025,2025-04-22,Maharashtra,Ahilyanagar,Sangamner,Tomato,Hybrid,FAQ,1252.28,1968.92,1610.6,788.68,True,agmarknet_mimic_v1,42,08efbdb5ab95
23 Apr 2025,2025-04-23,Maharashtra,Ahilyanagar,Sangamner,Tomato,Hybrid,FAQ,1260.84,2160.4,1710.62,868.76,True,agmarknet_mimic_v1,42,08efbdb5ab95
24 Apr 2025,2025-04-24,Maharashtra,Ahilyanagar,Sangamner,Tomato,FAQ,FAQ,1371.72,2033.78,1702.75,758.3,True,agmarknet_mimic_v1,42,08efbdb5ab95
25 Apr 2025,2025-04-25,Maharashtra,Ahilyanagar,Sangamner,Tomato,FAQ,FAQ,1291.77,2198.07,1744.92,738.81,True,agmarknet_mimic_v1,42,08efbdb5ab95
26 Apr 2025,2025-04-26,Maharashtra,Ahilyanagar,Sangamner,Tomato,FAQ,FAQ,1467.28,2096.37,1781.82,856.21,True,agmarknet_mimic_v1,42,08efbdb5ab95
28 Apr 2025,2025-04-28,Maharashtra,Ahilyanagar,Sangamner,Tomato,Hybrid,FAQ,1455.88,2019.92,1737.9,663.46,True,agmarknet_mimic_v1,42,08efbdb5ab95
29 Apr 2025,2025-04-29,Maharashtra,Ahilyanagar,Sangamner,Tomato,Hybrid,FAQ,1414.41,2093.99,1754.2,572.83,True,agmarknet_mimic_v1,42,08efbdb5ab95
30 Apr 2025,2025-04-30,Maharashtra,Ahilyanagar,Sangamner,Tomato,Hybrid,FAQ,1451.92,2086.78,1769.35,792.06,True,agmarknet_mimic_v1,42,08efbdb5ab95
01 May 2025,2025-05-01,Maharashtra,Ahilyanagar,Sangamner,Tomato,Hybrid,FAQ,1409.18,2105.17,1757.18,743.83,True,agmarknet_mimic_v1,42,08efbdb5ab95
02 May 2025,2025-05-02,Maharashtra,Ahilyanagar,Sangamner,Tomato,Hybrid,FAQ,1418.08,2024.75,1721.42,791.07,True,agmarknet_mimic_v1,42,08efbdb5ab95
03 May 2025,2025-05-03,Maharashtra,Ahilyanagar,Sangamner,Tomato,FAQ,FAQ,1332.81,2058.47,1695.64,548.1,True,agmarknet_mimic_v1,42,08efbdb5ab95
05 May 2025,2025-05-05,Maharashtra,Ahilyanagar,Sangamner,Tomato,Local,FAQ,1246.77,2050.39,1648.58,927.49,True,agmarknet_mimic_v1,42,08efbdb5ab95
06 May 2025,2025-05-06,Maharashtra,Ahilyanagar,Sangamner,Tomato,FAQ,FAQ,1326.87,1884.41,1605.64,981.24,True,agmarknet_mimic_v1,42,08efbdb5ab95
07 May 2025,2025-05-07,Maharashtra,Ahilyanagar,Sangamner,Tomato,FAQ,FAQ,1334.2,1903.41,1618.8,774.59,True,agmarknet_mimic_v1,42,08efbdb5ab95
08 May 2025,2025-05-08,Maharashtra,Ahilyanagar,Sangamner,Tomato,Local,FAQ,1370.83,2094.97,1732.9,629.9,True,agmarknet_mimic_v1,42,08efbdb5ab95
09 May 2025,2025-05-09,Maharashtra,Ahilyanagar,Sangamner,Tomato,Local,FAQ,1442.54,2070.76,1756.65,662.95,True,agmarknet_mimic_v1,42,08efbdb5ab95
10 May 2025,2025-05-10,Maharashtra,Ahilyanagar,Sangamner,Tomato,Hybrid,FAQ,1275.93,2182.77,1729.35,655.43,True,agmarknet_mimic_v1,42,08efbdb5ab95
12 May 2025,2025-05-12,Maharashtra,Ahilyanagar,Sangamner,Tomato,FAQ,FAQ,1303.69,2044.23,1673.96,567.83,True,agmarknet_mimic_v1,42,08efbdb5ab95
13 May 2025,2025-05-13,Maharashtra,Ahilyanagar,Sangamner,Tomato,Local,FAQ,1264.45,2104.13,1684.29,822.03,True,agmarknet_mimic_v1,42,08efbdb5ab95
14 May 2025,2025-05-14,Maharashtra,Ahilyanagar,Sangamner,Tomato,Local,FAQ,1564.89,2179.73,1872.31,847.98,True,agmarknet_mimic_v1,42,08efbdb5ab95
15 May 2025,2025-05-15,Maharashtra,Ahilyanagar,Sangamner,Tomato,FAQ,FAQ,1491.02,2123.43,1807.22,544.45,True,agmarknet_mimic_v1,42,08efbdb5ab95
16 May 2025,2025-05-16,Maharashtra,Ahilyanagar,Sangamner,Tomato,FAQ,FAQ,1538.93,2119.23,1829.08,835.3,True,agmarknet_mimic_v1,42,08efbdb5ab95
17 May 2025,2025-05-17,Maharashtra,Ahilyanagar,Sangamner,Tomato,Local,FAQ,1415.39,2222.72,1819.05,800.83,True,agmarknet_mimic_v1,42,08efbdb5ab95
19 May 2025,2025-05-19,Maharashtra,Ahilyanagar,Sangamner,Tomato,Local,FAQ,1346.23,2261.46,1803.84,774.31,True,agmarknet_mimic_v1,42,08efbdb5ab95
20 May 2025,2025-05-20,Maharashtra,Ahilyanagar,Sangamner,Tomato,FAQ,FAQ,1537.1,2258.89,1898.0,658.94,True,agmarknet_mimic_v1,42,08efbdb5ab95
21 May 2025,2025-05-21,Maharashtra,Ahilyanagar,Sangamner,Tomato,Hybrid,FAQ,1625.06,2232.12,1928.59,662.29,True,agmarknet_mimic_v1,42,08efbdb5ab95
22 May 2025,2025-05-22,Maharashtra,Ahilyanagar,Sangamner,Tomato,Local,FAQ,1461.43,2410.42,1935.93,625.83,True,agmarknet_mimic_v1,42,08efbdb5ab95
23 May 2025,2025-05-23,Maharashtra,Ahilyanagar,Sangamner,Tomato,FAQ,FAQ,1570.56,2368.06,1969.31,619.37,True,agmarknet_mimic_v1,42,08efbdb5ab95
24 May 2025,2025-05-24,Maharashtra,Ahilyanagar,Sangamner,Tomato,Hybrid,FAQ,1569.67,2274.88,1922.28,637.28,True,agmarknet_mimic_v1,42,08efbdb5ab95
26 May 2025,2025-05-26,Maharashtra,Ahilyanagar,Sangamner,Tomato,FAQ,FAQ,1512.84,2361.48,1937.16,638.73,True,agmarknet_mimic_v1,42,08efbdb5ab95
27 May 2025,2025-05-27,Maharashtra,Ahilyanagar,Sangamner,Tomato,FAQ,FAQ,1581.99,2335.02,1958.5,634.03,True,agmarknet_mimic_v1,42,08efbdb5ab95
28 May 2025,2025-05-28,Maharashtra,Ahilyanagar,Sangamner,Tomato,Local,FAQ,1430.26,2403.87,1917.06,720.85,True,agmarknet_mimic_v1,42,08efbdb5ab95
29 May 2025,2025-05-29,Maharashtra,Ahilyanagar,Sangamner,Tomato,Hybrid,FAQ,1570.92,2165.5,1868.21,774.3,True,agmarknet_mimic_v1,42,08efbdb5ab95
30 May 2025,2025-05-30,Maharashtra,Ahilyanagar,Sangamner,Tomato,Hybrid,FAQ,1578.08,2243.77,1910.93,943.42,True,agmarknet_mimic_v1,42,08efbdb5ab95
31 May 2025,2025-05-31,Maharashtra,Ahilyanagar,Sangamner,Tomato,Local,FAQ,1410.07,2430.07,1920.07,495.76,True,agmarknet_mimic_v1,42,08efbdb5ab95
02 Jun 2025,2025-06-02,Maharashtra,Ahilyanagar,Sangamner,Tomato,Local,FAQ,1531.23,2531.81,2031.52,589.94,True,agmarknet_mimic_v1,42,08efbdb5ab95
03 Jun 2025,2025-06-03,Maharashtra,Ahilyanagar,Sangamner,Tomato,Local,FAQ,1460.12,2595.9,2028.01,521.48,True,agmarknet_mimic_v1,42,08efbdb5ab95
04 Jun 2025,2025-06-04,Maharashtra,Ahilyanagar,Sangamner,Tomato,Hybrid,FAQ,1787.64,2508.23,2147.94,729.26,True,agmarknet_mimic_v1,42,08efbdb5ab95
05 Jun 2025,2025-06-05,Maharashtra,Ahilyanagar,Sangamner,Tomato,FAQ,FAQ,1760.8,2515.44,2138.12,491.84,True,agmarknet_mimic_v1,42,08efbdb5ab95
06 Jun 2025,2025-06-06,Maharashtra,Ahilyanagar,Sangamner,Tomato,Local,FAQ,1535.33,2755.81,2145.57,636.09,True,agmarknet_mimic_v1,42,08efbdb5ab95
07 Jun 2025,2025-06-07,Maharashtra,Ahilyanagar,Sangamner,Tomato,FAQ,FAQ,1656.09,2603.89,2129.99,605.14,True,agmarknet_mimic_v1,42,08efbdb5ab95
09 Jun 2025,2025-06-09,Maharashtra,Ahilyanagar,Sangamner,Tomato,Local,FAQ,1492.1,2600.91,2046.51,633.12,True,agmarknet_mimic_v1,42,08efbdb5ab95
10 Jun 2025,2025-06-10,Maharashtra,Ahilyanagar,Sangamner,Tomato,FAQ,FAQ,1687.43,2304.03,1995.73,632.73,True,agmarknet_mimic_v1,42,08efbdb5ab95
11 Jun 2025,2025-06-11,Maharashtra,Ahilyanagar,Sangamner,Tomato,Hybrid,FAQ,1471.23,2355.8,1913.51,519.18,True,agmarknet_mimic_v1,42,08efbdb5ab95
12 Jun 2025,2025-06-12,Maharashtra,Ahilyanagar,Sangamner,Tomato,Local,FAQ,1559.34,2342.06,1950.7,619.55,True,agmarknet_mimic_v1,42,08efbdb5ab95
13 Jun 2025,2025-06-13,Maharashtra,Ahilyanagar,Sangamner,Tomato,Local,FAQ,1547.06,2467.14,2007.1,704.93,True,agmarknet_mimic_v1,42,08efbdb5ab95
14 Jun 2025,2025-06-14,Maharashtra,Ahilyanagar,Sangamner,Tomato,Local,FAQ,1501.91,2599.67,2050.79,626.3,True,agmarknet_mimic_v1,42,08efbdb5ab95
16 Jun 2025,2025-06-16,Maharashtra,Ahilyanagar,Sangamner,Tomato,FAQ,FAQ,1781.59,2480.63,2131.11,694.53,True,agmarknet_mimic_v1,42,08efbdb5ab95
17 Jun 2025,2025-06-17,Maharashtra,Ahilyanagar,Sangamner,Tomato,Hybrid,FAQ,1650.67,2656.38,2153.52,645.93,True,agmarknet_mimic_v1,42,08efbdb5ab95
18 Jun 2025,2025-06-18,Maharashtra,Ahilyanagar,Sangamner,Tomato,Hybrid,FAQ,1730.07,2428.42,2079.25,387.23,True,agmarknet_mimic_v1,42,08efbdb5ab95
19 Jun 2025,2025-06-19,Maharashtra,Ahilyanagar,Sangamner,Tomato,FAQ,FAQ,1584.74,2688.28,2136.51,768.14,True,agmarknet_mimic_v1,42,08efbdb5ab95
20 Jun 2025,2025-06-20,Maharashtra,Ahilyanagar,Sangamner,Tomato,FAQ,FAQ,1674.83,2567.82,2121.32,833.09,True,agmarknet_mimic_v1,42,08efbdb5ab95
21 Jun 2025,2025-06-21,Maharashtra,Ahilyanagar,Sangamner,Tomato,Local,FAQ,1673.54,2764.66,2219.1,698.92,True,agmarknet_mimic_v1,42,08efbdb5ab95
23 Jun 2025,2025-06-23,Maharashtra,Ahilyanagar,Sangamner,Tomato,Local,FAQ,1679.68,2741.47,2210.58,642.53,True,agmarknet_mimic_v1,42,08efbdb5ab95
24 Jun 2025,2025-06-24,Maharashtra,Ahilyanagar,Sangamner,Tomato,FAQ,FAQ,1669.25,2666.97,2168.11,523.38,True,agmarknet_mimic_v1,42,08efbdb5ab95
25 Jun 2025,2025-06-25,Maharashtra,Ahilyanagar,Sangamner,Tomato,FAQ,FAQ,1806.64,2604.86,2205.75,461.45,True,agmarknet_mimic_v1,42,08efbdb5ab95
26 Jun 2025,2025-06-26,Maharashtra,Ahilyanagar,Sangamner,Tomato,FAQ,FAQ,1770.23,2841.4,2305.82,512.68,True,agmarknet_mimic_v1,42,08efbdb5ab95
27 Jun 2025,2025-06-27,Maharashtra,Ahilyanagar,Sangamner,Tomato,Local,FAQ,1941.76,2788.51,2365.14,626.78,True,agmarknet_mimic_v1,42,08efbdb5ab95
28 Jun 2025,2025-06-28,Maharashtra,Ahilyanagar,Sangamner,Tomato,Hybrid,FAQ,1818.97,2810.56,2314.77,791.54,True,agmarknet_mimic_v1,42,08efbdb5ab95
30 Jun 2025,2025-06-30,Maharashtra,Ahilyanagar,Sangamner,Tomato,Local,FAQ,1749.1,3003.2,2376.15,337.84,True,agmarknet_mimic_v1,42,08efbdb5ab95
01 Jul 2025,2025-07-01,Maharashtra,Ahilyanagar,Sangamner,Tomato,FAQ,FAQ,1674.28,2932.09,2303.18,610.21,True,agmarknet_mimic_v1,42,08efbdb5ab95
02 Jul 2025,2025-07-02,Maharashtra,Ahilyanagar,Sangamner,Tomato,Hybrid,FAQ,1835.28,2656.98,2246.13,709.04,True,agmarknet_mimic_v1,42,08efbdb5ab95
03 Jul 2025,2025-07-03,Maharashtra,Ahilyanagar,Sangamner,Tomato,FAQ,FAQ,1775.85,2773.65,2274.75,675.2,True,agmarknet_mimic_v1,42,08efbdb5ab95
04 Jul 2025,2025-07-04,Maharashtra,Ahilyanagar,Sangamner,Tomato,Hybrid,FAQ,1660.46,2877.94,2269.2,465.65,True,agmarknet_mimic_v1,42,08efbdb5ab95
05 Jul 2025,2025-07-05,Maharashtra,Ahilyanagar,Sangamner,Tomato,FAQ,FAQ,1843.15,2666.93,2255.04,437.55,True,agmarknet_mimic_v1,42,08efbdb5ab95
07 Jul 2025,2025-07-07,Maharashtra,Ahilyanagar,Sangamner,Tomato,Hybrid,FAQ,1848.86,2689.58,2269.22,677.63,True,agmarknet_mimic_v1,42,08efbdb5ab95
08 Jul 2025,2025-07-08,Maharashtra,Ahilyanagar,Sangamner,Tomato,FAQ,FAQ,1823.68,2787.44,2305.56,592.0,True,agmarknet_mimic_v1,42,08efbdb5ab95
09 Jul 2025,2025-07-09,Maharashtra,Ahilyanagar,Sangamner,Tomato,Local,FAQ,1707.23,2834.63,2270.93,460.47,True,agmarknet_mimic_v1,42,08efbdb5ab95
10 Jul 2025,2025-07-10,Maharashtra,Ahilyanagar,Sangamner,Tomato,FAQ,FAQ,1920.61,2712.05,2316.33,627.43,True,agmarknet_mimic_v1,42,08efbdb5ab95
11 Jul 2025,2025-07-11,Maharashtra,Ahilyanagar,Sangamner,Tomato,FAQ,FAQ,1885.67,2643.66,2264.66,628.17,True,agmarknet_mimic_v1,42,08efbdb5ab95
12 Jul 2025,2025-07-12,Maharashtra,Ahilyanagar,Sangamner,Tomato,Local,FAQ,1901.92,2659.71,2280.81,649.76,True,agmarknet_mimic_v1,42,08efbdb5ab95
14 Jul 2025,2025-07-14,Maharashtra,Ahilyanagar,Sangamner,Tomato,Hybrid,FAQ,1864.39,2707.87,2286.13,691.9,True,agmarknet_mimic_v1,42,08efbdb5ab95
15 Jul 2025,2025-07-15,Maharashtra,Ahilyanagar,Sangamner,Tomato,Hybrid,FAQ,1853.47,2629.57,2241.52,718.02,True,agmarknet_mimic_v1,42,08efbdb5ab95
16 Jul 2025,2025-07-16,Maharashtra,Ahilyanagar,Sangamner,Tomato,Hybrid,FAQ,1818.06,2646.59,2232.32,539.61,True,agmarknet_mimic_v1,42,08efbdb5ab95
17 Jul 2025,2025-07-17,Maharashtra,Ahilyanagar,Sangamner,Tomato,Hybrid,FAQ,1788.38,2793.77,2291.08,732.51,True,agmarknet_mimic_v1,42,08efbdb5ab95
18 Jul 2025,2025-07-18,Maharashtra,Ahilyanagar,Sangamner,Tomato,FAQ,FAQ,1853.34,2675.93,2264.64,417.71,True,agmarknet_mimic_v1,42,08efbdb5ab95
19 Jul 2025,2025-07-19,Maharashtra,Ahilyanagar,Sangamner,Tomato,Hybrid,FAQ,1693.6,2778.43,2236.01,525.12,True,agmarknet_mimic_v1,42,08efbdb5ab95
21 Jul 2025,2025-07-21,Maharashtra,Ahilyanagar,Sangamner,Tomato,Local,FAQ,1793.72,2542.46,2168.09,517.42,True,agmarknet_mimic_v1,42,08efbdb5ab95
22 Jul 2025,2025-07-22,Maharashtra,Ahilyanagar,Sangamner,Tomato,Hybrid,FAQ,1619.17,2733.93,2176.55,512.58,True,agmarknet_mimic_v1,42,08efbdb5ab95
23 Jul 2025,2025-07-23,Maharashtra,Ahilyanagar,Sangamner,Tomato,FAQ,FAQ,1606.11,2677.29,2141.7,785.75,True,agmarknet_mimic_v1,42,08efbdb5ab95
24 Jul 2025,2025-07-24,Maharashtra,Ahilyanagar,Sangamner,Tomato,Hybrid,FAQ,1637.55,2640.07,2138.81,581.46,True,agmarknet_mimic_v1,42,08efbdb5ab95
25 Jul 2025,2025-07-25,Maharashtra,Ahilyanagar,Sangamner,Tomato,Hybrid,FAQ,1692.65,2539.8,2116.22,553.92,True,agmarknet_mimic_v1,42,08efbdb5ab95
26 Jul 2025,2025-07-26,Maharashtra,Ahilyanagar,Sangamner,Tomato,FAQ,FAQ,1705.41,2610.42,2157.91,711.23,True,agmarknet_mimic_v1,42,08efbdb5ab95
28 Jul 2025,2025-07-28,Maharashtra,Ahilyanagar,Sangamner,Tomato,Local,FAQ,1736.22,2509.5,2122.86,561.75,True,agmarknet_mimic_v1,42,08efbdb5ab95
29 Jul 2025,2025-07-29,Maharashtra,Ahilyanagar,Sangamner,Tomato,Local,FAQ,1659.98,2711.04,2185.51,675.87,True,agmarknet_mimic_v1,42,08efbdb5ab95
30 Jul 2025,2025-07-30,Maharashtra,Ahilyanagar,Sangamner,Tomato,FAQ,FAQ,1710.39,2614.65,2162.52,686.59,True,agmarknet_mimic_v1,42,08efbdb5ab95
31 Jul 2025,2025-07-31,Maharashtra,Ahilyanagar,Sangamner,Tomato,FAQ,FAQ,1633.83,2718.41,2176.12,601.32,True,agmarknet_mimic_v1,42,08efbdb5ab95
01 Aug 2025,2025-08-01,Maharashtra,Ahilyanagar,Sangamner,Tomato,FAQ,FAQ,1722.34,2661.49,2191.91,790.28,True,agmarknet_mimic_v1,42,08efbdb5ab95
02 Aug 2025,2025-08-02,Maharashtra,Ahilyanagar,Sangamner,Tomato,Local,FAQ,1716.0,2665.33,2190.66,717.06,True,agmarknet_mimic_v1,42,08efbdb5ab95
04 Aug 2025,2025-08-04,Maharashtra,Ahilyanagar,Sangamner,Tomato,Hybrid,FAQ,1704.65,2520.69,2112.67,790.08,True,agmarknet_mimic_v1,42,08efbdb5ab95
05 Aug 2025,2025-08-05,Maharashtra,Ahilyanagar,Sangamner,Tomato,FAQ,FAQ,1698.53,2558.94,2128.73,706.23,True,agmarknet_mimic_v1,42,08efbdb5ab95
06 Aug 2025,2025-08-06,Maharashtra,Ahilyanagar,Sangamner,Tomato,Local,FAQ,1506.4,2684.04,2095.22,784.83,True,agmarknet_mimic_v1,42,08efbdb5ab95
07 Aug 2025,2025-08-07,Maharashtra,Ahilyanagar,Sangamner,Tomato,Hybrid,FAQ,1648.93,2374.18,2011.56,680.15,True,agmarknet_mimic_v1,42,08efbdb5ab95
08 Aug 2025,2025-08-08,Maharashtra,Ahilyanagar,Sangamner,Tomato,Local,FAQ,1688.17,2433.12,2060.65,850.19,True,agmarknet_mimic_v1,42,08efbdb5ab95
09 Aug 2025,2025-08-09,Maharashtra,Ahilyanagar,Sangamner,Tomato,Local,FAQ,1630.31,2388.78,2009.55,726.16,True,agmarknet_mimic_v1,42,08efbdb5ab95
11 Aug 2025,2025-08-11,Maharashtra,Ahilyanagar,Sangamner,Tomato,FAQ,FAQ,1601.23,2525.92,2063.57,753.08,True,agmarknet_mimic_v1,42,08efbdb5ab95
12 Aug 2025,2025-08-12,Maharashtra,Ahilyanagar,Sangamner,Tomato,FAQ,FAQ,1577.93,2394.0,1985.96,621.27,True,agmarknet_mimic_v1,42,08efbdb5ab95
13 Aug 2025,2025-08-13,Maharashtra,Ahilyanagar,Sangamner,Tomato,Hybrid,FAQ,1664.77,2344.83,2004.8,732.74,True,agmarknet_mimic_v1,42,08efbdb5ab95
14 Aug 2025,2025-08-14,Maharashtra,Ahilyanagar,Sangamner,Tomato,FAQ,FAQ,1684.61,2348.21,2016.41,768.25,True,agmarknet_mimic_v1,42,08efbdb5ab95
