date,city,lat,lon,maxtemp_c,mintemp_c,mean_temp_c,humidity_pct,precip_mm,is_synthetic,generator,seed,config_hash
2024-08-15,Pune,18.5204,73.8567,29.7,21.1,25.4,83.0,5.5,True,weather_daily_agg_v1,42,08efbdb5ab95
2024-08-15,Nashik,19.9975,73.7898,28.1,19.5,23.8,73.5,0.0,True,weather_daily_agg_v1,42,08efbdb5ab95
2024-08-15,Nagpur,21.1458,79.0882,29.1,23.6,26.4,87.0,0.0,True,weather_daily_agg_v1,42,08efbdb5ab95
2024-08-15,Indore,22.7196,75.8577,27.8,19.8,23.8,71.7,16.4,True,weather_daily_agg_v1,42,08efbdb5ab95
2024-08-16,Pune,18.5204,73.8567,33.3,22.8,28.0,79.5,0.0,True,weather_daily_agg_v1,42,08efbdb5ab95
2024-08-16,Nashik,19.9975,73.7898,31.0,21.7,26.3,75.9,69.9,True,weather_daily_agg_v1,42,08efbdb5ab95
2024-08-16,Nagpur,21.1458,79.0882,30.8,19.6,25.2,76.2,0.0,True,weather_daily_agg_v1,42,08efbdb5ab95
2024-08-16,Indore,22.7196,75.8577,28.3,21.8,25.1,85.9,7.7,True,weather_daily_agg_v1,42,08efbdb5ab95
2024-08-17,Pune,18.5204,73.8567,30.1,23.6,26.9,80.6,0.0,True,weather_daily_agg_v1,42,08efbdb5ab95
2024-08-17,Nashik,19.9975,73.7898,29.2,23.6,26.4,95.1,5.6,True,weather_daily_agg_v1,42,08efbdb5ab95
2024-08-17,Nagpur,21.1458,79.0882,30.3,22.0,26.1,79.8,0.9,True,weather_daily_agg_v1,42,08efbdb5ab95
2024-08-17,Indore,22.7196,75.8577,21.6,24.5,23.1,77.8,4.4,True,weather_daily_agg_v1,42,08efbdb5ab95
2024-08-18,Pune,18.5204,73.8567,28.2,21.2,24.7,66.8,27.5,True,weather_daily_agg_v1,42,08efbdb5ab95
2024-08-18,Nashik,19.9975,73.7898,34.1,23.2,28.7,83.3,7.9,True,weather_daily_agg_v1,42,08efbdb5ab95
2024-08-18,Nagpur,21.1458,79.0882,30.1,21.0,25.5,79.0,4.5,True,weather_daily_agg_v1,42,08efbdb5ab95
2024-08-18,Indore,22.7196,75.8577,29.2,20.2,24.7,88.9,21.0,True,weather_daily_agg_v1,42,08efbdb5ab95
2024-08-19,Pune,18.5204,73.8567,29.2,22.4,25.8,63.6,0.0,True,weather_daily_agg_v1,42,08efbdb5ab95
2024-08-19,Nashik,19.9975,73.7898,29.6,20.2,24.9,82.2,0.5,True,weather_daily_agg_v1,42,08efbdb5ab95
2024-08-19,Nagpur,21.1458,79.0882,32.9,21.6,27.3,82.1,0.0,True,weather_daily_agg_v1,42,08efbdb5ab95
2024-08-19,Indore,22.7196,75.8577,31.9,23.8,27.8,76.0,7.1,True,weather_daily_agg_v1,42,08efbdb5ab95
2024-08-20,Pune,18.5204,73.8567,27.5,25.2,26.3,98.0,6.6,True,weather_daily_agg_v1,42,08efbdb5ab95
2024-08-20,Nashik,19.9975,73.7898,28.2,23.3,25.7,91.4,0.0,True,weather_daily_agg_v1,42,08efbdb5ab95
2024-08-20,Nagpur,21.1458,79.0882,23.6,21.7,22.7,76.4,15.1,True,weather_daily_agg_v1,42,08efbdb5ab95
2024-08-20,Indore,22.7196,75.8577,33.3,19.8,26.6,98.0,12.5,True,weather_daily_agg_v1,42,08efbdb5ab95
2024-08-21,Pune,18.5204,73.8567,29.7,20.0,24.8,79.8,3.3,True,weather_daily_agg_v1,42,08efbdb5ab95
2024-08-21,Nashik,19.9975,73.7898,29.2,20.9,25.1,79.7,0.0,True,weather_daily_agg_v1,42,08efbdb5ab95
2024-08-21,Nagpur,21.1458,79.0882,31.2,21.9,26.6,77.1,0.0,True,weather_daily_agg_v1,42,08efbdb5ab95
2024-08-21,Indore,22.7196,75.8577,28.1,22.9,25.5,79.9,3.1,True,weather_daily_agg_v1,42,08efbdb5ab95
2024-08-22,Pune,18.5204,73.8567,24.8,24.6,24.7,97.3,0.0,True,weather_daily_agg_v1,42,08efbdb5ab95
2024-08-22,Nashik,19.9975,73.7898,31.1,20.9,26.0,91.3,0.2,True,weather_daily_agg_v1,42,08efbdb5ab95
2024-08-22,Nagpur,21.1458,79.0882,34.3,22.6,28.4,69.1,19.4,True,weather_daily_agg_v1,42,08efbdb5ab95
2024-08-22,Indore,22.7196,75.8577,28.4,19.1,23.8,69.1,0.0,True,weather_daily_agg_v1,42,08efbdb5ab95
2024-08-23,Pune,18.5204,73.8567,30.9,21.7,26.3,67.3,19.3,True,weather_daily_agg_v1,42,08efbdb5ab95
2024-08-23,Nashik,19.9975,73.7898,29.2,20.9,25.1,81.6,8.3,True,weather_daily_agg_v1,42,08efbdb5ab95
2024-08-23,Nagpur,21.1458,79.0882,26.2,21.6,23.9,77.5,0.0,True,weather_daily_agg_v1,42,08efbdb5ab95
2024-08-23,Indore,22.7196,75.8577,30.7,20.5,25.6,75.7,6.6,True,weather_daily_agg_v1,42,08efbdb5ab95
2024-08-24,Pune,18.5204,73.8567,29.4,21.6,25.5,93.0,4.1,True,weather_daily_agg_v1,42,08efbdb5ab95
2024-08-24,Nashik,19.9975,73.7898,34.6,21.2,27.9,91.5,5.2,True,weather_daily_agg_v1,42,08efbdb5ab95
2024-08-24,Nagpur,21.1458,79.0882,28.4,20.8,24.6,76.3,0.0,True,weather_daily_agg_v1,42,08efbdb5ab95
2024-08-24,Indore,22.7196,75.8577,27.8,21.1,24.5,82.6,0.7,True,weather_daily_agg_v1,42,08efbdb5ab95
2024-08-25,Pune,18.5204,73.8567,26.1,21.6,23.9,61.2,0.0,True,weather_daily_agg_v1,42,08efbdb5ab95
2024-08-25,Nashik,19.9975,73.7898,29.1,23.9,26.5,82.2,7.9,True,weather_daily_agg_v1,42,08efbdb5ab95
2024-08-25,Nagpur,21.1458,79.0882,31.3,20.8,26.0,76.0,9.9,True,weather_daily_agg_v1,42,08efbdb5ab95
2024-08-25,Indore,22.7196,75.8577,26.5,20.1,23.3,77.0,0.0,True,weather_daily_agg_v1,42,08efbdb5ab95
2024-08-26,Pune,18.5204,73.8567,28.2,19.2,23.7,70.4,1.7,True,weather_daily_agg_v1,42,08efbdb5ab95
2024-08-26,Nashik,19.9975,73.7898,28.8,22.4,25.6,85.1,2.9,True,weather_daily_agg_v1,42,08efbdb5ab95
2024-08-26,Nagpur,21.1458,79.0882,29.4,25.9,27.6,98.0,23.6,True,weather_daily_agg_v1,42,08efbdb5ab95
2024-08-26,Indore,22.7196,75.8577,27.2,21.7,24.4,65.5,0.0,True,weather_daily_agg_v1,42,08efbdb5ab95
2024-08-27,Pune,18.5204,73.8567,26.9,20.7,23.8,75.2,0.0,True,weather_daily_agg_v1,42,08efbdb5ab95
2024-08-27,Nashik,19.9975,73.7898,27.8,19.2,23.5,88.0,0.0,True,weather_daily_agg_v1,42,08efbdb5ab95
2024-08-27,Nagpur,21.1458,79.0882,29.2,24.8,27.0,84.9,3.4,True,weather_daily_agg_v1,42,08efbdb5ab95
2024-08-27,Indore,22.7196,75.8577,29.0,21.1,25.0,77.6,0.0,True,weather_daily_agg_v1,42,08efbdb5ab95
2024-08-28,Pune,18.5204,73.8567,24.7,23.6,24.2,63.1,5.7,True,weather_daily_agg_v1,42,08efbdb5ab95
2024-08-28,Nashik,19.9975,73.7898,33.3,21.5,27.4,70.7,0.7,True,weather_daily_agg_v1,42,08efbdb5ab95
2024-08-28,Nagpur,21.1458,79.0882,26.7,21.5,24.1,92.0,13.6,True,weather_daily_agg_v1,42,08efbdb5ab95
2024-08-28,Indore,22.7196,75.8577,28.1,19.3,23.7,79.1,1.1,True,weather_daily_agg_v1,42,08efbdb5ab95
2024-08-29,Pune,18.5204,73.8567,28.5,21.5,25.0,85.0,0.0,True,weather_daily_agg_v1,42,08efbdb5ab95
2024-08-29,Nashik,19.9975,73.7898,32.5,20.3,26.4,71.9,0.0,True,weather_daily_agg_v1,42,08efbdb5ab95
2024-08-29,Nagpur,21.1458,79.0882,29.6,20.9,25.3,78.5,0.0,True,weather_daily_agg_v1,42,08efbdb5ab95
2024-08-29,Indore,22.7196,75.8577,27.7,22.5,25.1,77.9,0.0,True,weather_daily_agg_v1,42,08efbdb5ab95
2024-08-30,Pune,18.5204,73.8567,24.2,23.7,24.0,80.8,1.6,True,weather_daily_agg_v1,42,08efbdb5ab95
2024-08-30,Nashik,19.9975,73.7898,27.7,23.1,25.4,92.7,17.9,True,weather_daily_agg_v1,42,08efbdb5ab95
2024-08-30,Nagpur,21.1458,79.0882,30.7,23.7,27.2,78.0,0.0,True,weather_daily_agg_v1,42,08efbdb5ab95
2024-08-30,Indore,22.7196,75.8577,35.2,21.5,28.3,78.7,0.0,True,weather_daily_agg_v1,42,08efbdb5ab95
2024-08-31,Pune,18.5204,73.8567,32.7,21.9,27.3,63.9,0.0,True,weather_daily_agg_v1,42,08efbdb5ab95
2024-08-31,Nashik,19.9975,73.7898,27.9,20.8,24.3,72.6,0.0,True,weather_daily_agg_v1,42,08efbdb5ab95
2024-08-31,Nagpur,21.1458,79.0882,29.8,21.4,25.6,82.4,3.8,True,weather_daily_agg_v1,42,08efbdb5ab95
2024-08-31,Indore,22.7196,75.8577,32.7,24.0,28.4,98.0,20.7,True,weather_daily_agg_v1,42,08efbdb5ab95
2024-09-01,Pune,18.5204,73.8567,25.7,21.1,23.4,69.8,4.2,True,weather_daily_agg_v1,42,08efbdb5ab95
2024-09-01,Nashik,19.9975,73.7898,26.6,21.5,24.1,86.4,0.0,True,weather_daily_agg_v1,42,08efbdb5ab95
2024-09-01,Nagpur,21.1458,79.0882,30.0,22.6,26.3,78.8,15.9,True,weather_daily_agg_v1,42,08efbdb5ab95
2024-09-01,Indore,22.7196,75.8577,27.6,20.3,24.0,71.5,0.0,True,weather_daily_agg_v1,42,08efbdb5ab95
2024-09-02,Pune,18.5204,73.8567,25.5,22.4,24.0,86.2,10.5,True,weather_daily_agg_v1,42,08efbdb5ab95
2024-09-02,Nashik,19.9975,73.7898,33.1,22.8,28.0,75.3,10.8,True,weather_daily_agg_v1,42,08efbdb5ab95
2024-09-02,Nagpur,21.1458,79.0882,27.1,23.0,25.1,84.6,0.0,True,weather_daily_agg_v1,42,08efbdb5ab95
2024-09-02,Indore,22.7196,75.8577,29.0,21.1,25.1,72.6,0.2,True,weather_daily_agg_v1,42,08efbdb5ab95
2024-09-03,Pune,18.5204,73.8567,30.2,22.3,26.2,66.2,0.0,True,weather_daily_agg_v1,42,08efbdb5ab95
2024-09-03,Nashik,19.9975,73.7898,28.6,22.2,25.4,87.9,0.0,True,weather_daily_agg_v1,42,08efbdb5ab95
2024-09-03,Nagpur,21.1458,79.0882,28.3,23.6,25.9,89.7,11.4,True,weather_daily_agg_v1,42,08efbdb5ab95
2024-09-03,Indore,22.7196,75.8577,32.1,23.1,27.6,82.0,0.5,True,weather_daily_agg_v1,42,08efbdb5ab95
2024-09-04,Pune,18.5204,73.8567,28.9,20.9,24.9,71.6,0.0,True,weather_daily_agg_v1,42,08efbdb5ab95
2024-09-04,Nashik,19.9975,73.7898,25.1,25.0,25.1,56.7,0.0,True,weather_daily_agg_v1,42,08efbdb5ab95
2024-09-04,Nagpur,21.1458,79.0882,30.0,21.9,26.0,97.0,0.0,True,weather_daily_agg_v1,42,08efbdb5ab95
2024-09-04,Indore,22.7196,75.8577,33.7,24.3,29.0,78.0,0.0,True,weather_daily_agg_v1,42,08efbdb5ab95
2024-09-05,Pune,18.5204,73.8567,26.9,23.9,25.4,68.4,8.3,True,weather_daily_agg_v1,42,08efbdb5ab95
2024-09-05,Nashik,19.9975,73.7898,32.9,20.5,26.7,75.0,9.5,True,weather_daily_agg_v1,42,08efbdb5ab95
2024-09-05,Nagpur,21.1458,79.0882,27.4,20.9,24.2,69.4,1.5,True,weather_daily_agg_v1,42,08efbdb5ab95
2024-09-05,Indore,22.7196,75.8577,32.5,24.9,28.7,78.0,0.0,True,weather_daily_agg_v1,42,08efbdb5ab95
2024-09-06,Pune,18.5204,73.8567,27.5,22.0,24.8,75.3,0.0,True,weather_daily_agg_v1,42,08efbdb5ab95
2024-09-06,Nashik,19.9975,73.7898,28.0,21.7,24.9,82.1,12.9,True,weather_daily_agg_v1,42,08efbdb5ab95
2024-09-06,Nagpur,21.1458,79.0882,30.9,19.3,25.1,73.6,4.4,True,weather_daily_agg_v1,42,08efbdb5ab95
2024-09-06,Indore,22.7196,75.8577,30.8,20.9,25.9,84.1,1.2,True,weather_daily_agg_v1,42,08efbdb5ab95
2024-09-07,Pune,18.5204,73.8567,30.7,21.1,25.9,75.5,5.1,True,weather_daily_agg_v1,42,08efbdb5ab95
2024-09-07,Nashik,19.9975,73.7898,31.9,21.7,26.8,74.1,4.3,True,weather_daily_agg_v1,42,08efbdb5ab95
2024-09-07,Nagpur,21.1458,79.0882,26.5,23.6,25.0,47.7,1.7,True,weather_daily_agg_v1,42,08efbdb5ab95
2024-09-07,Indore,22.7196,75.8577,24.9,23.8,24.4,54.7,6.8,True,weather_daily_agg_v1,42,08efbdb5ab95
2024-09-08,Pune,18.5204,73.8567,28.9,20.2,24.6,71.7,2.1,True,weather_daily_agg_v1,42,08efbdb5ab95
2024-09-08,Nashik,19.9975,73.7898,30.5,23.3,26.9,83.7,1.1,True,weather_daily_agg_v1,42,08efbdb5ab95
2024-09-08,Nagpur,21.1458,79.0882,28.3,21.9,25.1,78.6,0.0,True,weather_daily_agg_v1,42,08efbdb5ab95
2024-09-08,Indore,22.7196,75.8577,21.5,23.7,22.6,71.4,0.0,True,weather_daily_agg_v1,42,08efbdb5ab95
2024-09-09,Pune,18.5204,73.8567,30.2,21.3,25.8,63.2,0.0,True,weather_daily_agg_v1,42,08efbdb5ab95
2024-09-09,Nashik,19.9975,73.7898,27.0,20.4,23.7,83.4,9.4,True,weather_daily_agg_v1,42,08efbdb5ab95
2024-09-09,Nagpur,21.1458,79.0882,28.6,23.0,25.8,76.2,0.0,True,weather_daily_agg_v1,42,08efbdb5ab95
2024-09-09,Indore,22.7196,75.8577,25.1,22.3,23.7,81.1,23.1,True,weather_daily_agg_v1,42,08efbdb5ab95
2024-09-10,Pune,18.5204,73.8567,30.4,22.6,26.5,86.6,0.0,True,weather_daily_agg_v1,42,08efbdb5ab95
2024-09-10,Nashik,19.9975,73.7898,26.1,21.9,24.0,87.6,7.9,True,weather_daily_agg_v1,42,08efbdb5ab95
2024-09-10,Nagpur,21.1458,79.0882,29.9,21.5,25.7,89.9,13.4,True,weather_daily_agg_v1,42,08efbdb5ab95
2024-09-10,Indore,22.7196,75.8577,28.1,24.3,26.2,80.0,5.8,True,weather_daily_agg_v1,42,08efbdb5ab95
2024-09-11,Pune,18.5204,73.8567,25.5,21.5,23.5,78.6,0.0,True,weather_daily_agg_v1,42,08efbdb5ab95
2024-09-11,Nashik,19.9975,73.7898,29.8,24.3,27.0,73.1,18.3,True,weather_daily_agg_v1,42,08efbdb5ab95
2024-09-11,Nagpur,21.1458,79.0882,31.7,21.1,26.4,84.2,13.3,True,weather_daily_agg_v1,42,08efbdb5ab95
2024-09-11,Indore,22.7196,75.8577,30.4,23.2,26.8,76.0,0.0,True,weather_daily_agg_v1,42,08efbdb5ab95
2024-09-12,Pune,18.5204,73.8567,27.6,23.3,25.5,86.8,0.0,True,weather_daily_agg_v1,42,08efbdb5ab95
2024-09-12,Nashik,19.9975,73.7898,29.3,23.1,26.2,84.8,0.0,True,weather_daily_agg_v1,42,08efbdb5ab95
2024-09-12,Nagpur,21.1458,79.0882,29.8,20.0,24.9,80.0,0.0,True,weather_daily_agg_v1,42,08efbdb5ab95
2024-09-12,Indore,22.7196,75.8577,29.1,20.9,25.0,73.7,17.2,True,weather_daily_agg_v1,42,08efbdb5ab95
2024-09-13,Pune,18.5204,73.8567,30.4,20.9,25.6,69.8,5.3,True,weather_daily_agg_v1,42,08efbdb5ab95
2024-09-13,Nashik,19.9975,73.7898,26.5,23.7,25.1,66.3,29.6,True,weather_daily_agg_v1,42,08efbdb5ab95
2024-09-13,Nagpur,21.1458,79.0882,31.1,21.4,26.3,64.4,0.0,True,weather_daily_agg_v1,42,08efbdb5ab95
2024-09-13,Indore,22.7196,75.8577,35.0,19.4,27.2,80.7,18.5,True,weather_daily_agg_v1,42,08efbdb5ab95
2024-09-14,Pune,18.5204,73.8567,33.5,23.9,28.7,98.0,9.5,True,weather_daily_agg_v1,42,08efbdb5ab95
2024-09-14,Nashik,19.9975,73.7898,27.0,24.2,25.6,69.7,1.7,True,weather_daily_agg_v1,42,08efbdb5ab95
2024-09-14,Nagpur,21.1458,79.0882,30.9,19.5,25.2,76.9,0.0,True,weather_daily_agg_v1,42,08efbdb5ab95
2024-09-14,Indore,22.7196,75.8577,28.3,21.1,24.7,67.0,0.0,True,weather_daily_agg_v1,42,08efbdb5ab95
2024-09-15,Pune,18.5204,73.8567,28.5,22.6,25.5,80.2,4.4,True,weather_daily_agg_v1,42,08efbdb5ab95
2024-09-15,Nashik,19.9975,73.7898,27.8,20.8,24.3,75.9,12.2,True,weather_daily_agg_v1,42,08efbdb5ab95
2024-09-15,Nagpur,21.1458,79.0882,26.1,23.4,24.8,77.4,5.1,True,weather_daily_agg_v1,42,08efbdb5ab95
2024-09-15,Indore,22.7196,75.8577,27.5,23.9,25.7,80.8,0.0,True,weather_daily_agg_v1,42,08efbdb5ab95
2024-09-16,Pune,18.5204,73.8567,28.3,24.1,26.2,67.5,11.0,True,weather_daily_agg_v1,42,08efbdb5ab95
2024-09-16,Nashik,19.9975,73.7898,29.6,24.9,27.3,75.3,0.7,True,weather_daily_agg_v1,42,08efbdb5ab95
2024-09-16,Nagpur,21.1458,79.0882,27.0,23.2,25.1,61.6,0.0,True,weather_daily_agg_v1,42,08efbdb5ab95
2024-09-16,Indore,22.7196,75.8577,34.0,23.6,28.8,83.3,2.3,True,weather_daily_agg_v1,42,08efbdb5ab95
2024-09-17,Pune,18.5204,73.8567,27.8,20.3,24.1,83.4,1.1,True,weather_daily_agg_v1,42,08efbdb5ab95
2024-09-17,Nashik,19.9975,73.7898,29.4,18.8,24.1,77.6,0.0,True,weather_daily_agg_v1,42,08efbdb5ab95
2024-09-17,Nagpur,21.1458,79.0882,33.1,22.3,27.7,83.5,4.4,True,weather_daily_agg_v1,42,08efbdb5ab95
2024-09-17,Indore,22.7196,75.8577,26.8,23.3,25.1,84.9,10.7,True,weather_daily_agg_v1,42,08efbdb5ab95
2024-09-18,Pune,18.5204,73.8567,32.2,23.5,27.9,83.5,18.4,True,weather_daily_agg_v1,42,08efbdb5ab95
2024-09-18,Nashik,19.9975,73.7898,30.3,22.6,26.5,65.2,8.0,True,weather_daily_agg_v1,42,08efbdb5ab95
2024-09-18,Nagpur,21.1458,79.0882,31.0,22.2,26.6,75.0,0.0,True,weather_daily_agg_v1,42,08efbdb5ab95
2024-09-18,Indore,22.7196,75.8577,26.4,22.0,24.2,74.4,9.2,True,weather_daily_agg_v1,42,08efbdb5ab95
2024-09-19,Pune,18.5204,73.8567,29.2,23.6,26.4,85.0,1.3,True,weather_daily_agg_v1,42,08efbdb5ab95
2024-09-19,Nashik,19.9975,73.7898,29.3,22.7,26.0,82.8,3.9,True,weather_daily_agg_v1,42,08efbdb5ab95
2024-09-19,Nagpur,21.1458,79.0882,28.3,20.6,24.4,85.1,11.5,True,weather_daily_agg_v1,42,08efbdb5ab95
2024-09-19,Indore,22.7196,75.8577,34.7,21.1,27.9,67.0,0.0,True,weather_daily_agg_v1,42,08efbdb5ab95
2024-09-20,Pune,18.5204,73.8567,33.0,20.9,26.9,76.2,0.0,True,weather_daily_agg_v1,42,08efbdb5ab95
2024-09-20,Nashik,19.9975,73.7898,30.7,23.7,27.2,86.0,0.0,True,weather_daily_agg_v1,42,08efbdb5ab95
2024-09-20,Nagpur,21.1458,79.0882,27.2,22.9,25.0,90.5,10.6,True,weather_daily_agg_v1,42,08efbdb5ab95
2024-09-20,Indore,22.7196,75.8577,29.2,20.8,25.0,80.1,0.0,True,weather_daily_agg_v1,42,08efbdb5ab95
2024-09-21,Pune,18.5204,73.8567,28.7,24.4,26.6,79.4,0.0,True,weather_daily_agg_v1,42,08efbdb5ab95
2024-09-21,Nashik,19.9975,73.7898,27.1,20.8,23.9,80.9,0.0,True,weather_daily_agg_v1,42,08efbdb5ab95
2024-09-21,Nagpur,21.1458,79.0882,29.9,21.5,25.7,79.1,29.4,True,weather_daily_agg_v1,42,08efbdb5ab95
2024-09-21,Indore,22.7196,75.8577,27.2,24.0,25.6,72.5,14.0,True,weather_daily_agg_v1,42,08efbdb5ab95
2024-09-22,Pune,18.5204,73.8567,29.3,23.0,26.1,72.8,0.0,True,weather_daily_agg_v1,42,08efbdb5ab95
2024-09-22,Nashik,19.9975,73.7898,25.8,23.8,24.8,87.0,0.0,True,weather_daily_agg_v1,42,08efbdb5ab95
2024-09-22,Nagpur,21.1458,79.0882,25.9,19.5,22.7,71.1,3.7,True,weather_daily_agg_v1,42,08efbdb5ab95
2024-09-22,Indore,22.7196,75.8577,26.6,19.7,23.1,83.9,0.0,True,weather_daily_agg_v1,42,08efbdb5ab95
2024-09-23,Pune,18.5204,73.8567,28.7,23.5,26.1,74.5,14.7,True,weather_daily_agg_v1,42,08efbdb5ab95
2024-09-23,Nashik,19.9975,73.7898,26.9,23.0,25.0,61.8,0.7,True,weather_daily_agg_v1,42,08efbdb5ab95
2024-09-23,Nagpur,21.1458,79.0882,29.5,24.4,26.9,86.6,0.0,True,weather_daily_agg_v1,42,08efbdb5ab95
2024-09-23,Indore,22.7196,75.8577,28.8,21.5,25.1,73.9,2.1,True,weather_daily_agg_v1,42,08efbdb5ab95
2024-09-24,Pune,18.5204,73.8567,30.9,21.5,26.2,92.7,0.0,True,weather_daily_agg_v1,42,08efbdb5ab95
2024-09-24,Nashik,19.9975,73.7898,24.4,23.5,24.0,71.7,0.0,True,weather_daily_agg_v1,42,08efbdb5ab95
2024-09-24,Nagpur,21.1458,79.0882,29.5,22.6,26.0,76.0,0.0,True,weather_daily_agg_v1,42,08efbdb5ab95
2024-09-24,Indore,22.7196,75.8577,30.4,20.8,25.6,83.8,0.0,True,weather_daily_agg_v1,42,08efbdb5ab95
2024-09-25,Pune,18.5204,73.8567,25.7,20.9,23.3,74.5,7.2,True,weather_daily_agg_v1,42,08efbdb5ab95
2024-09-25,Nashik,19.9975,73.7898,31.9,22.3,27.1,72.7,0.0,True,weather_daily_agg_v1,42,08efbdb5ab95
2024-09-25,Nagpur,21.1458,79.0882,32.0,23.4,27.7,76.7,0.0,True,weather_daily_agg_v1,42,08efbdb5ab95
2024-09-25,Indore,22.7196,75.8577,30.2,22.5,26.4,71.2,0.0,True,weather_daily_agg_v1,42,08efbdb5ab95
2024-09-26,Pune,18.5204,73.8567,32.3,22.8,27.5,69.1,10.2,True,weather_daily_agg_v1,42,08efbdb5ab95
2024-09-26,Nashik,19.9975,73.7898,27.6,22.2,24.9,72.7,0.0,True,weather_daily_agg_v1,42,08efbdb5ab95
2024-09-26,Nagpur,21.1458,79.0882,30.4,22.4,26.4,64.1,9.0,True,weather_daily_agg_v1,42,08efbdb5ab95
2024-09-26,Indore,22.7196,75.8577,29.5,25.8,27.6,71.8,0.1,True,weather_daily_agg_v1,42,08efbdb5ab95
2024-09-27,Pune,18.5204,73.8567,27.7,17.7,22.7,75.1,0.0,True,weather_daily_agg_v1,42,08efbdb5ab95
2024-09-27,Nashik,19.9975,73.7898,25.4,20.3,22.8,72.6,1.2,True,weather_daily_agg_v1,42,08efbdb5ab95
2024-09-27,Nagpur,21.1458,79.0882,29.2,23.5,26.3,84.9,0.3,True,weather_daily_agg_v1,42,08efbdb5ab95
2024-09-27,Indore,22.7196,75.8577,25.9,21.5,23.7,57.1,16.4,True,weather_daily_agg_v1,42,08efbdb5ab95
2024-09-28,Pune,18.5204,73.8567,28.6,21.1,24.8,96.8,0.0,True,weather_daily_agg_v1,42,08efbdb5ab95
2024-09-28,Nashik,19.9975,73.7898,36.4,20.9,28.6,72.5,13.2,True,weather_daily_agg_v1,42,08efbdb5ab95
2024-09-28,Nagpur,21.1458,79.0882,29.6,23.2,26.4,67.7,8.7,True,weather_daily_agg_v1,42,08efbdb5ab95
2024-09-28,Indore,22.7196,75.8577,31.0,22.9,27.0,86.4,0.0,True,weather_daily_agg_v1,42,08efbdb5ab95
2024-09-29,Pune,18.5204,73.8567,29.4,19.2,24.3,77.2,11.8,True,weather_daily_agg_v1,42,08efbdb5ab95
2024-09-29,Nashik,19.9975,73.7898,25.8,21.5,23.6,77.0,0.0,True,weather_daily_agg_v1,42,08efbdb5ab95
2024-09-29,Nagpur,21.1458,79.0882,29.6,23.6,26.6,97.3,0.0,True,weather_daily_agg_v1,42,08efbdb5ab95
2024-09-29,Indore,22.7196,75.8577,27.4,21.5,24.4,84.7,1.9,True,weather_daily_agg_v1,42,08efbdb5ab95
2024-09-30,Pune,18.5204,73.8567,31.7,23.4,27.5,78.7,0.0,True,weather_daily_agg_v1,42,08efbdb5ab95
2024-09-30,Nashik,19.9975,73.7898,26.0,19.3,22.7,57.5,2.8,True,weather_daily_agg_v1,42,08efbdb5ab95
2024-09-30,Nagpur,21.1458,79.0882,28.5,22.6,25.5,73.1,26.4,True,weather_daily_agg_v1,42,08efbdb5ab95
2024-09-30,Indore,22.7196,75.8577,32.0,22.0,27.0,78.0,10.4,True,weather_daily_agg_v1,42,08efbdb5ab95
2024-10-01,Pune,18.5204,73.8567,23.7,16.4,20.0,41.7,0.0,True,weather_daily_agg_v1,42,08efbdb5ab95
2024-10-01,Nashik,19.9975,73.7898,25.7,9.7,17.7,42.1,0.0,True,weather_daily_agg_v1,42,08efbdb5ab95
2024-10-01,Nagpur,21.1458,79.0882,26.1,13.4,19.7,36.5,0.0,True,weather_daily_agg_v1,42,08efbdb5ab95
2024-10-01,Indore,22.7196,75.8577,28.4,13.4,20.9,38.3,0.0,True,weather_daily_agg_v1,42,08efbdb5ab95
2024-10-02,Pune,18.5204,73.8567,24.6,14.4,19.5,65.8,0.0,True,weather_daily_agg_v1,42,08efbdb5ab95
2024-10-02,Nashik,19.9975,73.7898,25.9,14.2,20.1,49.4,0.0,True,weather_daily_agg_v1,42,08efbdb5ab95
2024-10-02,Nagpur,21.1458,79.0882,28.2,17.5,22.8,54.2,0.0,True,weather_daily_agg_v1,42,08efbdb5ab95
2024-10-02,Indore,22.7196,75.8577,26.3,17.7,22.0,30.6,0.0,True,weather_daily_agg_v1,42,08efbdb5ab95
2024-10-03,Pune,18.5204,73.8567,29.1,17.1,23.1,55.3,0.0,True,weather_daily_agg_v1,42,08efbdb5ab95
2024-10-03,Nashik,19.9975,73.7898,29.6,16.7,23.1,32.7,0.0,True,weather_daily_agg_v1,42,08efbdb5ab95
2024-10-03,Nagpur,21.1458,79.0882,33.3,14.5,23.9,42.7,0.0,True,weather_daily_agg_v1,42,08efbdb5ab95
2024-10-03,Indore,22.7196,75.8577,28.8,12.2,20.5,30.5,0.0,True,weather_daily_agg_v1,42,08efbdb5ab95
2024-10-04,Pune,18.5204,73.8567,29.1,12.5,20.8,57.3,0.0,True,weather_daily_agg_v1,42,08efbdb5ab95
2024-10-04,Nashik,19.9975,73.7898,29.9,11.9,20.9,60.0,0.0,True,weather_daily_agg_v1,42,08efbdb5ab95
2024-10-04,Nagpur,21.1458,79.0882,29.0,13.1,21.1,46.8,0.0,True,weather_daily_agg_v1,42,08efbdb5ab95
2024-10-04,Indore,22.7196,75.8577,28.1,11.3,19.7,45.3,0.0,True,weather_daily_agg_v1,42,08efbdb5ab95
2024-10-05,Pune,18.5204,73.8567,28.5,9.0,18.8,30.1,0.0,True,weather_daily_agg_v1,42,08efbdb5ab95
2024-10-05,Nashik,19.9975,73.7898,24.5,9.9,17.2,40.1,0.0,True,weather_daily_agg_v1,42,08efbdb5ab95
2024-10-05,Nagpur,21.1458,79.0882,27.6,13.4,20.5,51.4,0.0,True,weather_daily_agg_v1,42,08efbdb5ab95
2024-10-05,Indore,22.7196,75.8577,26.7,14.9,20.8,37.5,0.0,True,weather_daily_agg_v1,42,08efbdb5ab95
2024-10-06,Pune,18.5204,73.8567,29.6,16.4,23.0,47.6,0.0,True,weather_daily_agg_v1,42,08efbdb5ab95
2024-10-06,Nashik,19.9975,73.7898,24.3,12.1,18.2,46.0,0.0,True,weather_daily_agg_v1,42,08efbdb5ab95
2024-10-06,Nagpur,21.1458,79.0882,26.4,11.4,18.9,47.2,0.0,True,weather_daily_agg_v1,42,08efbdb5ab95
2024-10-06,Indore,22.7196,75.8577,32.9,12.8,22.8,48.6,0.0,True,weather_daily_agg_v1,42,08efbdb5ab95
2024-10-07,Pune,18.5204,73.8567,25.4,17.1,21.2,48.0,0.0,True,weather_daily_agg_v1,42,08efbdb5ab95
2024-10-07,Nashik,19.9975,73.7898,29.6,17.4,23.5,55.0,0.0,True,weather_daily_agg_v1,42,08efbdb5ab95
2024-10-07,Nagpur,21.1458,79.0882,27.4,18.3,22.8,44.6,0.0,True,weather_daily_agg_v1,42,08efbdb5ab95
2024-10-07,Indore,22.7196,75.8577,23.6,15.1,19.3,53.1,0.0,True,weather_daily_agg_v1,42,08efbdb5ab95
2024-10-08,Pune,18.5204,73.8567,29.8,15.0,22.4,43.3,0.0,True,weather_daily_agg_v1,42,08efbdb5ab95
2024-10-08,Nashik,19.9975,73.7898,28.5,14.5,21.5,34.1,0.0,True,weather_daily_agg_v1,42,08efbdb5ab95
2024-10-08,Nagpur,21.1458,79.0882,29.2,17.7,23.4,50.9,0.0,True,weather_daily_agg_v1,42,08efbdb5ab95
2024-10-08,Indore,22.7196,75.8577,28.0,16.9,22.5,51.3,0.0,True,weather_daily_agg_v1,42,08efbdb5ab95
2024-10-09,Pune,18.5204,73.8567,29.8,14.5,22.2,65.9,0.0,True,weather_daily_agg_v1,42,08efbdb5ab95
2024-10-09,Nashik,19.9975,73.7898,28.5,14.0,21.3,51.5,0.0,True,weather_daily_agg_v1,42,08efbdb5ab95
2024-10-09,Nagpur,21.1458,79.0882,26.5,16.9,21.7,65.3,0.0,True,weather_daily_agg_v1,42,08efbdb5ab95
2024-10-09,Indore,22.7196,75.8577,25.0,13.5,19.3,47.0,0.0,True,weather_daily_agg_v1,42,08efbdb5ab95
2024-10-10,Pune,18.5204,73.8567,29.2,14.2,21.7,43.6,0.0,True,weather_daily_agg_v1,42,08efbdb5ab95
2024-10-10,Nashik,19.9975,73.7898,30.9,16.7,23.8,39.8,0.0,True,weather_daily_agg_v1,42,08efbdb5ab95
2024-10-10,Nagpur,21.1458,79.0882,28.5,13.9,21.2,60.7,0.0,True,weather_daily_agg_v1,42,08efbdb5ab95
2024-10-10,Indore,22.7196,75.8577,26.8,14.3,20.6,53.6,0.0,True,weather_daily_agg_v1,42,08efbdb5ab95
2024-10-11,Pune,18.5204,73.8567,25.1,14.3,19.7,46.6,0.0,True,weather_daily_agg_v1,42,08efbdb5ab95
2024-10-11,Nashik,19.9975,73.7898,27.5,14.9,21.2,44.5,0.0,True,weather_daily_agg_v1,42,08efbdb5ab95
2024-10-11,Nagpur,21.1458,79.0882,26.3,13.2,19.7,58.2,0.0,True,weather_daily_agg_v1,42,08efbdb5ab95
2024-10-11,Indore,22.7196,75.8577,26.3,12.5,19.4,41.9,0.0,True,weather_daily_agg_v1,42,08efbdb5ab95
2024-10-12,Pune,18.5204,73.8567,29.2,14.8,22.0,46.4,0.0,True,weather_daily_agg_v1,42,08efbdb5ab95
2024-10-12,Nashik,19.9975,73.7898,30.6,16.4,23.5,39.5,0.0,True,weather_daily_agg_v1,42,08efbdb5ab95
2024-10-12,Nagpur,21.1458,79.0882,30.4,14.8,22.6,40.8,0.0,True,weather_daily_agg_v1,42,08efbdb5ab95
2024-10-12,Indore,22.7196,75.8577,28.7,13.9,21.3,46.7,0.0,True,weather_daily_agg_v1,42,08efbdb5ab95
2024-10-13,Pune,18.5204,73.8567,28.4,13.2,20.8,52.4,0.0,True,weather_daily_agg_v1,42,08efbdb5ab95
2024-10-13,Nashik,19.9975,73.7898,29.1,13.1,21.1,31.8,0.0,True,weather_daily_agg_v1,42,08efbdb5ab95
2024-10-13,Nagpur,21.1458,79.0882,29.0,13.1,21.0,54.2,0.0,True,weather_daily_agg_v1,42,08efbdb5ab95
2024-10-13,Indore,22.7196,75.8577,28.4,14.4,21.4,56.2,0.0,True,weather_daily_agg_v1,42,08efbdb5ab95
2024-10-14,Pune,18.5204,73.8567,31.4,12.2,21.8,46.9,0.0,True,weather_daily_agg_v1,42,08efbdb5ab95
2024-10-14,Nashik,19.9975,73.7898,25.5,15.8,20.7,45.4,0.0,True,weather_daily_agg_v1,42,08efbdb5ab95
2024-10-14,Nagpur,21.1458,79.0882,27.1,12.7,19.9,43.3,0.0,True,weather_daily_agg_v1,42,08efbdb5ab95
2024-10-14,Indore,22.7196,75.8577,25.5,8.4,16.9,48.5,0.0,True,weather_daily_agg_v1,42,08efbdb5ab95
2024-10-15,Pune,18.5204,73.8567,23.8,16.1,20.0,51.7,0.0,True,weather_daily_agg_v1,42,08efbdb5ab95
2024-10-15,Nashik,19.9975,73.7898,27.7,17.2,22.5,60.5,0.0,True,weather_daily_agg_v1,42,08efbdb5ab95
2024-10-15,Nagpur,21.1458,79.0882,31.2,12.9,22.0,47.8,0.0,True,weather_daily_agg_v1,42,08efbdb5ab95
2024-10-15,Indore,22.7196,75.8577,27.8,18.3,23.1,29.1,0.0,True,weather_daily_agg_v1,42,08efbdb5ab95
2024-10-16,Pune,18.5204,73.8567,27.0,14.8,20.9,52.3,0.0,True,weather_daily_agg_v1,42,08efbdb5ab95
2024-10-16,Nashik,19.9975,73.7898,27.8,20.6,24.2,55.8,0.0,True,weather_daily_agg_v1,42,08efbdb5ab95
2024-10-16,Nagpur,21.1458,79.0882,30.0,15.9,23.0,43.9,0.0,True,weather_daily_agg_v1,42,08efbdb5ab95
2024-10-16,Indore,22.7196,75.8577,27.2,16.5,21.8,42.4,0.0,True,weather_daily_agg_v1,42,08efbdb5ab95
2024-10-17,Pune,18.5204,73.8567,28.7,9.9,19.3,49.2,0.0,True,weather_daily_agg_v1,42,08efbdb5ab95
2024-10-17,Nashik,19.9975,73.7898,28.6,13.8,21.2,53.2,0.0,True,weather_daily_agg_v1,42,08efbdb5ab95
2024-10-17,Nagpur,21.1458,79.0882,27.2,12.5,19.9,50.9,0.0,True,weather_daily_agg_v1,42,08efbdb5ab95
2024-10-17,Indore,22.7196,75.8577,27.1,19.5,23.3,46.1,0.0,True,weather_daily_agg_v1,42,08efbdb5ab95
2024-10-18,Pune,18.5204,73.8567,26.1,19.1,22.6,55.3,0.0,True,weather_daily_agg_v1,42,08efbdb5ab95
2024-10-18,Nashik,19.9975,73.7898,28.1,16.2,22.2,44.5,0.0,True,weather_daily_agg_v1,42,08efbdb5ab95
2024-10-18,Nagpur,21.1458,79.0882,27.5,12.6,20.0,32.2,0.0,True,weather_daily_agg_v1,42,08efbdb5ab95
2024-10-18,Indore,22.7196,75.8577,28.7,13.8,21.3,49.6,0.0,True,weather_daily_agg_v1,42,08efbdb5ab95
2024-10-19,Pune,18.5204,73.8567,30.1,14.8,22.4,47.0,0.0,True,weather_daily_agg_v1,42,08efbdb5ab95
2024-10-19,Nashik,19.9975,73.7898,28.3,18.6,23.4,48.3,0.0,True,weather_daily_agg_v1,42,08efbdb5ab95
2024-10-19,Nagpur,21.1458,79.0882,27.0,9.2,18.1,49.4,0.0,True,weather_daily_agg_v1,42,08efbdb5ab95
2024-10-19,Indore,22.7196,75.8577,27.1,13.7,20.4,36.5,0.0,True,weather_daily_agg_v1,42,08efbdb5ab95
2024-10-20,Pune,18.5204,73.8567,28.7,12.6,20.6,43.6,0.0,True,weather_daily_agg_v1,42,08efbdb5ab95
2024-10-20,Nashik,19.9975,73.7898,29.2,17.4,23.3,40.7,0.0,True,weather_daily_agg_v1,42,08efbdb5ab95
2024-10-20,Nagpur,21.1458,79.0882,28.5,9.2,18.9,39.1,0.0,True,weather_daily_agg_v1,42,08efbdb5ab95
2024-10-20,Indore,22.7196,75.8577,26.8,16.8,21.8,36.2,0.0,True,weather_daily_agg_v1,42,08efbdb5ab95
2024-10-21,Pune,18.5204,73.8567,26.4,14.1,20.2,41.8,0.0,True,weather_daily_agg_v1,42,08efbdb5ab95
2024-10-21,Nashik,19.9975,73.7898,26.4,19.0,22.7,48.3,0.0,True,weather_daily_agg_v1,42,08efbdb5ab95
2024-10-21,Nagpur,21.1458,79.0882,28.2,13.0,20.6,45.9,0.0,True,weather_daily_agg_v1,42,08efbdb5ab95
2024-10-21,Indore,22.7196,75.8577,30.5,18.2,24.3,51.5,0.0,True,weather_daily_agg_v1,42,08efbdb5ab95
2024-10-22,Pune,18.5204,73.8567,30.2,15.4,22.8,41.9,0.0,True,weather_daily_agg_v1,42,08efbdb5ab95
2024-10-22,Nashik,19.9975,73.7898,27.8,13.5,20.7,55.8,0.0,True,weather_daily_agg_v1,42,08efbdb5ab95
2024-10-22,Nagpur,21.1458,79.0882,29.9,17.9,23.9,55.5,0.0,True,weather_daily_agg_v1,42,08efbdb5ab95
2024-10-22,Indore,22.7196,75.8577,27.8,7.9,17.8,49.6,0.0,True,weather_daily_agg_v1,42,08efbdb5ab95
2024-10-23,Pune,18.5204,73.8567,27.2,11.2,19.2,35.1,0.0,True,weather_daily_agg_v1,42,08efbdb5ab95
2024-10-23,Nashik,19.9975,73.7898,25.4,12.7,19.1,54.5,0.0,True,weather_daily_agg_v1,42,08efbdb5ab95
2024-10-23,Nagpur,21.1458,79.0882,30.4,12.5,21.4,44.3,0.0,True,weather_daily_agg_v1,42,08efbdb5ab95
2024-10-23,Indore,22.7196,75.8577,28.4,16.3,22.3,51.6,0.0,True,weather_daily_agg_v1,42,08efbdb5ab95
2024-10-24,Pune,18.5204,73.8567,27.9,9.8,18.8,54.8,0.0,True,weather_daily_agg_v1,42,08efbdb5ab95
2024-10-24,Nashik,19.9975,73.7898,28.0,14.7,21.3,46.1,0.0,True,weather_daily_agg_v1,42,08efbdb5ab95
2024-10-24,Nagpur,21.1458,79.0882,30.3,14.0,22.2,42.1,0.0,True,weather_daily_agg_v1,42,08efbdb5ab95
2024-10-24,Indore,22.7196,75.8577,27.1,18.8,23.0,40.6,0.0,True,weather_daily_agg_v1,42,08efbdb5ab95
2024-10-25,Pune,18.5204,73.8567,30.1,11.4,20.7,53.3,0.0,True,weather_daily_agg_v1,42,08efbdb5ab95
2024-10-25,Nashik,19.9975,73.7898,26.6,14.5,20.5,42.5,0.0,True,weather_daily_agg_v1,42,08efbdb5ab95
2024-10-25,Nagpur,21.1458,79.0882,27.0,13.1,20.1,46.6,0.0,True,weather_daily_agg_v1,42,08efbdb5ab95
2024-10-25,Indore,22.7196,75.8577,27.6,16.8,22.2,41.6,0.0,True,weather_daily_agg_v1,42,08efbdb5ab95
2024-10-26,Pune,18.5204,73.8567,28.7,17.5,23.1,35.9,0.0,True,weather_daily_agg_v1,42,08efbdb5ab95
2024-10-26,Nashik,19.9975,73.7898,26.9,16.3,21.6,46.5,0.0,True,weather_daily_agg_v1,42,08efbdb5ab95
2024-10-26,Nagpur,21.1458,79.0882,28.0,11.4,19.7,40.1,0.0,True,weather_daily_agg_v1,42,08efbdb5ab95
2024-10-26,Indore,22.7196,75.8577,27.7,10.8,19.3,33.0,0.0,True,weather_daily_agg_v1,42,08efbdb5ab95
2024-10-27,Pune,18.5204,73.8567,30.2,18.6,24.4,47.9,0.0,True,weather_daily_agg_v1,42,08efbdb5ab95
2024-10-27,Nashik,19.9975,73.7898,30.0,15.0,22.5,48.7,0.0,True,weather_daily_agg_v1,42,08efbdb5ab95
2024-10-27,Nagpur,21.1458,79.0882,24.2,18.1,21.1,44.9,0.0,True,weather_daily_agg_v1,42,08efbdb5ab95
2024-10-27,Indore,22.7196,75.8577,30.8,15.3,23.1,39.6,0.0,True,weather_daily_agg_v1,42,08efbdb5ab95
2024-10-28,Pune,18.5204,73.8567,28.6,19.3,24.0,40.2,0.0,True,weather_daily_agg_v1,42,08efbdb5ab95
2024-10-28,Nashik,19.9975,73.7898,27.0,12.2,19.6,60.3,0.0,True,weather_daily_agg_v1,42,08efbdb5ab95
2024-10-28,Nagpur,21.1458,79.0882,27.7,17.0,22.3,48.8,0.0,True,weather_daily_agg_v1,42,08efbdb5ab95
2024-10-28,Indore,22.7196,75.8577,24.6,15.1,19.9,53.9,0.0,True,weather_daily_agg_v1,42,08efbdb5ab95
2024-10-29,Pune,18.5204,73.8567,28.1,14.6,21.3,46.6,0.0,True,weather_daily_agg_v1,42,08efbdb5ab95
2024-10-29,Nashik,19.9975,73.7898,30.0,12.1,21.0,57.6,0.0,True,weather_daily_agg_v1,42,08efbdb5ab95
2024-10-29,Nagpur,21.1458,79.0882,27.1,9.8,18.4,47.5,0.0,True,weather_daily_agg_v1,42,08efbdb5ab95
2024-10-29,Indore,22.7196,75.8577,31.7,9.7,20.7,47.1,0.0,True,weather_daily_agg_v1,42,08efbdb5ab95
2024-10-30,Pune,18.5204,73.8567,27.9,14.7,21.3,47.8,0.0,True,weather_daily_agg_v1,42,08efbdb5ab95
2024-10-30,Nashik,19.9975,73.7898,25.1,10.6,17.9,40.3,0.0,True,weather_daily_agg_v1,42,08efbdb5ab95
2024-10-30,Nagpur,21.1458,79.0882,26.0,12.8,19.4,58.6,0.0,True,weather_daily_agg_v1,42,08efbdb5ab95
2024-10-30,Indore,22.7196,75.8577,26.5,14.9,20.7,64.8,0.0,True,weather_daily_agg_v1,42,08efbdb5ab95
2024-10-31,Pune,18.5204,73.8567,30.0,10.7,20.4,56.5,0.0,True,weather_daily_agg_v1,42,08efbdb5ab95
2024-10-31,Nashik,19.9975,73.7898,28.6,18.8,23.7,42.3,0.0,True,weather_daily_agg_v1,42,08efbdb5ab95
2024-10-31,Nagpur,21.1458,79.0882,27.0,15.0,21.0,41.9,0.0,True,weather_daily_agg_v1,42,08efbdb5ab95
2024-10-31,Indore,22.7196,75.8577,29.4,11.9,20.6,53.0,0.0,True,weather_daily_agg_v1,42,08efbdb5ab95
2024-11-01,Pune,18.5204,73.8567,28.4,17.2,22.8,43.7,0.0,True,weather_daily_agg_v1,42,08efbdb5ab95
2024-11-01,Nashik,19.9975,73.7898,28.0,11.4,19.7,46.1,0.0,True,weather_daily_agg_v1,42,08efbdb5ab95
2024-11-01,Nagpur,21.1458,79.0882,28.3,16.7,22.5,62.9,0.0,True,weather_daily_agg_v1,42,08efbdb5ab95
2024-11-01,Indore,22.7196,75.8577,28.2,10.2,19.2,48.2,0.0,True,weather_daily_agg_v1,42,08efbdb5ab95
2024-11-02,Pune,18.5204,73.8567,30.5,14.2,22.3,30.8,0.0,True,weather_daily_agg_v1,42,08efbdb5ab95
2024-11-02,Nashik,19.9975,73.7898,25.5,11.7,18.6,49.7,0.0,True,weather_daily_agg_v1,42,08efbdb5ab95
2024-11-02,Nagpur,21.1458,79.0882,31.5,12.4,22.0,56.5,0.0,True,weather_daily_agg_v1,42,08efbdb5ab95
2024-11-02,Indore,22.7196,75.8577,28.4,13.7,21.0,53.4,0.0,True,weather_daily_agg_v1,42,08efbdb5ab95
2024-11-03,Pune,18.5204,73.8567,27.1,17.1,22.1,62.8,0.0,True,weather_daily_agg_v1,42,08efbdb5ab95
2024-11-03,Nashik,19.9975,73.7898,28.0,17.4,22.7,51.1,0.0,True,weather_daily_agg_v1,42,08efbdb5ab95
2024-11-03,Nagpur,21.1458,79.0882,27.8,17.4,22.6,50.3,0.0,True,weather_daily_agg_v1,42,08efbdb5ab95
2024-11-03,Indore,22.7196,75.8577,30.4,4.3,17.3,58.0,0.0,True,weather_daily_agg_v1,42,08efbdb5ab95
2024-11-04,Pune,18.5204,73.8567,28.4,13.9,21.2,51.5,0.0,True,weather_daily_agg_v1,42,08efbdb5ab95
2024-11-04,Nashik,19.9975,73.7898,28.5,15.7,22.1,52.9,0.0,True,weather_daily_agg_v1,42,08efbdb5ab95
2024-11-04,Nagpur,21.1458,79.0882,31.0,15.9,23.5,45.9,0.0,True,weather_daily_agg_v1,42,08efbdb5ab95
2024-11-04,Indore,22.7196,75.8577,29.0,16.9,22.9,52.3,0.0,True,weather_daily_agg_v1,42,08efbdb5ab95
2024-11-05,Pune,18.5204,73.8567,27.8,16.5,22.1,56.2,0.0,True,weather_daily_agg_v1,42,08efbdb5ab95
2024-11-05,Nashik,19.9975,73.7898,31.8,16.7,24.3,49.4,0.0,True,weather_daily_agg_v1,42,08efbdb5ab95
2024-11-05,Nagpur,21.1458,79.0882,32.7,8.7,20.7,43.0,0.0,True,weather_daily_agg_v1,42,08efbdb5ab95
2024-11-05,Indore,22.7196,75.8577,26.6,18.7,22.7,53.1,0.0,True,weather_daily_agg_v1,42,08efbdb5ab95
2024-11-06,Pune,18.5204,73.8567,26.4,13.3,19.9,50.0,0.0,True,weather_daily_agg_v1,42,08efbdb5ab95
2024-11-06,Nashik,19.9975,73.7898,27.4,13.2,20.3,42.3,0.0,True,weather_daily_agg_v1,42,08efbdb5ab95
2024-11-06,Nagpur,21.1458,79.0882,28.5,15.0,21.8,42.0,0.0,True,weather_daily_agg_v1,42,08efbdb5ab95
2024-11-06,Indore,22.7196,75.8577,24.7,14.8,19.7,40.0,0.0,True,weather_daily_agg_v1,42,08efbdb5ab95
2024-11-07,Pune,18.5204,73.8567,29.5,15.4,22.4,52.3,0.0,True,weather_daily_agg_v1,42,08efbdb5ab95
2024-11-07,Nashik,19.9975,73.7898,30.0,20.7,25.3,60.6,0.0,True,weather_daily_agg_v1,42,08efbdb5ab95
2024-11-07,Nagpur,21.1458,79.0882,24.5,8.5,16.5,72.8,0.0,True,weather_daily_agg_v1,42,08efbdb5ab95
2024-11-07,Indore,22.7196,75.8577,29.0,13.8,21.4,47.9,0.0,True,weather_daily_agg_v1,42,08efbdb5ab95
2024-11-08,Pune,18.5204,73.8567,27.5,12.3,19.9,53.6,0.0,True,weather_daily_agg_v1,42,08efbdb5ab95
2024-11-08,Nashik,19.9975,73.7898,27.6,16.1,21.9,43.7,0.0,True,weather_daily_agg_v1,42,08efbdb5ab95
2024-11-08,Nagpur,21.1458,79.0882,27.4,15.4,21.4,44.1,0.0,True,weather_daily_agg_v1,42,08efbdb5ab95
2024-11-08,Indore,22.7196,75.8577,30.2,11.7,21.0,46.4,0.0,True,weather_daily_agg_v1,42,08efbdb5ab95
2024-11-09,Pune,18.5204,73.8567,28.6,15.0,21.8,38.9,0.0,True,weather_daily_agg_v1,42,08efbdb5ab95
2024-11-09,Nashik,19.9975,73.7898,30.7,18.8,24.7,41.1,0.0,True,weather_daily_agg_v1,42,08efbdb5ab95
2024-11-09,Nagpur,21.1458,79.0882,31.0,8.0,19.5,43.0,0.0,True,weather_daily_agg_v1,42,08efbdb5ab95
2024-11-09,Indore,22.7196,75.8577,26.3,16.4,21.4,56.6,0.0,True,weather_daily_agg_v1,42,08efbdb5ab95
2024-11-10,Pune,18.5204,73.8567,27.9,12.0,19.9,40.3,0.0,True,weather_daily_agg_v1,42,08efbdb5ab95
2024-11-10,Nashik,19.9975,73.7898,31.7,13.7,22.7,46.3,0.0,True,weather_daily_agg_v1,42,08efbdb5ab95
2024-11-10,Nagpur,21.1458,79.0882,27.2,17.7,22.5,64.9,0.0,True,weather_daily_agg_v1,42,08efbdb5ab95
2024-11-10,Indore,22.7196,75.8577,27.4,12.7,20.0,35.0,0.0,True,weather_daily_agg_v1,42,08efbdb5ab95
2024-11-11,Pune,18.5204,73.8567,28.4,8.8,18.6,60.3,0.0,True,weather_daily_agg_v1,42,08efbdb5ab95
2024-11-11,Nashik,19.9975,73.7898,26.0,16.3,21.2,37.5,0.0,True,weather_daily_agg_v1,42,08efbdb5ab95
2024-11-11,Nagpur,21.1458,79.0882,27.4,12.6,20.0,54.4,0.0,True,weather_daily_agg_v1,42,08efbdb5ab95
2024-11-11,Indore,22.7196,75.8577,25.7,15.1,20.4,53.7,0.0,True,weather_daily_agg_v1,42,08efbdb5ab95
2024-11-12,Pune,18.5204,73.8567,27.5,15.0,21.2,51.0,0.0,True,weather_daily_agg_v1,42,08efbdb5ab95
2024-11-12,Nashik,19.9975,73.7898,29.0,10.7,19.8,48.8,0.0,True,weather_daily_agg_v1,42,08efbdb5ab95
2024-11-12,Nagpur,21.1458,79.0882,30.1,14.8,22.4,52.9,0.0,True,weather_daily_agg_v1,42,08efbdb5ab95
2024-11-12,Indore,22.7196,75.8577,27.8,16.2,22.0,52.8,0.0,True,weather_daily_agg_v1,42,08efbdb5ab95
2024-11-13,Pune,18.5204,73.8567,25.7,16.1,20.9,48.5,0.0,True,weather_daily_agg_v1,42,08efbdb5ab95
2024-11-13,Nashik,19.9975,73.7898,28.6,13.0,20.8,34.9,0.0,True,weather_daily_agg_v1,42,08efbdb5ab95
2024-11-13,Nagpur,21.1458,79.0882,28.3,12.2,20.3,44.4,0.0,True,weather_daily_agg_v1,42,08efbdb5ab95
2024-11-13,Indore,22.7196,75.8577,28.1,12.5,20.3,52.1,0.0,True,weather_daily_agg_v1,42,08efbdb5ab95
2024-11-14,Pune,18.5204,73.8567,28.4,15.6,22.0,58.7,0.0,True,weather_daily_agg_v1,42,08efbdb5ab95
2024-11-14,Nashik,19.9975,73.7898,30.8,15.4,23.1,59.3,0.0,True,weather_daily_agg_v1,42,08efbdb5ab95
2024-11-14,Nagpur,21.1458,79.0882,25.1,14.5,19.8,45.6,0.0,True,weather_daily_agg_v1,42,08efbdb5ab95
2024-11-14,Indore,22.7196,75.8577,28.7,5.4,17.0,56.8,0.0,True,weather_daily_agg_v1,42,08efbdb5ab95
2024-11-15,Pune,18.5204,73.8567,29.9,13.2,21.6,55.0,0.0,True,weather_daily_agg_v1,42,08efbdb5ab95
2024-11-15,Nashik,19.9975,73.7898,29.3,12.3,20.8,55.9,0.0,True,weather_daily_agg_v1,42,08efbdb5ab95
2024-11-15,Nagpur,21.1458,79.0882,25.5,13.9,19.7,58.2,0.0,True,weather_daily_agg_v1,42,08efbdb5ab95
2024-11-15,Indore,22.7196,75.8577,26.3,14.8,20.6,46.7,0.0,True,weather_daily_agg_v1,42,08efbdb5ab95
2024-11-16,Pune,18.5204,73.8567,30.5,15.8,23.2,58.5,0.0,True,weather_daily_agg_v1,42,08efbdb5ab95
2024-11-16,Nashik,19.9975,73.7898,25.3,14.4,19.9,34.4,0.0,True,weather_daily_agg_v1,42,08efbdb5ab95
2024-11-16,Nagpur,21.1458,79.0882,27.0,18.8,22.9,47.7,0.0,True,weather_daily_agg_v1,42,08efbdb5ab95
2024-11-16,Indore,22.7196,75.8577,29.1,16.5,22.8,48.8,0.0,True,weather_daily_agg_v1,42,08efbdb5ab95
2024-11-17,Pune,18.5204,73.8567,33.2,11.6,22.4,48.4,0.0,True,weather_daily_agg_v1,42,08efbdb5ab95
2024-11-17,Nashik,19.9975,73.7898,26.1,17.9,22.0,43.2,0.0,True,weather_daily_agg_v1,42,08efbdb5ab95
2024-11-17,Nagpur,21.1458,79.0882,26.9,11.8,19.4,54.4,0.0,True,weather_daily_agg_v1,42,08efbdb5ab95
2024-11-17,Indore,22.7196,75.8577,28.7,17.5,23.1,59.1,0.0,True,weather_daily_agg_v1,42,08efbdb5ab95
2024-11-18,Pune,18.5204,73.8567,29.0,14.8,21.9,47.5,0.0,True,weather_daily_agg_v1,42,08efbdb5ab95
2024-11-18,Nashik,19.9975,73.7898,27.7,11.0,19.4,43.0,0.0,True,weather_daily_agg_v1,42,08efbdb5ab95
2024-11-18,Nagpur,21.1458,79.0882,29.5,16.5,23.0,52.0,0.0,True,weather_daily_agg_v1,42,08efbdb5ab95
2024-11-18,Indore,22.7196,75.8577,27.7,17.9,22.8,53.3,0.0,True,weather_daily_agg_v1,42,08efbdb5ab95
2024-11-19,Pune,18.5204,73.8567,30.8,17.6,24.2,55.1,0.0,True,weather_daily_agg_v1,42,08efbdb5ab95
2024-11-19,Nashik,19.9975,73.7898,28.8,15.9,22.4,47.0,0.0,True,weather_daily_agg_v1,42,08efbdb5ab95
2024-11-19,Nagpur,21.1458,79.0882,25.7,10.8,18.2,38.8,0.0,True,weather_daily_agg_v1,42,08efbdb5ab95
2024-11-19,Indore,22.7196,75.8577,27.3,10.4,18.9,47.1,0.0,True,weather_daily_agg_v1,42,08efbdb5ab95
2024-11-20,Pune,18.5204,73.8567,27.8,17.0,22.4,49.2,0.0,True,weather_daily_agg_v1,42,08efbdb5ab95
2024-11-20,Nashik,19.9975,73.7898,28.9,12.3,20.6,64.1,0.0,True,weather_daily_agg_v1,42,08efbdb5ab95
2024-11-20,Nagpur,21.1458,79.0882,28.0,13.4,20.7,53.2,0.0,True,weather_daily_agg_v1,42,08efbdb5ab95
2024-11-20,Indore,22.7196,75.8577,27.1,13.6,20.3,41.1,0.0,True,weather_daily_agg_v1,42,08efbdb5ab95
2024-11-21,Pune,18.5204,73.8567,29.0,18.6,23.8,54.4,0.0,True,weather_daily_agg_v1,42,08efbdb5ab95
2024-11-21,Nashik,19.9975,73.7898,28.8,13.2,21.0,53.4,0.0,True,weather_daily_agg_v1,42,08efbdb5ab95
2024-11-21,Nagpur,21.1458,79.0882,26.9,12.3,19.6,39.7,0.0,True,weather_daily_agg_v1,42,08efbdb5ab95
2024-11-21,Indore,22.7196,75.8577,26.0,18.0,22.0,27.5,0.0,True,weather_daily_agg_v1,42,08efbdb5ab95
2024-11-22,Pune,18.5204,73.8567,27.2,15.0,21.1,50.9,0.0,True,weather_daily_agg_v1,42,08efbdb5ab95
2024-11-22,Nashik,19.9975,73.7898,28.6,17.2,22.9,32.4,0.0,True,weather_daily_agg_v1,42,08efbdb5ab95
2024-11-22,Nagpur,21.1458,79.0882,24.5,13.0,18.7,47.0,0.0,True,weather_daily_agg_v1,42,08efbdb5ab95
2024-11-22,Indore,22.7196,75.8577,28.5,10.5,19.5,58.2,0.0,True,weather_daily_agg_v1,42,08efbdb5ab95
2024-11-23,Pune,18.5204,73.8567,25.5,13.4,19.4,66.9,0.0,True,weather_daily_agg_v1,42,08efbdb5ab95
2024-11-23,Nashik,19.9975,73.7898,25.9,12.9,19.4,39.7,0.0,True,weather_daily_agg_v1,42,08efbdb5ab95
2024-11-23,Nagpur,21.1458,79.0882,30.6,13.0,21.8,53.1,0.0,True,weather_daily_agg_v1,42,08efbdb5ab95
2024-11-23,Indore,22.7196,75.8577,29.0,15.3,22.1,39.9,0.0,True,weather_daily_agg_v1,42,08efbdb5ab95
2024-11-24,Pune,18.5204,73.8567,28.6,13.7,21.1,49.9,0.0,True,weather_daily_agg_v1,42,08efbdb5ab95
2024-11-24,Nashik,19.9975,73.7898,27.6,16.7,22.2,48.8,0.0,True,weather_daily_agg_v1,42,08efbdb5ab95
2024-11-24,Nagpur,21.1458,79.0882,28.4,14.0,21.2,65.8,0.0,True,weather_daily_agg_v1,42,08efbdb5ab95
2024-11-24,Indore,22.7196,75.8577,26.7,15.9,21.3,50.0,0.0,True,weather_daily_agg_v1,42,08efbdb5ab95
2024-11-25,Pune,18.5204,73.8567,27.2,16.3,21.7,51.5,0.0,True,weather_daily_agg_v1,42,08efbdb5ab95
2024-11-25,Nashik,19.9975,73.7898,26.1,14.9,20.5,48.2,0.0,True,weather_daily_agg_v1,42,08efbdb5ab95
2024-11-25,Nagpur,21.1458,79.0882,29.9,16.1,23.0,49.9,0.0,True,weather_daily_agg_v1,42,08efbdb5ab95
2024-11-25,Indore,22.7196,75.8577,27.1,14.0,20.5,47.1,0.0,True,weather_daily_agg_v1,42,08efbdb5ab95
2024-11-26,Pune,18.5204,73.8567,29.0,14.8,21.9,50.9,0.0,True,weather_daily_agg_v1,42,08efbdb5ab95
2024-11-26,Nashik,19.9975,73.7898,30.0,12.3,21.2,47.3,0.0,True,weather_daily_agg_v1,42,08efbdb5ab95
2024-11-26,Nagpur,21.1458,79.0882,29.5,11.2,20.4,67.8,0.0,True,weather_daily_agg_v1,42,08efbdb5ab95
2024-11-26,Indore,22.7196,75.8577,29.5,13.1,21.3,49.5,0.0,True,weather_daily_agg_v1,42,08efbdb5ab95
2024-11-27,Pune,18.5204,73.8567,25.9,15.4,20.6,36.0,0.0,True,weather_daily_agg_v1,42,08efbdb5ab95
2024-11-27,Nashik,19.9975,73.7898,25.1,15.3,20.2,34.0,0.0,True,weather_daily_agg_v1,42,08efbdb5ab95
2024-11-27,Nagpur,21.1458,79.0882,26.6,12.8,19.7,46.2,0.0,True,weather_daily_agg_v1,42,08efbdb5ab95
2024-11-27,Indore,22.7196,75.8577,29.0,12.0,20.5,36.2,0.0,True,weather_daily_agg_v1,42,08efbdb5ab95
2024-11-28,Pune,18.5204,73.8567,28.7,13.4,21.0,43.7,0.0,True,weather_daily_agg_v1,42,08efbdb5ab95
2024-11-28,Nashik,19.9975,73.7898,24.0,14.9,19.5,42.4,0.0,True,weather_daily_agg_v1,42,08efbdb5ab95
2024-11-28,Nagpur,21.1458,79.0882,27.0,11.4,19.2,48.6,0.0,True,weather_daily_agg_v1,42,08efbdb5ab95
2024-11-28,Indore,22.7196,75.8577,29.0,14.2,21.6,48.1,0.0,True,weather_daily_agg_v1,42,08efbdb5ab95
2024-11-29,Pune,18.5204,73.8567,29.4,13.7,21.6,61.1,0.0,True,weather_daily_agg_v1,42,08efbdb5ab95
2024-11-29,Nashik,19.9975,73.7898,28.1,14.1,21.1,53.9,0.0,True,weather_daily_agg_v1,42,08efbdb5ab95
2024-11-29,Nagpur,21.1458,79.0882,26.2,14.1,20.1,58.4,0.0,True,weather_daily_agg_v1,42,08efbdb5ab95
2024-11-29,Indore,22.7196,75.8577,28.6,13.1,20.8,57.5,0.0,True,weather_daily_agg_v1,42,08efbdb5ab95
2024-11-30,Pune,18.5204,73.8567,23.5,19.2,21.3,34.4,0.0,True,weather_daily_agg_v1,42,08efbdb5ab95
2024-11-30,Nashik,19.9975,73.7898,26.8,14.9,20.9,50.5,0.0,True,weather_daily_agg_v1,42,08efbdb5ab95
2024-11-30,Nagpur,21.1458,79.0882,27.3,11.6,19.5,40.4,0.0,True,weather_daily_agg_v1,42,08efbdb5ab95
2024-11-30,Indore,22.7196,75.8577,23.8,10.0,16.9,36.7,0.0,True,weather_daily_agg_v1,42,08efbdb5ab95
2024-12-01,Pune,18.5204,73.8567,26.0,15.3,20.7,56.2,0.0,True,weather_daily_agg_v1,42,08efbdb5ab95
2024-12-01,Nashik,19.9975,73.7898,28.0,13.3,20.6,55.7,0.0,True,weather_daily_agg_v1,42,08efbdb5ab95
2024-12-01,Nagpur,21.1458,79.0882,27.2,17.0,22.1,49.1,0.0,True,weather_daily_agg_v1,42,08efbdb5ab95
2024-12-01,Indore,22.7196,75.8577,30.9,8.6,19.8,63.0,0.0,True,weather_daily_agg_v1,42,08efbdb5ab95
2024-12-02,Pune,18.5204,73.8567,28.0,15.2,21.6,44.5,0.0,True,weather_daily_agg_v1,42,08efbdb5ab95
2024-12-02,Nashik,19.9975,73.7898,24.5,17.3,20.9,34.2,0.0,True,weather_daily_agg_v1,42,08efbdb5ab95
2024-12-02,Nagpur,21.1458,79.0882,25.0,11.2,18.1,43.5,0.0,True,weather_daily_agg_v1,42,08efbdb5ab95
2024-12-02,Indore,22.7196,75.8577,26.4,14.6,20.5,51.1,0.0,True,weather_daily_agg_v1,42,08efbdb5ab95
2024-12-03,Pune,18.5204,73.8567,24.5,17.6,21.0,40.2,0.0,True,weather_daily_agg_v1,42,08efbdb5ab95
2024-12-03,Nashik,19.9975,73.7898,27.3,12.7,20.0,51.2,0.0,True,weather_daily_agg_v1,42,08efbdb5ab95
2024-12-03,Nagpur,21.1458,79.0882,29.2,16.9,23.0,59.7,0.0,True,weather_daily_agg_v1,42,08efbdb5ab95
2024-12-03,Indore,22.7196,75.8577,28.1,15.0,21.6,43.3,0.0,True,weather_daily_agg_v1,42,08efbdb5ab95
2024-12-04,Pune,18.5204,73.8567,27.8,12.5,20.2,43.6,0.0,True,weather_daily_agg_v1,42,08efbdb5ab95
2024-12-04,Nashik,19.9975,73.7898,25.4,15.4,20.4,51.2,0.0,True,weather_daily_agg_v1,42,08efbdb5ab95
2024-12-04,Nagpur,21.1458,79.0882,27.6,15.1,21.4,50.5,0.0,True,weather_daily_agg_v1,42,08efbdb5ab95
2024-12-04,Indore,22.7196,75.8577,26.7,15.4,21.0,45.1,0.0,True,weather_daily_agg_v1,42,08efbdb5ab95
2024-12-05,Pune,18.5204,73.8567,27.0,12.5,19.8,52.7,0.0,True,weather_daily_agg_v1,42,08efbdb5ab95
2024-12-05,Nashik,19.9975,73.7898,26.9,17.8,22.4,46.5,0.0,True,weather_daily_agg_v1,42,08efbdb5ab95
2024-12-05,Nagpur,21.1458,79.0882,28.0,11.7,19.8,50.5,0.0,True,weather_daily_agg_v1,42,08efbdb5ab95
2024-12-05,Indore,22.7196,75.8577,26.8,12.4,19.6,53.9,0.0,True,weather_daily_agg_v1,42,08efbdb5ab95
2024-12-06,Pune,18.5204,73.8567,28.8,7.7,18.3,54.2,0.0,True,weather_daily_agg_v1,42,08efbdb5ab95
2024-12-06,Nashik,19.9975,73.7898,28.3,13.2,20.7,46.7,0.0,True,weather_daily_agg_v1,42,08efbdb5ab95
2024-12-06,Nagpur,21.1458,79.0882,24.4,6.9,15.7,49.3,0.0,True,weather_daily_agg_v1,42,08efbdb5ab95
2024-12-06,Indore,22.7196,75.8577,28.6,5.9,17.3,40.2,0.0,True,weather_daily_agg_v1,42,08efbdb5ab95
2024-12-07,Pune,18.5204,73.8567,24.2,13.4,18.8,41.3,0.0,True,weather_daily_agg_v1,42,08efbdb5ab95
2024-12-07,Nashik,19.9975,73.7898,27.6,13.7,20.6,63.7,0.0,True,weather_daily_agg_v1,42,08efbdb5ab95
2024-12-07,Nagpur,21.1458,79.0882,28.0,13.5,20.8,54.7,0.0,True,weather_daily_agg_v1,42,08efbdb5ab95
2024-12-07,Indore,22.7196,75.8577,28.9,14.7,21.8,55.4,0.0,True,weather_daily_agg_v1,42,08efbdb5ab95
2024-12-08,Pune,18.5204,73.8567,27.3,16.3,21.8,46.9,0.0,True,weather_daily_agg_v1,42,08efbdb5ab95
2024-12-08,Nashik,19.9975,73.7898,30.5,11.4,20.9,45.3,0.0,True,weather_daily_agg_v1,42,08efbdb5ab95
2024-12-08,Nagpur,21.1458,79.0882,28.9,11.6,20.3,59.5,0.0,True,weather_daily_agg_v1,42,08efbdb5ab95
2024-12-08,Indore,22.7196,75.8577,26.7,14.1,20.4,52.1,0.0,True,weather_daily_agg_v1,42,08efbdb5ab95
2024-12-09,Pune,18.5204,73.8567,27.7,16.4,22.0,44.1,0.0,True,weather_daily_agg_v1,42,08efbdb5ab95
2024-12-09,Nashik,19.9975,73.7898,25.7,11.3,18.5,52.1,0.0,True,weather_daily_agg_v1,42,08efbdb5ab95
2024-12-09,Nagpur,21.1458,79.0882,28.7,12.3,20.5,50.2,0.0,True,weather_daily_agg_v1,42,08efbdb5ab95
2024-12-09,Indore,22.7196,75.8577,29.6,12.4,21.0,60.7,0.0,True,weather_daily_agg_v1,42,08efbdb5ab95
2024-12-10,Pune,18.5204,73.8567,27.5,13.2,20.4,42.2,0.0,True,weather_daily_agg_v1,42,08efbdb5ab95
2024-12-10,Nashik,19.9975,73.7898,30.0,14.1,22.0,58.0,0.0,True,weather_daily_agg_v1,42,08efbdb5ab95
2024-12-10,Nagpur,21.1458,79.0882,29.6,14.1,21.9,53.4,0.0,True,weather_daily_agg_v1,42,08efbdb5ab95
2024-12-10,Indore,22.7196,75.8577,29.2,15.2,22.2,51.2,0.0,True,weather_daily_agg_v1,42,08efbdb5ab95
2024-12-11,Pune,18.5204,73.8567,26.6,13.3,20.0,41.8,0.0,True,weather_daily_agg_v1,42,08efbdb5ab95
2024-12-11,Nashik,19.9975,73.7898,25.1,15.7,20.4,42.3,0.0,True,weather_daily_agg_v1,42,08efbdb5ab95
2024-12-11,Nagpur,21.1458,79.0882,25.3,13.4,19.4,50.8,0.0,True,weather_daily_agg_v1,42,08efbdb5ab95
2024-12-11,Indore,22.7196,75.8577,28.4,11.3,19.8,46.5,0.0,True,weather_daily_agg_v1,42,08efbdb5ab95
2024-12-12,Pune,18.5204,73.8567,29.0,10.2,19.6,37.2,0.0,True,weather_daily_agg_v1,42,08efbdb5ab95
2024-12-12,Nashik,19.9975,73.7898,27.3,13.7,20.5,46.1,0.0,True,weather_daily_agg_v1,42,08efbdb5ab95
2024-12-12,Nagpur,21.1458,79.0882,31.2,10.0,20.6,50.0,0.0,True,weather_daily_agg_v1,42,08efbdb5ab95
2024-12-12,Indore,22.7196,75.8577,23.0,17.5,20.2,55.0,0.0,True,weather_daily_agg_v1,42,08efbdb5ab95
2024-12-13,Pune,18.5204,73.8567,32.9,13.0,22.9,31.7,0.0,True,weather_daily_agg_v1,42,08efbdb5ab95
2024-12-13,Nashik,19.9975,73.7898,30.2,12.9,21.5,58.3,0.0,True,weather_daily_agg_v1,42,08efbdb5ab95
2024-12-13,Nagpur,21.1458,79.0882,26.3,16.0,21.1,45.1,0.0,True,weather_daily_agg_v1,42,08efbdb5ab95
2024-12-13,Indore,22.7196,75.8577,26.4,15.3,20.9,44.6,0.0,True,weather_daily_agg_v1,42,08efbdb5ab95
2024-12-14,Pune,18.5204,73.8567,27.3,14.3,20.8,40.8,0.0,True,weather_daily_agg_v1,42,08efbdb5ab95
2024-12-14,Nashik,19.9975,73.7898,27.0,17.8,22.4,42.9,0.0,True,weather_daily_agg_v1,42,08efbdb5ab95
2024-12-14,Nagpur,21.1458,79.0882,27.3,13.6,20.4,46.4,0.0,True,weather_daily_agg_v1,42,08efbdb5ab95
2024-12-14,Indore,22.7196,75.8577,25.9,15.1,20.5,51.6,0.0,True,weather_daily_agg_v1,42,08efbdb5ab95
2024-12-15,Pune,18.5204,73.8567,24.4,18.5,21.5,50.0,0.0,True,weather_daily_agg_v1,42,08efbdb5ab95
2024-12-15,Nashik,19.9975,73.7898,26.4,11.2,18.8,59.7,0.0,True,weather_daily_agg_v1,42,08efbdb5ab95
2024-12-15,Nagpur,21.1458,79.0882,25.1,17.4,21.3,49.8,0.0,True,weather_daily_agg_v1,42,08efbdb5ab95
2024-12-15,Indore,22.7196,75.8577,31.2,11.9,21.6,44.3,0.0,True,weather_daily_agg_v1,42,08efbdb5ab95
2024-12-16,Pune,18.5204,73.8567,30.5,13.2,21.9,47.1,0.0,True,weather_daily_agg_v1,42,08efbdb5ab95
2024-12-16,Nashik,19.9975,73.7898,30.2,12.6,21.4,50.2,0.0,True,weather_daily_agg_v1,42,08efbdb5ab95
2024-12-16,Nagpur,21.1458,79.0882,25.1,15.5,20.3,37.9,0.0,True,weather_daily_agg_v1,42,08efbdb5ab95
2024-12-16,Indore,22.7196,75.8577,30.1,13.3,21.7,51.1,0.0,True,weather_daily_agg_v1,42,08efbdb5ab95
2024-12-17,Pune,18.5204,73.8567,23.3,21.2,22.2,36.6,0.0,True,weather_daily_agg_v1,42,08efbdb5ab95
2024-12-17,Nashik,19.9975,73.7898,28.3,14.7,21.5,52.2,0.0,True,weather_daily_agg_v1,42,08efbdb5ab95
2024-12-17,Nagpur,21.1458,79.0882,26.4,18.4,22.4,36.5,0.0,True,weather_daily_agg_v1,42,08efbdb5ab95
2024-12-17,Indore,22.7196,75.8577,26.5,10.9,18.7,53.3,0.0,True,weather_daily_agg_v1,42,08efbdb5ab95
2024-12-18,Pune,18.5204,73.8567,27.4,19.1,23.2,43.9,0.0,True,weather_daily_agg_v1,42,08efbdb5ab95
2024-12-18,Nashik,19.9975,73.7898,25.6,13.9,19.7,46.5,0.0,True,weather_daily_agg_v1,42,08efbdb5ab95
2024-12-18,Nagpur,21.1458,79.0882,25.4,15.0,20.2,50.1,0.0,True,weather_daily_agg_v1,42,08efbdb5ab95
2024-12-18,Indore,22.7196,75.8577,28.3,12.0,20.1,57.7,0.0,True,weather_daily_agg_v1,42,08efbdb5ab95
2024-12-19,Pune,18.5204,73.8567,24.7,13.7,19.2,43.8,0.0,True,weather_daily_agg_v1,42,08efbdb5ab95
2024-12-19,Nashik,19.9975,73.7898,26.2,18.8,22.5,50.5,0.0,True,weather_daily_agg_v1,42,08efbdb5ab95
2024-12-19,Nagpur,21.1458,79.0882,24.4,9.6,17.0,54.3,0.0,True,weather_daily_agg_v1,42,08efbdb5ab95
2024-12-19,Indore,22.7196,75.8577,31.1,16.2,23.7,40.1,0.0,True,weather_daily_agg_v1,42,08efbdb5ab95
2024-12-20,Pune,18.5204,73.8567,28.0,13.5,20.7,61.0,0.0,True,weather_daily_agg_v1,42,08efbdb5ab95
2024-12-20,Nashik,19.9975,73.7898,28.7,13.5,21.1,38.0,0.0,True,weather_daily_agg_v1,42,08efbdb5ab95
2024-12-20,Nagpur,21.1458,79.0882,31.2,13.7,22.5,46.1,0.0,True,weather_daily_agg_v1,42,08efbdb5ab95
2024-12-20,Indore,22.7196,75.8577,24.8,20.7,22.8,58.6,0.0,True,weather_daily_agg_v1,42,08efbdb5ab95
2024-12-21,Pune,18.5204,73.8567,29.4,16.2,22.8,45.0,0.0,True,weather_daily_agg_v1,42,08efbdb5ab95
2024-12-21,Nashik,19.9975,73.7898,29.6,16.2,22.9,44.0,0.0,True,weather_daily_agg_v1,42,08efbdb5ab95
2024-12-21,Nagpur,21.1458,79.0882,26.6,14.1,20.4,42.3,0.0,True,weather_daily_agg_v1,42,08efbdb5ab95
2024-12-21,Indore,22.7196,75.8577,30.8,15.8,23.3,47.1,0.0,True,weather_daily_agg_v1,42,08efbdb5ab95
2024-12-22,Pune,18.5204,73.8567,29.2,8.9,19.0,47.4,0.0,True,weather_daily_agg_v1,42,08efbdb5ab95
2024-12-22,Nashik,19.9975,73.7898,28.6,16.8,22.7,43.1,0.0,True,weather_daily_agg_v1,42,08efbdb5ab95
2024-12-22,Nagpur,21.1458,79.0882,30.9,16.2,23.5,49.6,0.0,True,weather_daily_agg_v1,42,08efbdb5ab95
2024-12-22,Indore,22.7196,75.8577,27.7,15.0,21.4,44.1,0.0,True,weather_daily_agg_v1,42,08efbdb5ab95
2024-12-23,Pune,18.5204,73.8567,31.1,11.2,21.1,44.4,0.0,True,weather_daily_agg_v1,42,08efbdb5ab95
2024-12-23,Nashik,19.9975,73.7898,29.5,13.2,21.3,50.5,0.0,True,weather_daily_agg_v1,42,08efbdb5ab95
2024-12-23,Nagpur,21.1458,79.0882,27.8,16.0,21.9,43.7,0.0,True,weather_daily_agg_v1,42,08efbdb5ab95
2024-12-23,Indore,22.7196,75.8577,25.9,16.9,21.4,44.0,0.0,True,weather_daily_agg_v1,42,08efbdb5ab95
2024-12-24,Pune,18.5204,73.8567,30.0,15.9,23.0,51.2,0.0,True,weather_daily_agg_v1,42,08efbdb5ab95
2024-12-24,Nashik,19.9975,73.7898,30.2,12.2,21.2,65.4,0.0,True,weather_daily_agg_v1,42,08efbdb5ab95
2024-12-24,Nagpur,21.1458,79.0882,26.9,12.9,19.9,51.8,0.0,True,weather_daily_agg_v1,42,08efbdb5ab95
2024-12-24,Indore,22.7196,75.8577,27.4,15.4,21.4,36.7,0.0,True,weather_daily_agg_v1,42,08efbdb5ab95
2024-12-25,Pune,18.5204,73.8567,25.8,10.2,18.0,47.5,0.0,True,weather_daily_agg_v1,42,08efbdb5ab95
2024-12-25,Nashik,19.9975,73.7898,28.7,11.9,20.3,64.9,0.0,True,weather_daily_agg_v1,42,08efbdb5ab95
2024-12-25,Nagpur,21.1458,79.0882,32.4,15.6,24.0,51.7,0.0,True,weather_daily_agg_v1,42,08efbdb5ab95
2024-12-25,Indore,22.7196,75.8577,33.3,9.4,21.3,25.7,0.0,True,weather_daily_agg_v1,42,08efbdb5ab95
2024-12-26,Pune,18.5204,73.8567,25.7,12.1,18.9,46.4,0.0,True,weather_daily_agg_v1,42,08efbdb5ab95
2024-12-26,Nashik,19.9975,73.7898,23.9,13.8,18.8,50.3,0.0,True,weather_daily_agg_v1,42,08efbdb5ab95
2024-12-26,Nagpur,21.1458,79.0882,26.3,10.5,18.4,57.2,0.0,True,weather_daily_agg_v1,42,08efbdb5ab95
2024-12-26,Indore,22.7196,75.8577,27.3,12.5,19.9,46.9,0.0,True,weather_daily_agg_v1,42,08efbdb5ab95
2024-12-27,Pune,18.5204,73.8567,29.0,15.5,22.3,38.5,0.0,True,weather_daily_agg_v1,42,08efbdb5ab95
2024-12-27,Nashik,19.9975,73.7898,26.1,14.3,20.2,39.5,0.0,True,weather_daily_agg_v1,42,08efbdb5ab95
2024-12-27,Nagpur,21.1458,79.0882,28.4,17.7,23.0,40.3,0.0,True,weather_daily_agg_v1,42,08efbdb5ab95
2024-12-27,Indore,22.7196,75.8577,25.6,15.0,20.3,47.5,0.0,True,weather_daily_agg_v1,42,08efbdb5ab95
2024-12-28,Pune,18.5204,73.8567,27.7,15.2,21.4,46.6,0.0,True,weather_daily_agg_v1,42,08efbdb5ab95
2024-12-28,Nashik,19.9975,73.7898,28.1,13.8,21.0,53.5,0.0,True,weather_daily_agg_v1,42,08efbdb5ab95
2024-12-28,Nagpur,21.1458,79.0882,30.4,16.1,23.2,64.5,0.0,True,weather_daily_agg_v1,42,08efbdb5ab95
2024-12-28,Indore,22.7196,75.8577,26.0,16.8,21.4,49.0,0.0,True,weather_daily_agg_v1,42,08efbdb5ab95
2024-12-29,Pune,18.5204,73.8567,26.8,13.4,20.1,49.2,0.0,True,weather_daily_agg_v1,42,08efbdb5ab95
2024-12-29,Nashik,19.9975,73.7898,30.1,15.7,22.9,40.3,0.0,True,weather_daily_agg_v1,42,08efbdb5ab95
2024-12-29,Nagpur,21.1458,79.0882,27.9,12.3,20.1,49.5,0.0,True,weather_daily_agg_v1,42,08efbdb5ab95
2024-12-29,Indore,22.7196,75.8577,25.2,12.1,18.7,31.0,0.0,True,weather_daily_agg_v1,42,08efbdb5ab95
2024-12-30,Pune,18.5204,73.8567,28.6,16.0,22.3,40.9,0.0,True,weather_daily_agg_v1,42,08efbdb5ab95
2024-12-30,Nashik,19.9975,73.7898,30.8,12.0,21.4,47.0,0.0,True,weather_daily_agg_v1,42,08efbdb5ab95
2024-12-30,Nagpur,21.1458,79.0882,27.9,16.7,22.3,46.9,0.0,True,weather_daily_agg_v1,42,08efbdb5ab95
2024-12-30,Indore,22.7196,75.8577,28.3,9.9,19.1,48.8,0.0,True,weather_daily_agg_v1,42,08efbdb5ab95
2024-12-31,Pune,18.5204,73.8567,30.2,8.8,19.5,40.8,0.0,True,weather_daily_agg_v1,42,08efbdb5ab95
2024-12-31,Nashik,19.9975,73.7898,29.0,12.1,20.6,58.7,0.0,True,weather_daily_agg_v1,42,08efbdb5ab95
2024-12-31,Nagpur,21.1458,79.0882,31.8,17.5,24.7,41.3,0.0,True,weather_daily_agg_v1,42,08efbdb5ab95
2024-12-31,Indore,22.7196,75.8577,28.3,12.4,20.3,47.0,0.0,True,weather_daily_agg_v1,42,08efbdb5ab95
2025-01-01,Pune,18.5204,73.8567,26.7,13.8,20.2,49.1,0.0,True,weather_daily_agg_v1,42,08efbdb5ab95
2025-01-01,Nashik,19.9975,73.7898,27.8,11.4,19.6,62.5,0.0,True,weather_daily_agg_v1,42,08efbdb5ab95
2025-01-01,Nagpur,21.1458,79.0882,28.3,12.1,20.2,37.1,0.0,True,weather_daily_agg_v1,42,08efbdb5ab95
2025-01-01,Indore,22.7196,75.8577,24.8,15.7,20.2,50.0,0.0,True,weather_daily_agg_v1,42,08efbdb5ab95
2025-01-02,Pune,18.5204,73.8567,28.1,13.2,20.6,39.5,0.0,True,weather_daily_agg_v1,42,08efbdb5ab95
2025-01-02,Nashik,19.9975,73.7898,28.3,18.9,23.6,61.7,0.0,True,weather_daily_agg_v1,42,08efbdb5ab95
2025-01-02,Nagpur,21.1458,79.0882,30.9,13.5,22.2,52.5,0.0,True,weather_daily_agg_v1,42,08efbdb5ab95
2025-01-02,Indore,22.7196,75.8577,30.4,16.3,23.3,50.8,0.0,True,weather_daily_agg_v1,42,08efbdb5ab95
2025-01-03,Pune,18.5204,73.8567,27.3,13.6,20.5,52.2,0.0,True,weather_daily_agg_v1,42,08efbdb5ab95
2025-01-03,Nashik,19.9975,73.7898,30.7,12.5,21.6,57.1,0.0,True,weather_daily_agg_v1,42,08efbdb5ab95
2025-01-03,Nagpur,21.1458,79.0882,26.2,16.1,21.1,42.0,0.0,True,weather_daily_agg_v1,42,08efbdb5ab95
2025-01-03,Indore,22.7196,75.8577,29.6,15.4,22.5,40.6,0.0,True,weather_daily_agg_v1,42,08efbdb5ab95
2025-01-04,Pune,18.5204,73.8567,31.1,10.3,20.7,43.6,0.0,True,weather_daily_agg_v1,42,08efbdb5ab95
2025-01-04,Nashik,19.9975,73.7898,28.6,8.8,18.7,61.3,0.0,True,weather_daily_agg_v1,42,08efbdb5ab95
2025-01-04,Nagpur,21.1458,79.0882,29.9,12.9,21.4,60.7,0.0,True,weather_daily_agg_v1,42,08efbdb5ab95
2025-01-04,Indore,22.7196,75.8577,24.9,20.0,22.5,40.3,0.0,True,weather_daily_agg_v1,42,08efbdb5ab95
2025-01-05,Pune,18.5204,73.8567,25.5,14.7,20.1,40.6,0.0,True,weather_daily_agg_v1,42,08efbdb5ab95
2025-01-05,Nashik,19.9975,73.7898,26.0,16.5,21.3,34.9,0.0,True,weather_daily_agg_v1,42,08efbdb5ab95
2025-01-05,Nagpur,21.1458,79.0882,27.2,14.0,20.6,51.7,0.0,True,weather_daily_agg_v1,42,08efbdb5ab95
2025-01-05,Indore,22.7196,75.8577,27.9,12.1,20.0,44.5,0.0,True,weather_daily_agg_v1,42,08efbdb5ab95
2025-01-06,Pune,18.5204,73.8567,26.8,12.2,19.5,43.4,0.0,True,weather_daily_agg_v1,42,08efbdb5ab95
2025-01-06,Nashik,19.9975,73.7898,29.5,11.7,20.6,56.4,0.0,True,weather_daily_agg_v1,42,08efbdb5ab95
2025-01-06,Nagpur,21.1458,79.0882,27.7,19.4,23.5,38.4,0.0,True,weather_daily_agg_v1,42,08efbdb5ab95
2025-01-06,Indore,22.7196,75.8577,27.7,14.2,20.9,39.8,0.0,True,weather_daily_agg_v1,42,08efbdb5ab95
2025-01-07,Pune,18.5204,73.8567,27.1,16.9,22.0,47.1,0.0,True,weather_daily_agg_v1,42,08efbdb5ab95
2025-01-07,Nashik,19.9975,73.7898,29.7,15.5,22.6,51.6,0.0,True,weather_daily_agg_v1,42,08efbdb5ab95
2025-01-07,Nagpur,21.1458,79.0882,31.2,17.3,24.2,55.2,0.0,True,weather_daily_agg_v1,42,08efbdb5ab95
2025-01-07,Indore,22.7196,75.8577,30.4,12.3,21.4,66.6,0.0,True,weather_daily_agg_v1,42,08efbdb5ab95
2025-01-08,Pune,18.5204,73.8567,29.4,18.8,24.1,54.8,0.0,True,weather_daily_agg_v1,42,08efbdb5ab95
2025-01-08,Nashik,19.9975,73.7898,29.1,12.3,20.7,40.3,0.0,True,weather_daily_agg_v1,42,08efbdb5ab95
2025-01-08,Nagpur,21.1458,79.0882,27.6,15.2,21.4,52.1,0.0,True,weather_daily_agg_v1,42,08efbdb5ab95
2025-01-08,Indore,22.7196,75.8577,29.6,14.5,22.1,36.7,0.0,True,weather_daily_agg_v1,42,08efbdb5ab95
2025-01-09,Pune,18.5204,73.8567,31.9,13.0,22.5,49.2,0.0,True,weather_daily_agg_v1,42,08efbdb5ab95
2025-01-09,Nashik,19.9975,73.7898,28.2,14.5,21.3,50.7,0.0,True,weather_daily_agg_v1,42,08efbdb5ab95
2025-01-09,Nagpur,21.1458,79.0882,28.1,12.6,20.4,65.8,0.0,True,weather_daily_agg_v1,42,08efbdb5ab95
2025-01-09,Indore,22.7196,75.8577,27.4,10.0,18.7,63.0,0.0,True,weather_daily_agg_v1,42,08efbdb5ab95
2025-01-10,Pune,18.5204,73.8567,25.5,9.5,17.5,42.1,0.0,True,weather_daily_agg_v1,42,08efbdb5ab95
2025-01-10,Nashik,19.9975,73.7898,27.9,17.0,22.4,45.1,0.0,True,weather_daily_agg_v1,42,08efbdb5ab95
2025-01-10,Nagpur,21.1458,79.0882,29.2,11.8,20.5,53.0,0.0,True,weather_daily_agg_v1,42,08efbdb5ab95
2025-01-10,Indore,22.7196,75.8577,30.8,15.0,22.9,55.1,0.0,True,weather_daily_agg_v1,42,08efbdb5ab95
2025-01-11,Pune,18.5204,73.8567,25.5,16.6,21.1,51.4,0.0,True,weather_daily_agg_v1,42,08efbdb5ab95
2025-01-11,Nashik,19.9975,73.7898,28.6,12.5,20.6,62.2,0.0,True,weather_daily_agg_v1,42,08efbdb5ab95
2025-01-11,Nagpur,21.1458,79.0882,27.2,13.1,20.1,46.7,0.0,True,weather_daily_agg_v1,42,08efbdb5ab95
2025-01-11,Indore,22.7196,75.8577,28.6,16.5,22.5,53.2,0.0,True,weather_daily_agg_v1,42,08efbdb5ab95
2025-01-12,Pune,18.5204,73.8567,26.3,12.7,19.5,51.0,0.0,True,weather_daily_agg_v1,42,08efbdb5ab95
2025-01-12,Nashik,19.9975,73.7898,27.6,18.5,23.1,43.5,0.0,True,weather_daily_agg_v1,42,08efbdb5ab95
2025-01-12,Nagpur,21.1458,79.0882,29.7,14.3,22.0,63.6,0.0,True,weather_daily_agg_v1,42,08efbdb5ab95
2025-01-12,Indore,22.7196,75.8577,28.4,12.0,20.2,37.1,0.0,True,weather_daily_agg_v1,42,08efbdb5ab95
2025-01-13,Pune,18.5204,73.8567,24.8,15.0,19.9,61.0,0.0,True,weather_daily_agg_v1,42,08efbdb5ab95
2025-01-13,Nashik,19.9975,73.7898,28.0,15.7,21.8,41.0,0.0,True,weather_daily_agg_v1,42,08efbdb5ab95
2025-01-13,Nagpur,21.1458,79.0882,27.9,15.9,21.9,56.2,0.0,True,weather_daily_agg_v1,42,08efbdb5ab95
2025-01-13,Indore,22.7196,75.8577,28.5,16.5,22.5,42.7,0.0,True,weather_daily_agg_v1,42,08efbdb5ab95
2025-01-14,Pune,18.5204,73.8567,26.9,13.3,20.1,50.7,0.0,True,weather_daily_agg_v1,42,08efbdb5ab95
2025-01-14,Nashik,19.9975,73.7898,25.8,11.6,18.7,56.1,0.0,True,weather_daily_agg_v1,42,08efbdb5ab95
2025-01-14,Nagpur,21.1458,79.0882,27.1,10.4,18.7,52.8,0.0,True,weather_daily_agg_v1,42,08efbdb5ab95
2025-01-14,Indore,22.7196,75.8577,25.8,13.5,19.7,58.8,0.0,True,weather_daily_agg_v1,42,08efbdb5ab95
2025-01-15,Pune,18.5204,73.8567,27.4,11.8,19.6,43.0,0.0,True,weather_daily_agg_v1,42,08efbdb5ab95
2025-01-15,Nashik,19.9975,73.7898,28.2,16.5,22.3,53.7,0.0,True,weather_daily_agg_v1,42,08efbdb5ab95
2025-01-15,Nagpur,21.1458,79.0882,32.3,9.2,20.8,43.1,0.0,True,weather_daily_agg_v1,42,08efbdb5ab95
2025-01-15,Indore,22.7196,75.8577,31.5,15.2,23.3,35.3,0.0,True,weather_daily_agg_v1,42,08efbdb5ab95
2025-01-16,Pune,18.5204,73.8567,28.9,15.4,22.1,50.7,0.0,True,weather_daily_agg_v1,42,08efbdb5ab95
2025-01-16,Nashik,19.9975,73.7898,26.1,16.0,21.1,50.4,0.0,True,weather_daily_agg_v1,42,08efbdb5ab95
2025-01-16,Nagpur,21.1458,79.0882,30.9,18.4,24.6,53.3,0.0,True,weather_daily_agg_v1,42,08efbdb5ab95
2025-01-16,Indore,22.7196,75.8577,25.5,18.4,22.0,50.6,0.0,True,weather_daily_agg_v1,42,08efbdb5ab95
2025-01-17,Pune,18.5204,73.8567,28.7,13.4,21.0,39.9,0.0,True,weather_daily_agg_v1,42,08efbdb5ab95
2025-01-17,Nashik,19.9975,73.7898,29.5,14.6,22.1,44.6,0.0,True,weather_daily_agg_v1,42,08efbdb5ab95
2025-01-17,Nagpur,21.1458,79.0882,26.4,13.6,20.0,52.1,0.0,True,weather_daily_agg_v1,42,08efbdb5ab95
2025-01-17,Indore,22.7196,75.8577,27.6,13.7,20.7,41.8,0.0,True,weather_daily_agg_v1,42,08efbdb5ab95
2025-01-18,Pune,18.5204,73.8567,27.5,8.7,18.1,62.8,0.0,True,weather_daily_agg_v1,42,08efbdb5ab95
2025-01-18,Nashik,19.9975,73.7898,28.9,13.7,21.3,59.2,0.0,True,weather_daily_agg_v1,42,08efbdb5ab95
2025-01-18,Nagpur,21.1458,79.0882,26.1,18.8,22.5,44.5,0.0,True,weather_daily_agg_v1,42,08efbdb5ab95
2025-01-18,Indore,22.7196,75.8577,24.5,14.8,19.7,48.4,0.0,True,weather_daily_agg_v1,42,08efbdb5ab95
2025-01-19,Pune,18.5204,73.8567,28.3,11.7,20.0,57.6,0.0,True,weather_daily_agg_v1,42,08efbdb5ab95
2025-01-19,Nashik,19.9975,73.7898,26.2,17.8,22.0,40.1,0.0,True,weather_daily_agg_v1,42,08efbdb5ab95
2025-01-19,Nagpur,21.1458,79.0882,24.6,15.0,19.8,47.4,0.0,True,weather_daily_agg_v1,42,08efbdb5ab95
2025-01-19,Indore,22.7196,75.8577,27.1,11.4,19.3,49.1,0.0,True,weather_daily_agg_v1,42,08efbdb5ab95
2025-01-20,Pune,18.5204,73.8567,30.2,14.6,22.4,39.5,0.0,True,weather_daily_agg_v1,42,08efbdb5ab95
2025-01-20,Nashik,19.9975,73.7898,28.5,14.8,21.7,51.8,0.0,True,weather_daily_agg_v1,42,08efbdb5ab95
2025-01-20,Nagpur,21.1458,79.0882,27.6,16.9,22.3,44.3,0.0,True,weather_daily_agg_v1,42,08efbdb5ab95
2025-01-20,Indore,22.7196,75.8577,25.6,13.5,19.5,59.3,0.0,True,weather_daily_agg_v1,42,08efbdb5ab95
2025-01-21,Pune,18.5204,73.8567,31.8,18.5,25.1,54.7,0.0,True,weather_daily_agg_v1,42,08efbdb5ab95
2025-01-21,Nashik,19.9975,73.7898,30.6,14.1,22.3,41.6,0.0,True,weather_daily_agg_v1,42,08efbdb5ab95
2025-01-21,Nagpur,21.1458,79.0882,29.6,10.8,20.2,56.4,0.0,True,weather_daily_agg_v1,42,08efbdb5ab95
2025-01-21,Indore,22.7196,75.8577,30.0,13.9,22.0,52.4,0.0,True,weather_daily_agg_v1,42,08efbdb5ab95
2025-01-22,Pune,18.5204,73.8567,24.9,15.7,20.3,46.0,0.0,True,weather_daily_agg_v1,42,08efbdb5ab95
2025-01-22,Nashik,19.9975,73.7898,26.2,13.2,19.7,49.7,0.0,True,weather_daily_agg_v1,42,08efbdb5ab95
2025-01-22,Nagpur,21.1458,79.0882,26.9,14.0,20.4,49.2,0.0,True,weather_daily_agg_v1,42,08efbdb5ab95
2025-01-22,Indore,22.7196,75.8577,30.7,14.0,22.4,34.0,0.0,True,weather_daily_agg_v1,42,08efbdb5ab95
2025-01-23,Pune,18.5204,73.8567,23.1,16.6,19.8,39.2,0.0,True,weather_daily_agg_v1,42,08efbdb5ab95
2025-01-23,Nashik,19.9975,73.7898,28.4,16.2,22.3,52.5,0.0,True,weather_daily_agg_v1,42,08efbdb5ab95
2025-01-23,Nagpur,21.1458,79.0882,28.4,13.4,20.9,54.9,0.0,True,weather_daily_agg_v1,42,08efbdb5ab95
2025-01-23,Indore,22.7196,75.8577,28.8,17.5,23.2,44.7,0.0,True,weather_daily_agg_v1,42,08efbdb5ab95
2025-01-24,Pune,18.5204,73.8567,31.0,14.9,22.9,47.2,0.0,True,weather_daily_agg_v1,42,08efbdb5ab95
2025-01-24,Nashik,19.9975,73.7898,32.8,18.1,25.5,51.0,0.0,True,weather_daily_agg_v1,42,08efbdb5ab95
2025-01-24,Nagpur,21.1458,79.0882,26.4,19.5,22.9,61.4,0.0,True,weather_daily_agg_v1,42,08efbdb5ab95
2025-01-24,Indore,22.7196,75.8577,27.5,8.6,18.1,47.3,0.0,True,weather_daily_agg_v1,42,08efbdb5ab95
2025-01-25,Pune,18.5204,73.8567,25.8,15.0,20.4,50.6,0.0,True,weather_daily_agg_v1,42,08efbdb5ab95
2025-01-25,Nashik,19.9975,73.7898,31.6,15.4,23.5,38.7,0.0,True,weather_daily_agg_v1,42,08efbdb5ab95
2025-01-25,Nagpur,21.1458,79.0882,26.0,17.9,21.9,66.2,0.0,True,weather_daily_agg_v1,42,08efbdb5ab95
2025-01-25,Indore,22.7196,75.8577,28.4,12.4,20.4,33.6,0.0,True,weather_daily_agg_v1,42,08efbdb5ab95
2025-01-26,Pune,18.5204,73.8567,27.0,11.7,19.3,44.4,0.0,True,weather_daily_agg_v1,42,08efbdb5ab95
2025-01-26,Nashik,19.9975,73.7898,27.1,14.3,20.7,37.9,0.0,True,weather_daily_agg_v1,42,08efbdb5ab95
2025-01-26,Nagpur,21.1458,79.0882,28.6,16.9,22.8,57.3,0.0,True,weather_daily_agg_v1,42,08efbdb5ab95
2025-01-26,Indore,22.7196,75.8577,27.1,15.8,21.5,36.2,0.0,True,weather_daily_agg_v1,42,08efbdb5ab95
2025-01-27,Pune,18.5204,73.8567,26.3,16.3,21.3,50.7,0.0,True,weather_daily_agg_v1,42,08efbdb5ab95
2025-01-27,Nashik,19.9975,73.7898,26.4,15.2,20.8,43.7,0.0,True,weather_daily_agg_v1,42,08efbdb5ab95
2025-01-27,Nagpur,21.1458,79.0882,27.0,12.6,19.8,48.0,0.0,True,weather_daily_agg_v1,42,08efbdb5ab95
2025-01-27,Indore,22.7196,75.8577,27.2,16.8,22.0,39.4,0.0,True,weather_daily_agg_v1,42,08efbdb5ab95
2025-01-28,Pune,18.5204,73.8567,29.9,15.3,22.6,50.0,0.0,True,weather_daily_agg_v1,42,08efbdb5ab95
2025-01-28,Nashik,19.9975,73.7898,24.7,11.7,18.2,43.1,0.0,True,weather_daily_agg_v1,42,08efbdb5ab95
2025-01-28,Nagpur,21.1458,79.0882,26.5,16.5,21.5,42.6,0.0,True,weather_daily_agg_v1,42,08efbdb5ab95
2025-01-28,Indore,22.7196,75.8577,32.4,12.1,22.3,55.8,0.0,True,weather_daily_agg_v1,42,08efbdb5ab95
2025-01-29,Pune,18.5204,73.8567,31.2,13.4,22.3,60.8,0.0,True,weather_daily_agg_v1,42,08efbdb5ab95
2025-01-29,Nashik,19.9975,73.7898,30.5,13.9,22.2,51.8,0.0,True,weather_daily_agg_v1,42,08efbdb5ab95
2025-01-29,Nagpur,21.1458,79.0882,26.7,8.1,17.4,46.9,0.0,True,weather_daily_agg_v1,42,08efbdb5ab95
2025-01-29,Indore,22.7196,75.8577,26.6,11.3,18.9,48.6,0.0,True,weather_daily_agg_v1,42,08efbdb5ab95
2025-01-30,Pune,18.5204,73.8567,25.1,16.0,20.6,51.4,0.0,True,weather_daily_agg_v1,42,08efbdb5ab95
2025-01-30,Nashik,19.9975,73.7898,27.2,13.8,20.5,51.9,0.0,True,weather_daily_agg_v1,42,08efbdb5ab95
2025-01-30,Nagpur,21.1458,79.0882,29.5,14.5,22.0,38.5,0.0,True,weather_daily_agg_v1,42,08efbdb5ab95
2025-01-30,Indore,22.7196,75.8577,29.0,12.4,20.7,50.1,0.0,True,weather_daily_agg_v1,42,08efbdb5ab95
2025-01-31,Pune,18.5204,73.8567,29.9,15.7,22.8,35.8,0.0,True,weather_daily_agg_v1,42,08efbdb5ab95
2025-01-31,Nashik,19.9975,73.7898,28.8,17.1,23.0,43.7,0.0,True,weather_daily_agg_v1,42,08efbdb5ab95
2025-01-31,Nagpur,21.1458,79.0882,26.9,10.3,18.6,57.1,0.0,True,weather_daily_agg_v1,42,08efbdb5ab95
2025-01-31,Indore,22.7196,75.8577,27.4,17.7,22.5,37.5,0.0,True,weather_daily_agg_v1,42,08efbdb5ab95
2025-02-01,Pune,18.5204,73.8567,26.8,12.5,19.6,42.2,0.0,True,weather_daily_agg_v1,42,08efbdb5ab95
2025-02-01,Nashik,19.9975,73.7898,28.0,10.8,19.4,43.7,0.0,True,weather_daily_agg_v1,42,08efbdb5ab95
2025-02-01,Nagpur,21.1458,79.0882,27.7,20.2,24.0,56.7,0.0,True,weather_daily_agg_v1,42,08efbdb5ab95
2025-02-01,Indore,22.7196,75.8577,31.2,17.5,24.3,38.6,0.0,True,weather_daily_agg_v1,42,08efbdb5ab95
2025-02-02,Pune,18.5204,73.8567,27.2,11.7,19.5,44.7,0.0,True,weather_daily_agg_v1,42,08efbdb5ab95
2025-02-02,Nashik,19.9975,73.7898,28.0,14.1,21.0,40.7,0.0,True,weather_daily_agg_v1,42,08efbdb5ab95
2025-02-02,Nagpur,21.1458,79.0882,32.6,13.4,23.0,35.2,0.0,True,weather_daily_agg_v1,42,08efbdb5ab95
2025-02-02,Indore,22.7196,75.8577,26.7,13.3,20.0,48.5,0.0,True,weather_daily_agg_v1,42,08efbdb5ab95
2025-02-03,Pune,18.5204,73.8567,28.0,14.0,21.0,45.1,0.0,True,weather_daily_agg_v1,42,08efbdb5ab95
2025-02-03,Nashik,19.9975,73.7898,28.5,15.8,22.1,54.4,0.0,True,weather_daily_agg_v1,42,08efbdb5ab95
2025-02-03,Nagpur,21.1458,79.0882,28.5,13.4,20.9,47.9,0.0,True,weather_daily_agg_v1,42,08efbdb5ab95
2025-02-03,Indore,22.7196,75.8577,28.6,13.6,21.1,56.0,0.0,True,weather_daily_agg_v1,42,08efbdb5ab95
2025-02-04,Pune,18.5204,73.8567,27.8,14.1,20.9,46.5,0.0,True,weather_daily_agg_v1,42,08efbdb5ab95
2025-02-04,Nashik,19.9975,73.7898,26.9,15.9,21.4,47.5,0.0,True,weather_daily_agg_v1,42,08efbdb5ab95
2025-02-04,Nagpur,21.1458,79.0882,31.6,12.5,22.0,54.6,0.0,True,weather_daily_agg_v1,42,08efbdb5ab95
2025-02-04,Indore,22.7196,75.8577,24.2,16.1,20.1,53.3,0.0,True,weather_daily_agg_v1,42,08efbdb5ab95
2025-02-05,Pune,18.5204,73.8567,26.0,14.8,20.4,36.3,0.0,True,weather_daily_agg_v1,42,08efbdb5ab95
2025-02-05,Nashik,19.9975,73.7898,26.5,12.8,19.6,43.0,0.0,True,weather_daily_agg_v1,42,08efbdb5ab95
2025-02-05,Nagpur,21.1458,79.0882,26.1,13.9,20.0,53.8,0.0,True,weather_daily_agg_v1,42,08efbdb5ab95
2025-02-05,Indore,22.7196,75.8577,29.6,16.1,22.9,45.0,0.0,True,weather_daily_agg_v1,42,08efbdb5ab95
2025-02-06,Pune,18.5204,73.8567,30.1,12.5,21.3,33.3,0.0,True,weather_daily_agg_v1,42,08efbdb5ab95
2025-02-06,Nashik,19.9975,73.7898,26.1,14.9,20.5,49.9,0.0,True,weather_daily_agg_v1,42,08efbdb5ab95
2025-02-06,Nagpur,21.1458,79.0882,28.3,12.9,20.6,68.4,0.0,True,weather_daily_agg_v1,42,08efbdb5ab95
2025-02-06,Indore,22.7196,75.8577,25.1,17.6,21.3,46.1,0.0,True,weather_daily_agg_v1,42,08efbdb5ab95
2025-02-07,Pune,18.5204,73.8567,25.9,11.5,18.7,50.5,0.0,True,weather_daily_agg_v1,42,08efbdb5ab95
2025-02-07,Nashik,19.9975,73.7898,29.9,11.1,20.5,48.1,0.0,True,weather_daily_agg_v1,42,08efbdb5ab95
2025-02-07,Nagpur,21.1458,79.0882,27.8,11.7,19.7,56.9,0.0,True,weather_daily_agg_v1,42,08efbdb5ab95
2025-02-07,Indore,22.7196,75.8577,31.5,10.5,21.0,44.3,0.0,True,weather_daily_agg_v1,42,08efbdb5ab95
2025-02-08,Pune,18.5204,73.8567,29.9,14.5,22.2,42.1,0.0,True,weather_daily_agg_v1,42,08efbdb5ab95
2025-02-08,Nashik,19.9975,73.7898,29.9,16.5,23.2,41.7,0.0,True,weather_daily_agg_v1,42,08efbdb5ab95
2025-02-08,Nagpur,21.1458,79.0882,26.8,12.9,19.8,50.7,0.0,True,weather_daily_agg_v1,42,08efbdb5ab95
2025-02-08,Indore,22.7196,75.8577,25.4,17.3,21.3,50.3,0.0,True,weather_daily_agg_v1,42,08efbdb5ab95
2025-02-09,Pune,18.5204,73.8567,27.5,14.9,21.2,61.6,0.0,True,weather_daily_agg_v1,42,08efbdb5ab95
2025-02-09,Nashik,19.9975,73.7898,31.9,17.9,24.9,57.5,0.0,True,weather_daily_agg_v1,42,08efbdb5ab95
2025-02-09,Nagpur,21.1458,79.0882,27.4,15.3,21.3,34.1,0.0,True,weather_daily_agg_v1,42,08efbdb5ab95
2025-02-09,Indore,22.7196,75.8577,31.6,18.1,24.8,44.0,0.0,True,weather_daily_agg_v1,42,08efbdb5ab95
2025-02-10,Pune,18.5204,73.8567,27.7,12.1,19.9,41.5,0.0,True,weather_daily_agg_v1,42,08efbdb5ab95
2025-02-10,Nashik,19.9975,73.7898,27.5,16.4,22.0,46.4,0.0,True,weather_daily_agg_v1,42,08efbdb5ab95
2025-02-10,Nagpur,21.1458,79.0882,22.8,10.0,16.4,40.9,0.0,True,weather_daily_agg_v1,42,08efbdb5ab95
2025-02-10,Indore,22.7196,75.8577,26.7,14.5,20.6,39.8,0.0,True,weather_daily_agg_v1,42,08efbdb5ab95
2025-02-11,Pune,18.5204,73.8567,25.6,11.7,18.6,39.4,0.0,True,weather_daily_agg_v1,42,08efbdb5ab95
2025-02-11,Nashik,19.9975,73.7898,26.9,12.5,19.7,39.1,0.0,True,weather_daily_agg_v1,42,08efbdb5ab95
2025-02-11,Nagpur,21.1458,79.0882,26.0,13.1,19.6,53.5,0.0,True,weather_daily_agg_v1,42,08efbdb5ab95
2025-02-11,Indore,22.7196,75.8577,29.6,13.6,21.6,43.6,0.0,True,weather_daily_agg_v1,42,08efbdb5ab95
2025-02-12,Pune,18.5204,73.8567,25.7,13.9,19.8,56.4,0.0,True,weather_daily_agg_v1,42,08efbdb5ab95
2025-02-12,Nashik,19.9975,73.7898,25.5,13.8,19.7,43.4,0.0,True,weather_daily_agg_v1,42,08efbdb5ab95
2025-02-12,Nagpur,21.1458,79.0882,26.3,13.7,20.0,61.9,0.0,True,weather_daily_agg_v1,42,08efbdb5ab95
2025-02-12,Indore,22.7196,75.8577,25.1,12.0,18.6,37.5,0.0,True,weather_daily_agg_v1,42,08efbdb5ab95
2025-02-13,Pune,18.5204,73.8567,27.2,13.4,20.3,44.4,0.0,True,weather_daily_agg_v1,42,08efbdb5ab95
2025-02-13,Nashik,19.9975,73.7898,26.7,15.3,21.0,34.8,0.0,True,weather_daily_agg_v1,42,08efbdb5ab95
2025-02-13,Nagpur,21.1458,79.0882,27.3,14.7,21.0,37.1,0.0,True,weather_daily_agg_v1,42,08efbdb5ab95
2025-02-13,Indore,22.7196,75.8577,28.7,10.2,19.4,41.7,0.0,True,weather_daily_agg_v1,42,08efbdb5ab95
2025-02-14,Pune,18.5204,73.8567,28.7,14.1,21.4,55.1,0.0,True,weather_daily_agg_v1,42,08efbdb5ab95
2025-02-14,Nashik,19.9975,73.7898,27.3,12.5,19.9,57.0,0.0,True,weather_daily_agg_v1,42,08efbdb5ab95
2025-02-14,Nagpur,21.1458,79.0882,31.7,12.3,22.0,59.0,0.0,True,weather_daily_agg_v1,42,08efbdb5ab95
2025-02-14,Indore,22.7196,75.8577,30.1,13.8,21.9,47.1,0.0,True,weather_daily_agg_v1,42,08efbdb5ab95
2025-02-15,Pune,18.5204,73.8567,29.6,12.6,21.1,52.8,0.0,True,weather_daily_agg_v1,42,08efbdb5ab95
2025-02-15,Nashik,19.9975,73.7898,28.0,11.0,19.5,51.4,0.0,True,weather_daily_agg_v1,42,08efbdb5ab95
2025-02-15,Nagpur,21.1458,79.0882,26.7,16.3,21.5,40.1,0.0,True,weather_daily_agg_v1,42,08efbdb5ab95
2025-02-15,Indore,22.7196,75.8577,29.5,15.1,22.3,55.7,0.0,True,weather_daily_agg_v1,42,08efbdb5ab95
2025-02-16,Pune,18.5204,73.8567,28.6,15.0,21.8,51.3,0.0,True,weather_daily_agg_v1,42,08efbdb5ab95
2025-02-16,Nashik,19.9975,73.7898,25.2,12.0,18.6,51.8,0.0,True,weather_daily_agg_v1,42,08efbdb5ab95
2025-02-16,Nagpur,21.1458,79.0882,30.2,18.1,24.2,39.8,0.0,True,weather_daily_agg_v1,42,08efbdb5ab95
2025-02-16,Indore,22.7196,75.8577,31.1,14.2,22.7,30.6,0.0,True,weather_daily_agg_v1,42,08efbdb5ab95
2025-02-17,Pune,18.5204,73.8567,29.0,17.6,23.3,56.1,0.0,True,weather_daily_agg_v1,42,08efbdb5ab95
2025-02-17,Nashik,19.9975,73.7898,25.3,13.7,19.5,49.7,0.0,True,weather_daily_agg_v1,42,08efbdb5ab95
2025-02-17,Nagpur,21.1458,79.0882,27.6,15.6,21.6,52.1,0.0,True,weather_daily_agg_v1,42,08efbdb5ab95
2025-02-17,Indore,22.7196,75.8577,26.8,11.3,19.0,47.5,0.0,True,weather_daily_agg_v1,42,08efbdb5ab95
2025-02-18,Pune,18.5204,73.8567,28.4,9.1,18.8,44.9,0.0,True,weather_daily_agg_v1,42,08efbdb5ab95
2025-02-18,Nashik,19.9975,73.7898,24.0,12.5,18.2,41.8,0.0,True,weather_daily_agg_v1,42,08efbdb5ab95
2025-02-18,Nagpur,21.1458,79.0882,25.6,15.8,20.7,57.6,0.0,True,weather_daily_agg_v1,42,08efbdb5ab95
2025-02-18,Indore,22.7196,75.8577,30.9,14.3,22.6,70.8,0.0,True,weather_daily_agg_v1,42,08efbdb5ab95
2025-02-19,Pune,18.5204,73.8567,25.3,10.1,17.7,54.9,0.0,True,weather_daily_agg_v1,42,08efbdb5ab95
2025-02-19,Nashik,19.9975,73.7898,28.8,16.7,22.8,48.2,0.0,True,weather_daily_agg_v1,42,08efbdb5ab95
2025-02-19,Nagpur,21.1458,79.0882,28.4,14.4,21.4,43.4,0.0,True,weather_daily_agg_v1,42,08efbdb5ab95
2025-02-19,Indore,22.7196,75.8577,27.9,11.9,19.9,46.9,0.0,True,weather_daily_agg_v1,42,08efbdb5ab95
2025-02-20,Pune,18.5204,73.8567,28.4,12.9,20.6,50.2,0.0,True,weather_daily_agg_v1,42,08efbdb5ab95
2025-02-20,Nashik,19.9975,73.7898,30.1,15.7,22.9,53.3,0.0,True,weather_daily_agg_v1,42,08efbdb5ab95
2025-02-20,Nagpur,21.1458,79.0882,28.2,11.7,20.0,39.7,0.0,True,weather_daily_agg_v1,42,08efbdb5ab95
2025-02-20,Indore,22.7196,75.8577,26.2,17.2,21.7,48.8,0.0,True,weather_daily_agg_v1,42,08efbdb5ab95
2025-02-21,Pune,18.5204,73.8567,30.3,16.6,23.5,54.3,0.0,True,weather_daily_agg_v1,42,08efbdb5ab95
2025-02-21,Nashik,19.9975,73.7898,27.1,18.4,22.8,45.8,0.0,True,weather_daily_agg_v1,42,08efbdb5ab95
2025-02-21,Nagpur,21.1458,79.0882,25.3,16.5,20.9,46.7,0.0,True,weather_daily_agg_v1,42,08efbdb5ab95
2025-02-21,Indore,22.7196,75.8577,31.0,14.6,22.8,49.2,0.0,True,weather_daily_agg_v1,42,08efbdb5ab95
2025-02-22,Pune,18.5204,73.8567,31.1,10.2,20.6,47.8,0.0,True,weather_daily_agg_v1,42,08efbdb5ab95
2025-02-22,Nashik,19.9975,73.7898,26.2,8.5,17.4,43.3,0.0,True,weather_daily_agg_v1,42,08efbdb5ab95
2025-02-22,Nagpur,21.1458,79.0882,26.9,16.3,21.6,55.0,0.0,True,weather_daily_agg_v1,42,08efbdb5ab95
2025-02-22,Indore,22.7196,75.8577,29.2,12.9,21.0,51.1,0.0,True,weather_daily_agg_v1,42,08efbdb5ab95
2025-02-23,Pune,18.5204,73.8567,28.2,16.3,22.2,41.9,0.0,True,weather_daily_agg_v1,42,08efbdb5ab95
2025-02-23,Nashik,19.9975,73.7898,26.6,11.0,18.8,47.6,0.0,True,weather_daily_agg_v1,42,08efbdb5ab95
2025-02-23,Nagpur,21.1458,79.0882,26.9,13.8,20.4,49.6,0.0,True,weather_daily_agg_v1,42,08efbdb5ab95
2025-02-23,Indore,22.7196,75.8577,27.1,14.7,20.9,46.1,0.0,True,weather_daily_agg_v1,42,08efbdb5ab95
2025-02-24,Pune,18.5204,73.8567,31.9,15.9,23.9,52.4,0.0,True,weather_daily_agg_v1,42,08efbdb5ab95
2025-02-24,Nashik,19.9975,73.7898,26.4,10.0,18.2,60.7,0.0,True,weather_daily_agg_v1,42,08efbdb5ab95
2025-02-24,Nagpur,21.1458,79.0882,29.7,15.8,22.7,47.9,0.0,True,weather_daily_agg_v1,42,08efbdb5ab95
2025-02-24,Indore,22.7196,75.8577,22.9,17.1,20.0,57.7,0.0,True,weather_daily_agg_v1,42,08efbdb5ab95
2025-02-25,Pune,18.5204,73.8567,24.9,15.8,20.4,50.7,0.0,True,weather_daily_agg_v1,42,08efbdb5ab95
2025-02-25,Nashik,19.9975,73.7898,28.8,16.5,22.6,49.4,0.0,True,weather_daily_agg_v1,42,08efbdb5ab95
2025-02-25,Nagpur,21.1458,79.0882,25.1,13.6,19.3,51.4,0.0,True,weather_daily_agg_v1,42,08efbdb5ab95
2025-02-25,Indore,22.7196,75.8577,29.3,17.5,23.4,35.1,0.0,True,weather_daily_agg_v1,42,08efbdb5ab95
2025-02-26,Pune,18.5204,73.8567,26.7,11.8,19.2,38.1,0.0,True,weather_daily_agg_v1,42,08efbdb5ab95
2025-02-26,Nashik,19.9975,73.7898,28.8,12.9,20.9,44.4,0.0,True,weather_daily_agg_v1,42,08efbdb5ab95
2025-02-26,Nagpur,21.1458,79.0882,30.1,16.8,23.4,53.2,0.0,True,weather_daily_agg_v1,42,08efbdb5ab95
2025-02-26,Indore,22.7196,75.8577,30.8,17.7,24.2,39.1,0.0,True,weather_daily_agg_v1,42,08efbdb5ab95
2025-02-27,Pune,18.5204,73.8567,27.7,12.1,19.9,60.4,0.0,True,weather_daily_agg_v1,42,08efbdb5ab95
2025-02-27,Nashik,19.9975,73.7898,25.8,14.0,19.9,40.1,0.0,True,weather_daily_agg_v1,42,08efbdb5ab95
2025-02-27,Nagpur,21.1458,79.0882,30.6,12.8,21.7,54.8,0.0,True,weather_daily_agg_v1,42,08efbdb5ab95
2025-02-27,Indore,22.7196,75.8577,27.8,12.4,20.1,47.7,0.0,True,weather_daily_agg_v1,42,08efbdb5ab95
2025-02-28,Pune,18.5204,73.8567,28.7,14.4,21.5,53.9,0.0,True,weather_daily_agg_v1,42,08efbdb5ab95
2025-02-28,Nashik,19.9975,73.7898,29.2,15.5,22.4,50.9,0.0,True,weather_daily_agg_v1,42,08efbdb5ab95
2025-02-28,Nagpur,21.1458,79.0882,29.8,14.6,22.2,41.3,0.0,True,weather_daily_agg_v1,42,08efbdb5ab95
2025-02-28,Indore,22.7196,75.8577,28.5,14.9,21.7,44.5,0.0,True,weather_daily_agg_v1,42,08efbdb5ab95
2025-03-01,Pune,18.5204,73.8567,42.0,24.0,33.0,26.6,0.0,True,weather_daily_agg_v1,42,08efbdb5ab95
2025-03-01,Nashik,19.9975,73.7898,35.0,20.5,27.8,30.7,0.0,True,weather_daily_agg_v1,42,08efbdb5ab95
2025-03-01,Nagpur,21.1458,79.0882,33.1,22.1,27.6,50.8,0.0,True,weather_daily_agg_v1,42,08efbdb5ab95
2025-03-01,Indore,22.7196,75.8577,40.5,23.8,32.1,34.6,0.0,True,weather_daily_agg_v1,42,08efbdb5ab95
2025-03-02,Pune,18.5204,73.8567,30.9,21.7,26.3,33.2,0.0,True,weather_daily_agg_v1,42,08efbdb5ab95
2025-03-02,Nashik,19.9975,73.7898,42.2,24.9,33.6,44.5,0.0,True,weather_daily_agg_v1,42,08efbdb5ab95
2025-03-02,Nagpur,21.1458,79.0882,42.0,27.2,34.6,29.9,0.0,True,weather_daily_agg_v1,42,08efbdb5ab95
2025-03-02,Indore,22.7196,75.8577,34.1,23.9,29.0,33.1,0.0,True,weather_daily_agg_v1,42,08efbdb5ab95
2025-03-03,Pune,18.5204,73.8567,38.7,24.0,31.4,47.5,0.0,True,weather_daily_agg_v1,42,08efbdb5ab95
2025-03-03,Nashik,19.9975,73.7898,39.9,22.6,31.2,38.2,0.0,True,weather_daily_agg_v1,42,08efbdb5ab95
2025-03-03,Nagpur,21.1458,79.0882,33.1,27.3,30.2,46.0,0.0,True,weather_daily_agg_v1,42,08efbdb5ab95
2025-03-03,Indore,22.7196,75.8577,40.9,24.0,32.5,30.3,0.0,True,weather_daily_agg_v1,42,08efbdb5ab95
2025-03-04,Pune,18.5204,73.8567,38.2,23.6,30.9,38.4,0.0,True,weather_daily_agg_v1,42,08efbdb5ab95
2025-03-04,Nashik,19.9975,73.7898,36.3,28.9,32.6,34.7,0.0,True,weather_daily_agg_v1,42,08efbdb5ab95
2025-03-04,Nagpur,21.1458,79.0882,36.4,27.6,32.0,32.0,0.0,True,weather_daily_agg_v1,42,08efbdb5ab95
2025-03-04,Indore,22.7196,75.8577,37.3,21.2,29.2,37.9,0.0,True,weather_daily_agg_v1,42,08efbdb5ab95
2025-03-05,Pune,18.5204,73.8567,35.4,24.5,30.0,37.5,0.0,True,weather_daily_agg_v1,42,08efbdb5ab95
2025-03-05,Nashik,19.9975,73.7898,33.6,22.3,28.0,36.4,0.0,True,weather_daily_agg_v1,42,08efbdb5ab95
2025-03-05,Nagpur,21.1458,79.0882,38.5,24.6,31.5,32.2,0.0,True,weather_daily_agg_v1,42,08efbdb5ab95
2025-03-05,Indore,22.7196,75.8577,34.5,26.3,30.4,35.0,0.0,True,weather_daily_agg_v1,42,08efbdb5ab95
2025-03-06,Pune,18.5204,73.8567,37.3,25.2,31.3,36.9,0.0,True,weather_daily_agg_v1,42,08efbdb5ab95
2025-03-06,Nashik,19.9975,73.7898,39.7,25.8,32.7,18.6,0.0,True,weather_daily_agg_v1,42,08efbdb5ab95
2025-03-06,Nagpur,21.1458,79.0882,38.7,24.5,31.6,29.2,0.0,True,weather_daily_agg_v1,42,08efbdb5ab95
2025-03-06,Indore,22.7196,75.8577,38.1,24.4,31.3,35.9,0.0,True,weather_daily_agg_v1,42,08efbdb5ab95
2025-03-07,Pune,18.5204,73.8567,35.7,23.7,29.7,44.8,0.0,True,weather_daily_agg_v1,42,08efbdb5ab95
2025-03-07,Nashik,19.9975,73.7898,33.2,24.0,28.6,30.5,0.0,True,weather_daily_agg_v1,42,08efbdb5ab95
2025-03-07,Nagpur,21.1458,79.0882,38.0,24.8,31.4,33.8,0.0,True,weather_daily_agg_v1,42,08efbdb5ab95
2025-03-07,Indore,22.7196,75.8577,34.5,23.8,29.2,31.6,0.0,True,weather_daily_agg_v1,42,08efbdb5ab95
2025-03-08,Pune,18.5204,73.8567,40.0,26.3,33.1,25.7,0.0,True,weather_daily_agg_v1,42,08efbdb5ab95
2025-03-08,Nashik,19.9975,73.7898,39.8,23.5,31.6,38.3,0.0,True,weather_daily_agg_v1,42,08efbdb5ab95
2025-03-08,Nagpur,21.1458,79.0882,37.1,23.0,30.1,32.4,1.6,True,weather_daily_agg_v1,42,08efbdb5ab95
2025-03-08,Indore,22.7196,75.8577,34.4,20.5,27.4,44.5,0.0,True,weather_daily_agg_v1,42,08efbdb5ab95
2025-03-09,Pune,18.5204,73.8567,36.8,23.8,30.3,33.5,0.0,True,weather_daily_agg_v1,42,08efbdb5ab95
2025-03-09,Nashik,19.9975,73.7898,39.5,22.1,30.8,30.8,0.0,True,weather_daily_agg_v1,42,08efbdb5ab95
2025-03-09,Nagpur,21.1458,79.0882,41.5,23.6,32.6,17.3,0.0,True,weather_daily_agg_v1,42,08efbdb5ab95
2025-03-09,Indore,22.7196,75.8577,39.6,24.0,31.8,38.8,0.0,True,weather_daily_agg_v1,42,08efbdb5ab95
2025-03-10,Pune,18.5204,73.8567,34.5,23.8,29.1,27.3,0.0,True,weather_daily_agg_v1,42,08efbdb5ab95
2025-03-10,Nashik,19.9975,73.7898,35.9,23.5,29.7,38.0,0.6,True,weather_daily_agg_v1,42,08efbdb5ab95
2025-03-10,Nagpur,21.1458,79.0882,38.8,24.1,31.5,34.5,0.0,True,weather_daily_agg_v1,42,08efbdb5ab95
2025-03-10,Indore,22.7196,75.8577,36.9,25.1,31.0,17.8,0.0,True,weather_daily_agg_v1,42,08efbdb5ab95
2025-03-11,Pune,18.5204,73.8567,37.9,26.7,32.3,44.9,0.0,True,weather_daily_agg_v1,42,08efbdb5ab95
2025-03-11,Nashik,19.9975,73.7898,34.4,24.0,29.2,43.4,0.0,True,weather_daily_agg_v1,42,08efbdb5ab95
2025-03-11,Nagpur,21.1458,79.0882,33.8,27.8,30.8,39.4,0.1,True,weather_daily_agg_v1,42,08efbdb5ab95
2025-03-11,Indore,22.7196,75.8577,36.9,19.1,28.0,19.0,0.0,True,weather_daily_agg_v1,42,08efbdb5ab95
2025-03-12,Pune,18.5204,73.8567,36.9,21.1,29.0,55.5,0.0,True,weather_daily_agg_v1,42,08efbdb5ab95
2025-03-12,Nashik,19.9975,73.7898,40.6,22.2,31.4,27.8,0.0,True,weather_daily_agg_v1,42,08efbdb5ab95
2025-03-12,Nagpur,21.1458,79.0882,45.8,25.0,35.4,25.8,0.0,True,weather_daily_agg_v1,42,08efbdb5ab95
2025-03-12,Indore,22.7196,75.8577,36.3,22.5,29.4,32.7,0.0,True,weather_daily_agg_v1,42,08efbdb5ab95
2025-03-13,Pune,18.5204,73.8567,36.3,19.7,28.0,48.4,0.0,True,weather_daily_agg_v1,42,08efbdb5ab95
2025-03-13,Nashik,19.9975,73.7898,37.2,23.7,30.5,42.4,0.0,True,weather_daily_agg_v1,42,08efbdb5ab95
2025-03-13,Nagpur,21.1458,79.0882,39.9,22.7,31.3,28.8,0.0,True,weather_daily_agg_v1,42,08efbdb5ab95
2025-03-13,Indore,22.7196,75.8577,37.3,25.6,31.5,31.9,0.0,True,weather_daily_agg_v1,42,08efbdb5ab95
2025-03-14,Pune,18.5204,73.8567,40.2,23.7,32.0,36.2,0.0,True,weather_daily_agg_v1,42,08efbdb5ab95
2025-03-14,Nashik,19.9975,73.7898,39.8,23.2,31.5,47.8,0.0,True,weather_daily_agg_v1,42,08efbdb5ab95
2025-03-14,Nagpur,21.1458,79.0882,38.3,23.7,31.0,43.2,0.0,True,weather_daily_agg_v1,42,08efbdb5ab95
2025-03-14,Indore,22.7196,75.8577,37.8,26.4,32.1,37.7,0.0,True,weather_daily_agg_v1,42,08efbdb5ab95
2025-03-15,Pune,18.5204,73.8567,42.1,24.0,33.1,39.3,0.0,True,weather_daily_agg_v1,42,08efbdb5ab95
2025-03-15,Nashik,19.9975,73.7898,41.1,25.8,33.4,43.0,0.0,True,weather_daily_agg_v1,42,08efbdb5ab95
2025-03-15,Nagpur,21.1458,79.0882,36.4,23.7,30.0,50.7,0.0,True,weather_daily_agg_v1,42,08efbdb5ab95
2025-03-15,Indore,22.7196,75.8577,32.0,26.7,29.4,32.1,0.0,True,weather_daily_agg_v1,42,08efbdb5ab95
2025-03-16,Pune,18.5204,73.8567,33.7,25.2,29.5,36.4,0.0,True,weather_daily_agg_v1,42,08efbdb5ab95
2025-03-16,Nashik,19.9975,73.7898,38.6,22.6,30.6,25.9,0.0,True,weather_daily_agg_v1,42,08efbdb5ab95
2025-03-16,Nagpur,21.1458,79.0882,40.4,22.4,31.4,36.4,0.0,True,weather_daily_agg_v1,42,08efbdb5ab95
2025-03-16,Indore,22.7196,75.8577,39.6,26.9,33.3,35.2,0.0,True,weather_daily_agg_v1,42,08efbdb5ab95
2025-03-17,Pune,18.5204,73.8567,41.5,27.9,34.7,32.5,0.0,True,weather_daily_agg_v1,42,08efbdb5ab95
2025-03-17,Nashik,19.9975,73.7898,39.1,22.8,31.0,29.1,0.0,True,weather_daily_agg_v1,42,08efbdb5ab95
2025-03-17,Nagpur,21.1458,79.0882,42.6,21.4,32.0,37.0,0.0,True,weather_daily_agg_v1,42,08efbdb5ab95
2025-03-17,Indore,22.7196,75.8577,42.8,24.7,33.7,37.8,0.1,True,weather_daily_agg_v1,42,08efbdb5ab95
2025-03-18,Pune,18.5204,73.8567,37.5,25.0,31.3,40.7,0.0,True,weather_daily_agg_v1,42,08efbdb5ab95
2025-03-18,Nashik,19.9975,73.7898,33.8,22.0,27.9,41.9,0.0,True,weather_daily_agg_v1,42,08efbdb5ab95
2025-03-18,Nagpur,21.1458,79.0882,33.4,22.6,28.0,34.5,0.0,True,weather_daily_agg_v1,42,08efbdb5ab95
2025-03-18,Indore,22.7196,75.8577,35.0,21.4,28.2,46.8,0.0,True,weather_daily_agg_v1,42,08efbdb5ab95
2025-03-19,Pune,18.5204,73.8567,37.7,23.9,30.8,48.5,0.0,True,weather_daily_agg_v1,42,08efbdb5ab95
2025-03-19,Nashik,19.9975,73.7898,36.3,24.9,30.6,38.4,2.6,True,weather_daily_agg_v1,42,08efbdb5ab95
2025-03-19,Nagpur,21.1458,79.0882,42.3,26.6,34.4,30.0,0.0,True,weather_daily_agg_v1,42,08efbdb5ab95
2025-03-19,Indore,22.7196,75.8577,34.4,22.6,28.5,19.6,0.0,True,weather_daily_agg_v1,42,08efbdb5ab95
2025-03-20,Pune,18.5204,73.8567,37.3,27.5,32.4,25.0,0.0,True,weather_daily_agg_v1,42,08efbdb5ab95
2025-03-20,Nashik,19.9975,73.7898,33.1,21.5,27.3,26.9,5.4,True,weather_daily_agg_v1,42,08efbdb5ab95
2025-03-20,Nagpur,21.1458,79.0882,39.2,22.1,30.6,35.6,0.0,True,weather_daily_agg_v1,42,08efbdb5ab95
2025-03-20,Indore,22.7196,75.8577,43.9,25.5,34.7,46.8,0.0,True,weather_daily_agg_v1,42,08efbdb5ab95
2025-03-21,Pune,18.5204,73.8567,42.1,20.0,31.0,40.9,0.0,True,weather_daily_agg_v1,42,08efbdb5ab95
2025-03-21,Nashik,19.9975,73.7898,36.4,23.3,29.8,30.6,0.0,True,weather_daily_agg_v1,42,08efbdb5ab95
2025-03-21,Nagpur,21.1458,79.0882,37.1,25.1,31.1,26.1,0.0,True,weather_daily_agg_v1,42,08efbdb5ab95
2025-03-21,Indore,22.7196,75.8577,37.0,25.4,31.2,38.0,0.0,True,weather_daily_agg_v1,42,08efbdb5ab95
2025-03-22,Pune,18.5204,73.8567,39.3,25.9,32.6,43.0,0.0,True,weather_daily_agg_v1,42,08efbdb5ab95
2025-03-22,Nashik,19.9975,73.7898,37.7,22.2,30.0,44.7,0.1,True,weather_daily_agg_v1,42,08efbdb5ab95
2025-03-22,Nagpur,21.1458,79.0882,39.5,22.6,31.1,32.3,0.0,True,weather_daily_agg_v1,42,08efbdb5ab95
2025-03-22,Indore,22.7196,75.8577,33.1,23.7,28.4,23.9,0.0,True,weather_daily_agg_v1,42,08efbdb5ab95
2025-03-23,Pune,18.5204,73.8567,36.1,22.5,29.3,24.9,0.0,True,weather_daily_agg_v1,42,08efbdb5ab95
2025-03-23,Nashik,19.9975,73.7898,36.4,24.0,30.2,30.0,0.0,True,weather_daily_agg_v1,42,08efbdb5ab95
2025-03-23,Nagpur,21.1458,79.0882,38.4,24.5,31.4,46.8,0.0,True,weather_daily_agg_v1,42,08efbdb5ab95
2025-03-23,Indore,22.7196,75.8577,39.2,26.7,32.9,38.8,0.0,True,weather_daily_agg_v1,42,08efbdb5ab95
2025-03-24,Pune,18.5204,73.8567,39.0,23.9,31.5,33.1,0.0,True,weather_daily_agg_v1,42,08efbdb5ab95
2025-03-24,Nashik,19.9975,73.7898,40.4,22.5,31.5,24.6,0.0,True,weather_daily_agg_v1,42,08efbdb5ab95
2025-03-24,Nagpur,21.1458,79.0882,39.4,23.8,31.6,41.9,0.0,True,weather_daily_agg_v1,42,08efbdb5ab95
2025-03-24,Indore,22.7196,75.8577,41.6,20.8,31.2,34.1,0.0,True,weather_daily_agg_v1,42,08efbdb5ab95
2025-03-25,Pune,18.5204,73.8567,36.5,25.3,30.9,34.8,0.9,True,weather_daily_agg_v1,42,08efbdb5ab95
2025-03-25,Nashik,19.9975,73.7898,39.7,24.5,32.1,37.2,0.0,True,weather_daily_agg_v1,42,08efbdb5ab95
2025-03-25,Nagpur,21.1458,79.0882,34.9,21.3,28.1,24.7,0.0,True,weather_daily_agg_v1,42,08efbdb5ab95
2025-03-25,Indore,22.7196,75.8577,33.7,24.1,28.9,36.9,0.0,True,weather_daily_agg_v1,42,08efbdb5ab95
2025-03-26,Pune,18.5204,73.8567,36.1,21.8,28.9,26.4,0.0,True,weather_daily_agg_v1,42,08efbdb5ab95
2025-03-26,Nashik,19.9975,73.7898,40.4,23.1,31.8,33.7,0.0,True,weather_daily_agg_v1,42,08efbdb5ab95
2025-03-26,Nagpur,21.1458,79.0882,33.1,26.6,29.8,50.0,0.0,True,weather_daily_agg_v1,42,08efbdb5ab95
2025-03-26,Indore,22.7196,75.8577,37.0,26.9,31.9,41.1,0.0,True,weather_daily_agg_v1,42,08efbdb5ab95
2025-03-27,Pune,18.5204,73.8567,36.8,22.9,29.8,29.4,0.0,True,weather_daily_agg_v1,42,08efbdb5ab95
2025-03-27,Nashik,19.9975,73.7898,35.7,23.9,29.8,43.9,0.0,True,weather_daily_agg_v1,42,08efbdb5ab95
2025-03-27,Nagpur,21.1458,79.0882,34.5,21.6,28.1,35.2,0.0,True,weather_daily_agg_v1,42,08efbdb5ab95
2025-03-27,Indore,22.7196,75.8577,39.3,25.0,32.2,43.5,0.0,True,weather_daily_agg_v1,42,08efbdb5ab95
2025-03-28,Pune,18.5204,73.8567,40.4,22.9,31.6,32.3,0.0,True,weather_daily_agg_v1,42,08efbdb5ab95
2025-03-28,Nashik,19.9975,73.7898,35.5,22.6,29.0,44.9,0.0,True,weather_daily_agg_v1,42,08efbdb5ab95
2025-03-28,Nagpur,21.1458,79.0882,36.6,26.6,31.6,23.3,0.0,True,weather_daily_agg_v1,42,08efbdb5ab95
2025-03-28,Indore,22.7196,75.8577,44.3,22.6,33.5,31.5,0.8,True,weather_daily_agg_v1,42,08efbdb5ab95
2025-03-29,Pune,18.5204,73.8567,35.3,22.6,28.9,51.5,0.0,True,weather_daily_agg_v1,42,08efbdb5ab95
2025-03-29,Nashik,19.9975,73.7898,41.1,21.4,31.2,38.8,0.0,True,weather_daily_agg_v1,42,08efbdb5ab95
2025-03-29,Nagpur,21.1458,79.0882,34.0,24.5,29.2,27.2,0.0,True,weather_daily_agg_v1,42,08efbdb5ab95
2025-03-29,Indore,22.7196,75.8577,40.2,25.7,32.9,35.4,0.0,True,weather_daily_agg_v1,42,08efbdb5ab95
2025-03-30,Pune,18.5204,73.8567,43.6,23.3,33.5,47.0,1.0,True,weather_daily_agg_v1,42,08efbdb5ab95
2025-03-30,Nashik,19.9975,73.7898,35.9,21.4,28.6,31.0,1.3,True,weather_daily_agg_v1,42,08efbdb5ab95
2025-03-30,Nagpur,21.1458,79.0882,44.3,25.3,34.8,34.3,0.0,True,weather_daily_agg_v1,42,08efbdb5ab95
2025-03-30,Indore,22.7196,75.8577,34.7,22.3,28.5,33.1,0.0,True,weather_daily_agg_v1,42,08efbdb5ab95
2025-03-31,Pune,18.5204,73.8567,36.8,25.9,31.4,42.3,0.0,True,weather_daily_agg_v1,42,08efbdb5ab95
2025-03-31,Nashik,19.9975,73.7898,34.5,24.6,29.5,32.7,0.0,True,weather_daily_agg_v1,42,08efbdb5ab95
2025-03-31,Nagpur,21.1458,79.0882,35.9,25.2,30.5,42.2,0.0,True,weather_daily_agg_v1,42,08efbdb5ab95
2025-03-31,Indore,22.7196,75.8577,40.4,25.1,32.7,37.2,0.0,True,weather_daily_agg_v1,42,08efbdb5ab95
2025-04-01,Pune,18.5204,73.8567,40.1,23.9,32.0,38.0,0.0,True,weather_daily_agg_v1,42,08efbdb5ab95
2025-04-01,Nashik,19.9975,73.7898,41.8,22.0,31.9,25.3,0.0,True,weather_daily_agg_v1,42,08efbdb5ab95
2025-04-01,Nagpur,21.1458,79.0882,36.5,22.4,29.4,42.3,1.0,True,weather_daily_agg_v1,42,08efbdb5ab95
2025-04-01,Indore,22.7196,75.8577,34.3,27.9,31.1,32.7,0.0,True,weather_daily_agg_v1,42,08efbdb5ab95
2025-04-02,Pune,18.5204,73.8567,37.3,26.5,31.9,27.1,0.0,True,weather_daily_agg_v1,42,08efbdb5ab95
2025-04-02,Nashik,19.9975,73.7898,35.3,24.5,29.9,44.4,0.0,True,weather_daily_agg_v1,42,08efbdb5ab95
2025-04-02,Nagpur,21.1458,79.0882,38.4,22.6,30.5,50.9,0.0,True,weather_daily_agg_v1,42,08efbdb5ab95
2025-04-02,Indore,22.7196,75.8577,38.5,24.9,31.7,35.7,0.0,True,weather_daily_agg_v1,42,08efbdb5ab95
2025-04-03,Pune,18.5204,73.8567,37.0,25.2,31.1,24.0,0.0,True,weather_daily_agg_v1,42,08efbdb5ab95
2025-04-03,Nashik,19.9975,73.7898,37.3,26.4,31.9,35.3,0.2,True,weather_daily_agg_v1,42,08efbdb5ab95
2025-04-03,Nagpur,21.1458,79.0882,41.7,27.7,34.7,29.6,0.0,True,weather_daily_agg_v1,42,08efbdb5ab95
2025-04-03,Indore,22.7196,75.8577,39.4,25.6,32.5,35.4,0.0,True,weather_daily_agg_v1,42,08efbdb5ab95
2025-04-04,Pune,18.5204,73.8567,40.8,24.9,32.8,37.5,0.0,True,weather_daily_agg_v1,42,08efbdb5ab95
2025-04-04,Nashik,19.9975,73.7898,37.0,23.0,30.0,27.7,0.0,True,weather_daily_agg_v1,42,08efbdb5ab95
2025-04-04,Nagpur,21.1458,79.0882,36.7,23.5,30.1,21.8,0.0,True,weather_daily_agg_v1,42,08efbdb5ab95
2025-04-04,Indore,22.7196,75.8577,38.6,23.5,31.0,39.4,0.0,True,weather_daily_agg_v1,42,08efbdb5ab95
2025-04-05,Pune,18.5204,73.8567,37.7,23.1,30.4,42.0,0.0,True,weather_daily_agg_v1,42,08efbdb5ab95
2025-04-05,Nashik,19.9975,73.7898,36.4,22.9,29.6,29.1,0.0,True,weather_daily_agg_v1,42,08efbdb5ab95
2025-04-05,Nagpur,21.1458,79.0882,39.2,27.1,33.2,40.2,0.0,True,weather_daily_agg_v1,42,08efbdb5ab95
2025-04-05,Indore,22.7196,75.8577,39.7,25.1,32.4,50.7,0.0,True,weather_daily_agg_v1,42,08efbdb5ab95
2025-04-06,Pune,18.5204,73.8567,36.0,21.1,28.5,41.6,0.0,True,weather_daily_agg_v1,42,08efbdb5ab95
2025-04-06,Nashik,19.9975,73.7898,39.3,22.2,30.8,25.0,0.0,True,weather_daily_agg_v1,42,08efbdb5ab95
2025-04-06,Nagpur,21.1458,79.0882,39.6,26.5,33.0,45.1,0.0,True,weather_daily_agg_v1,42,08efbdb5ab95
2025-04-06,Indore,22.7196,75.8577,40.2,22.2,31.2,52.9,0.0,True,weather_daily_agg_v1,42,08efbdb5ab95
2025-04-07,Pune,18.5204,73.8567,37.2,20.7,29.0,33.8,0.0,True,weather_daily_agg_v1,42,08efbdb5ab95
2025-04-07,Nashik,19.9975,73.7898,30.4,23.3,26.9,23.9,0.0,True,weather_daily_agg_v1,42,08efbdb5ab95
2025-04-07,Nagpur,21.1458,79.0882,28.7,22.3,25.5,28.1,0.0,True,weather_daily_agg_v1,42,08efbdb5ab95
2025-04-07,Indore,22.7196,75.8577,39.2,26.8,33.0,29.9,0.0,True,weather_daily_agg_v1,42,08efbdb5ab95
2025-04-08,Pune,18.5204,73.8567,41.3,22.0,31.6,43.2,0.0,True,weather_daily_agg_v1,42,08efbdb5ab95
2025-04-08,Nashik,19.9975,73.7898,36.7,22.4,29.6,43.0,0.0,True,weather_daily_agg_v1,42,08efbdb5ab95
2025-04-08,Nagpur,21.1458,79.0882,36.0,24.9,30.5,26.3,3.5,True,weather_daily_agg_v1,42,08efbdb5ab95
2025-04-08,Indore,22.7196,75.8577,35.2,22.0,28.6,43.3,0.0,True,weather_daily_agg_v1,42,08efbdb5ab95
2025-04-09,Pune,18.5204,73.8567,36.2,20.3,28.2,28.6,0.0,True,weather_daily_agg_v1,42,08efbdb5ab95
2025-04-09,Nashik,19.9975,73.7898,34.9,26.0,30.5,47.3,0.0,True,weather_daily_agg_v1,42,08efbdb5ab95
2025-04-09,Nagpur,21.1458,79.0882,35.3,22.1,28.7,20.9,0.0,True,weather_daily_agg_v1,42,08efbdb5ab95
2025-04-09,Indore,22.7196,75.8577,43.5,21.1,32.3,38.4,0.0,True,weather_daily_agg_v1,42,08efbdb5ab95
2025-04-10,Pune,18.5204,73.8567,34.2,24.2,29.2,27.8,0.0,True,weather_daily_agg_v1,42,08efbdb5ab95
2025-04-10,Nashik,19.9975,73.7898,38.1,21.6,29.8,20.5,0.0,True,weather_daily_agg_v1,42,08efbdb5ab95
2025-04-10,Nagpur,21.1458,79.0882,39.4,24.4,31.9,45.2,0.0,True,weather_daily_agg_v1,42,08efbdb5ab95
2025-04-10,Indore,22.7196,75.8577,39.7,24.9,32.3,35.5,0.0,True,weather_daily_agg_v1,42,08efbdb5ab95
2025-04-11,Pune,18.5204,73.8567,34.1,22.5,28.3,36.7,0.0,True,weather_daily_agg_v1,42,08efbdb5ab95
2025-04-11,Nashik,19.9975,73.7898,38.3,27.0,32.6,41.7,0.0,True,weather_daily_agg_v1,42,08efbdb5ab95
2025-04-11,Nagpur,21.1458,79.0882,42.3,25.5,33.9,25.2,1.6,True,weather_daily_agg_v1,42,08efbdb5ab95
2025-04-11,Indore,22.7196,75.8577,34.1,18.3,26.2,24.7,0.4,True,weather_daily_agg_v1,42,08efbdb5ab95
2025-04-12,Pune,18.5204,73.8567,34.3,23.8,29.1,35.8,0.5,True,weather_daily_agg_v1,42,08efbdb5ab95
2025-04-12,Nashik,19.9975,73.7898,38.8,25.3,32.1,41.3,0.0,True,weather_daily_agg_v1,42,08efbdb5ab95
2025-04-12,Nagpur,21.1458,79.0882,39.9,21.6,30.8,44.5,0.0,True,weather_daily_agg_v1,42,08efbdb5ab95
2025-04-12,Indore,22.7196,75.8577,39.4,24.6,32.0,44.8,0.0,True,weather_daily_agg_v1,42,08efbdb5ab95
2025-04-13,Pune,18.5204,73.8567,41.7,23.0,32.4,21.9,0.0,True,weather_daily_agg_v1,42,08efbdb5ab95
2025-04-13,Nashik,19.9975,73.7898,34.3,23.0,28.6,36.0,0.0,True,weather_daily_agg_v1,42,08efbdb5ab95
2025-04-13,Nagpur,21.1458,79.0882,36.1,25.3,30.7,30.0,0.7,True,weather_daily_agg_v1,42,08efbdb5ab95
2025-04-13,Indore,22.7196,75.8577,46.4,24.4,35.4,17.9,0.0,True,weather_daily_agg_v1,42,08efbdb5ab95
2025-04-14,Pune,18.5204,73.8567,38.0,24.4,31.2,31.5,0.0,True,weather_daily_agg_v1,42,08efbdb5ab95
2025-04-14,Nashik,19.9975,73.7898,33.3,24.9,29.1,44.5,2.1,True,weather_daily_agg_v1,42,08efbdb5ab95
2025-04-14,Nagpur,21.1458,79.0882,43.9,22.1,33.0,27.3,0.0,True,weather_daily_agg_v1,42,08efbdb5ab95
2025-04-14,Indore,22.7196,75.8577,35.7,24.0,29.9,33.5,0.0,True,weather_daily_agg_v1,42,08efbdb5ab95
2025-04-15,Pune,18.5204,73.8567,38.7,23.8,31.2,39.4,0.0,True,weather_daily_agg_v1,42,08efbdb5ab95
2025-04-15,Nashik,19.9975,73.7898,37.7,23.0,30.3,40.1,0.0,True,weather_daily_agg_v1,42,08efbdb5ab95
2025-04-15,Nagpur,21.1458,79.0882,41.3,26.5,33.9,34.0,0.0,True,weather_daily_agg_v1,42,08efbdb5ab95
2025-04-15,Indore,22.7196,75.8577,38.0,23.9,30.9,40.5,0.0,True,weather_daily_agg_v1,42,08efbdb5ab95
2025-04-16,Pune,18.5204,73.8567,40.2,24.5,32.3,17.7,0.0,True,weather_daily_agg_v1,42,08efbdb5ab95
2025-04-16,Nashik,19.9975,73.7898,40.0,21.2,30.6,34.1,0.0,True,weather_daily_agg_v1,42,08efbdb5ab95
2025-04-16,Nagpur,21.1458,79.0882,37.6,22.5,30.0,15.2,0.0,True,weather_daily_agg_v1,42,08efbdb5ab95
2025-04-16,Indore,22.7196,75.8577,36.7,21.1,28.9,37.7,0.0,True,weather_daily_agg_v1,42,08efbdb5ab95
2025-04-17,Pune,18.5204,73.8567,34.8,22.7,28.7,34.7,0.0,True,weather_daily_agg_v1,42,08efbdb5ab95
2025-04-17,Nashik,19.9975,73.7898,41.9,23.8,32.9,33.6,0.0,True,weather_daily_agg_v1,42,08efbdb5ab95
2025-04-17,Nagpur,21.1458,79.0882,39.3,26.0,32.7,31.5,0.0,True,weather_daily_agg_v1,42,08efbdb5ab95
2025-04-17,Indore,22.7196,75.8577,37.2,24.0,30.6,45.5,0.0,True,weather_daily_agg_v1,42,08efbdb5ab95
2025-04-18,Pune,18.5204,73.8567,41.3,25.8,33.5,33.4,0.0,True,weather_daily_agg_v1,42,08efbdb5ab95
2025-04-18,Nashik,19.9975,73.7898,36.8,22.6,29.7,48.6,0.0,True,weather_daily_agg_v1,42,08efbdb5ab95
2025-04-18,Nagpur,21.1458,79.0882,39.9,24.6,32.2,26.0,0.0,True,weather_daily_agg_v1,42,08efbdb5ab95
2025-04-18,Indore,22.7196,75.8577,37.8,19.6,28.7,31.7,0.0,True,weather_daily_agg_v1,42,08efbdb5ab95
2025-04-19,Pune,18.5204,73.8567,34.7,23.8,29.2,35.8,0.0,True,weather_daily_agg_v1,42,08efbdb5ab95
2025-04-19,Nashik,19.9975,73.7898,39.0,21.8,30.4,26.5,0.5,True,weather_daily_agg_v1,42,08efbdb5ab95
2025-04-19,Nagpur,21.1458,79.0882,37.4,24.0,30.7,37.2,0.0,True,weather_daily_agg_v1,42,08efbdb5ab95
2025-04-19,Indore,22.7196,75.8577,40.7,23.4,32.0,31.1,0.0,True,weather_daily_agg_v1,42,08efbdb5ab95
2025-04-20,Pune,18.5204,73.8567,38.7,25.3,32.0,37.9,0.0,True,weather_daily_agg_v1,42,08efbdb5ab95
2025-04-20,Nashik,19.9975,73.7898,37.0,21.9,29.4,38.8,0.0,True,weather_daily_agg_v1,42,08efbdb5ab95
2025-04-20,Nagpur,21.1458,79.0882,31.4,26.4,28.9,49.1,1.1,True,weather_daily_agg_v1,42,08efbdb5ab95
2025-04-20,Indore,22.7196,75.8577,31.4,23.5,27.5,44.5,0.0,True,weather_daily_agg_v1,42,08efbdb5ab95
2025-04-21,Pune,18.5204,73.8567,37.0,20.1,28.6,40.7,0.0,True,weather_daily_agg_v1,42,08efbdb5ab95
2025-04-21,Nashik,19.9975,73.7898,37.8,24.6,31.2,32.2,0.5,True,weather_daily_agg_v1,42,08efbdb5ab95
2025-04-21,Nagpur,21.1458,79.0882,36.7,24.6,30.7,38.3,0.0,True,weather_daily_agg_v1,42,08efbdb5ab95
2025-04-21,Indore,22.7196,75.8577,36.7,25.3,31.0,22.4,0.0,True,weather_daily_agg_v1,42,08efbdb5ab95
2025-04-22,Pune,18.5204,73.8567,40.7,23.6,32.1,35.2,0.0,True,weather_daily_agg_v1,42,08efbdb5ab95
2025-04-22,Nashik,19.9975,73.7898,40.9,24.6,32.7,31.2,0.0,True,weather_daily_agg_v1,42,08efbdb5ab95
2025-04-22,Nagpur,21.1458,79.0882,41.3,22.5,31.9,23.1,0.0,True,weather_daily_agg_v1,42,08efbdb5ab95
2025-04-22,Indore,22.7196,75.8577,40.4,27.2,33.8,53.8,0.0,True,weather_daily_agg_v1,42,08efbdb5ab95
2025-04-23,Pune,18.5204,73.8567,38.1,24.7,31.4,43.6,0.0,True,weather_daily_agg_v1,42,08efbdb5ab95
2025-04-23,Nashik,19.9975,73.7898,37.2,24.0,30.6,34.9,0.0,True,weather_daily_agg_v1,42,08efbdb5ab95
2025-04-23,Nagpur,21.1458,79.0882,36.3,26.0,31.2,42.1,0.0,True,weather_daily_agg_v1,42,08efbdb5ab95
2025-04-23,Indore,22.7196,75.8577,36.1,25.5,30.8,39.4,0.0,True,weather_daily_agg_v1,42,08efbdb5ab95
2025-04-24,Pune,18.5204,73.8567,36.8,22.3,29.6,30.7,0.0,True,weather_daily_agg_v1,42,08efbdb5ab95
2025-04-24,Nashik,19.9975,73.7898,37.2,24.7,30.9,26.6,0.0,True,weather_daily_agg_v1,42,08efbdb5ab95
2025-04-24,Nagpur,21.1458,79.0882,37.3,24.5,30.9,34.9,0.0,True,weather_daily_agg_v1,42,08efbdb5ab95
2025-04-24,Indore,22.7196,75.8577,36.9,22.6,29.7,25.4,0.0,True,weather_daily_agg_v1,42,08efbdb5ab95
2025-04-25,Pune,18.5204,73.8567,38.8,24.3,31.5,41.9,0.0,True,weather_daily_agg_v1,42,08efbdb5ab95
2025-04-25,Nashik,19.9975,73.7898,39.5,23.5,31.5,35.6,0.0,True,weather_daily_agg_v1,42,08efbdb5ab95
2025-04-25,Nagpur,21.1458,79.0882,38.3,26.3,32.3,28.6,0.0,True,weather_daily_agg_v1,42,08efbdb5ab95
2025-04-25,Indore,22.7196,75.8577,38.1,23.1,30.6,37.3,1.3,True,weather_daily_agg_v1,42,08efbdb5ab95
2025-04-26,Pune,18.5204,73.8567,37.5,23.8,30.6,24.2,0.0,True,weather_daily_agg_v1,42,08efbdb5ab95
2025-04-26,Nashik,19.9975,73.7898,35.9,25.6,30.8,45.5,0.0,True,weather_daily_agg_v1,42,08efbdb5ab95
2025-04-26,Nagpur,21.1458,79.0882,40.4,26.5,33.5,40.5,0.0,True,weather_daily_agg_v1,42,08efbdb5ab95
2025-04-26,Indore,22.7196,75.8577,41.9,23.9,32.9,20.0,2.2,True,weather_daily_agg_v1,42,08efbdb5ab95
2025-04-27,Pune,18.5204,73.8567,36.8,26.7,31.8,18.7,0.0,True,weather_daily_agg_v1,42,08efbdb5ab95
2025-04-27,Nashik,19.9975,73.7898,38.1,26.1,32.1,40.7,0.0,True,weather_daily_agg_v1,42,08efbdb5ab95
2025-04-27,Nagpur,21.1458,79.0882,38.2,27.2,32.7,27.5,0.0,True,weather_daily_agg_v1,42,08efbdb5ab95
2025-04-27,Indore,22.7196,75.8577,44.8,26.3,35.5,34.1,0.0,True,weather_daily_agg_v1,42,08efbdb5ab95
2025-04-28,Pune,18.5204,73.8567,40.2,25.5,32.9,37.5,0.0,True,weather_daily_agg_v1,42,08efbdb5ab95
2025-04-28,Nashik,19.9975,73.7898,37.5,23.0,30.3,38.2,0.0,True,weather_daily_agg_v1,42,08efbdb5ab95
2025-04-28,Nagpur,21.1458,79.0882,32.6,26.5,29.5,22.6,0.0,True,weather_daily_agg_v1,42,08efbdb5ab95
2025-04-28,Indore,22.7196,75.8577,36.3,25.8,31.0,15.7,0.0,True,weather_daily_agg_v1,42,08efbdb5ab95
2025-04-29,Pune,18.5204,73.8567,41.1,21.3,31.2,45.0,0.0,True,weather_daily_agg_v1,42,08efbdb5ab95
2025-04-29,Nashik,19.9975,73.7898,33.8,21.1,27.5,31.4,0.0,True,weather_daily_agg_v1,42,08efbdb5ab95
2025-04-29,Nagpur,21.1458,79.0882,38.8,26.1,32.5,29.9,0.0,True,weather_daily_agg_v1,42,08efbdb5ab95
2025-04-29,Indore,22.7196,75.8577,37.2,25.2,31.2,41.0,0.0,True,weather_daily_agg_v1,42,08efbdb5ab95
2025-04-30,Pune,18.5204,73.8567,43.7,19.3,31.5,31.5,0.0,True,weather_daily_agg_v1,42,08efbdb5ab95
2025-04-30,Nashik,19.9975,73.7898,39.1,23.5,31.3,25.1,0.0,True,weather_daily_agg_v1,42,08efbdb5ab95
2025-04-30,Nagpur,21.1458,79.0882,35.2,25.8,30.5,26.6,0.0,True,weather_daily_agg_v1,42,08efbdb5ab95
2025-04-30,Indore,22.7196,75.8577,33.2,21.3,27.2,48.1,0.0,True,weather_daily_agg_v1,42,08efbdb5ab95
2025-05-01,Pune,18.5204,73.8567,39.3,24.2,31.7,45.3,0.0,True,weather_daily_agg_v1,42,08efbdb5ab95
2025-05-01,Nashik,19.9975,73.7898,34.6,25.0,29.8,34.5,0.0,True,weather_daily_agg_v1,42,08efbdb5ab95
2025-05-01,Nagpur,21.1458,79.0882,39.7,23.1,31.4,25.4,0.0,True,weather_daily_agg_v1,42,08efbdb5ab95
2025-05-01,Indore,22.7196,75.8577,40.7,24.4,32.6,34.0,0.0,True,weather_daily_agg_v1,42,08efbdb5ab95
2025-05-02,Pune,18.5204,73.8567,39.1,25.0,32.0,37.6,0.0,True,weather_daily_agg_v1,42,08efbdb5ab95
2025-05-02,Nashik,19.9975,73.7898,40.0,20.6,30.3,30.1,0.0,True,weather_daily_agg_v1,42,08efbdb5ab95
2025-05-02,Nagpur,21.1458,79.0882,42.3,23.7,33.0,32.8,0.0,True,weather_daily_agg_v1,42,08efbdb5ab95
2025-05-02,Indore,22.7196,75.8577,36.9,22.3,29.6,20.9,0.0,True,weather_daily_agg_v1,42,08efbdb5ab95
2025-05-03,Pune,18.5204,73.8567,38.4,20.8,29.6,35.6,7.7,True,weather_daily_agg_v1,42,08efbdb5ab95
2025-05-03,Nashik,19.9975,73.7898,38.3,19.4,28.8,38.2,0.0,True,weather_daily_agg_v1,42,08efbdb5ab95
2025-05-03,Nagpur,21.1458,79.0882,39.8,26.4,33.1,43.2,0.0,True,weather_daily_agg_v1,42,08efbdb5ab95
2025-05-03,Indore,22.7196,75.8577,37.9,27.2,32.5,45.2,0.0,True,weather_daily_agg_v1,42,08efbdb5ab95
2025-05-04,Pune,18.5204,73.8567,40.5,23.1,31.8,18.6,0.0,True,weather_daily_agg_v1,42,08efbdb5ab95
2025-05-04,Nashik,19.9975,73.7898,42.9,23.0,32.9,23.4,0.0,True,weather_daily_agg_v1,42,08efbdb5ab95
2025-05-04,Nagpur,21.1458,79.0882,35.2,26.6,30.9,31.6,0.0,True,weather_daily_agg_v1,42,08efbdb5ab95
2025-05-04,Indore,22.7196,75.8577,34.2,23.1,28.6,34.5,0.0,True,weather_daily_agg_v1,42,08efbdb5ab95
2025-05-05,Pune,18.5204,73.8567,36.4,23.2,29.8,24.6,0.0,True,weather_daily_agg_v1,42,08efbdb5ab95
2025-05-05,Nashik,19.9975,73.7898,37.1,22.6,29.9,46.8,0.0,True,weather_daily_agg_v1,42,08efbdb5ab95
2025-05-05,Nagpur,21.1458,79.0882,37.4,23.3,30.4,31.5,0.0,True,weather_daily_agg_v1,42,08efbdb5ab95
2025-05-05,Indore,22.7196,75.8577,40.8,24.8,32.8,35.6,0.0,True,weather_daily_agg_v1,42,08efbdb5ab95
2025-05-06,Pune,18.5204,73.8567,39.1,26.2,32.7,36.7,3.3,True,weather_daily_agg_v1,42,08efbdb5ab95
2025-05-06,Nashik,19.9975,73.7898,36.5,23.3,29.9,55.0,0.0,True,weather_daily_agg_v1,42,08efbdb5ab95
2025-05-06,Nagpur,21.1458,79.0882,40.9,28.5,34.7,25.5,0.0,True,weather_daily_agg_v1,42,08efbdb5ab95
2025-05-06,Indore,22.7196,75.8577,41.0,28.4,34.7,36.8,1.7,True,weather_daily_agg_v1,42,08efbdb5ab95
2025-05-07,Pune,18.5204,73.8567,39.6,25.3,32.4,33.1,0.0,True,weather_daily_agg_v1,42,08efbdb5ab95
2025-05-07,Nashik,19.9975,73.7898,35.6,26.3,30.9,26.2,0.0,True,weather_daily_agg_v1,42,08efbdb5ab95
2025-05-07,Nagpur,21.1458,79.0882,38.8,26.4,32.6,33.3,0.0,True,weather_daily_agg_v1,42,08efbdb5ab95
2025-05-07,Indore,22.7196,75.8577,44.1,24.6,34.3,31.4,0.0,True,weather_daily_agg_v1,42,08efbdb5ab95
2025-05-08,Pune,18.5204,73.8567,30.4,24.4,27.4,43.2,3.0,True,weather_daily_agg_v1,42,08efbdb5ab95
2025-05-08,Nashik,19.9975,73.7898,37.6,24.0,30.8,35.7,2.7,True,weather_daily_agg_v1,42,08efbdb5ab95
2025-05-08,Nagpur,21.1458,79.0882,33.6,22.6,28.1,26.8,0.0,True,weather_daily_agg_v1,42,08efbdb5ab95
2025-05-08,Indore,22.7196,75.8577,34.9,23.3,29.1,34.4,0.6,True,weather_daily_agg_v1,42,08efbdb5ab95
2025-05-09,Pune,18.5204,73.8567,36.6,18.8,27.7,39.0,0.0,True,weather_daily_agg_v1,42,08efbdb5ab95
2025-05-09,Nashik,19.9975,73.7898,35.3,23.2,29.2,31.1,0.0,True,weather_daily_agg_v1,42,08efbdb5ab95
2025-05-09,Nagpur,21.1458,79.0882,33.5,23.4,28.4,42.9,1.8,True,weather_daily_agg_v1,42,08efbdb5ab95
2025-05-09,Indore,22.7196,75.8577,34.9,26.6,30.7,31.6,0.0,True,weather_daily_agg_v1,42,08efbdb5ab95
2025-05-10,Pune,18.5204,73.8567,36.7,22.0,29.3,43.1,0.0,True,weather_daily_agg_v1,42,08efbdb5ab95
2025-05-10,Nashik,19.9975,73.7898,43.4,24.8,34.1,37.1,0.0,True,weather_daily_agg_v1,42,08efbdb5ab95
2025-05-10,Nagpur,21.1458,79.0882,37.9,28.1,33.0,33.5,0.0,True,weather_daily_agg_v1,42,08efbdb5ab95
2025-05-10,Indore,22.7196,75.8577,38.3,24.6,31.5,37.1,0.0,True,weather_daily_agg_v1,42,08efbdb5ab95
2025-05-11,Pune,18.5204,73.8567,35.5,26.1,30.8,31.7,0.0,True,weather_daily_agg_v1,42,08efbdb5ab95
2025-05-11,Nashik,19.9975,73.7898,42.9,25.0,34.0,42.6,0.0,True,weather_daily_agg_v1,42,08efbdb5ab95
2025-05-11,Nagpur,21.1458,79.0882,38.6,21.8,30.2,60.0,0.0,True,weather_daily_agg_v1,42,08efbdb5ab95
2025-05-11,Indore,22.7196,75.8577,34.1,22.5,28.3,47.4,0.0,True,weather_daily_agg_v1,42,08efbdb5ab95
2025-05-12,Pune,18.5204,73.8567,37.7,26.1,31.9,32.8,0.0,True,weather_daily_agg_v1,42,08efbdb5ab95
2025-05-12,Nashik,19.9975,73.7898,33.8,25.2,29.5,23.3,0.0,True,weather_daily_agg_v1,42,08efbdb5ab95
2025-05-12,Nagpur,21.1458,79.0882,34.5,23.5,29.0,29.5,0.0,True,weather_daily_agg_v1,42,08efbdb5ab95
2025-05-12,Indore,22.7196,75.8577,36.0,21.6,28.8,28.3,0.0,True,weather_daily_agg_v1,42,08efbdb5ab95
2025-05-13,Pune,18.5204,73.8567,44.3,24.4,34.4,37.7,0.0,True,weather_daily_agg_v1,42,08efbdb5ab95
2025-05-13,Nashik,19.9975,73.7898,40.1,22.8,31.5,41.9,0.0,True,weather_daily_agg_v1,42,08efbdb5ab95
2025-05-13,Nagpur,21.1458,79.0882,39.7,24.7,32.2,36.9,1.1,True,weather_daily_agg_v1,42,08efbdb5ab95
2025-05-13,Indore,22.7196,75.8577,38.5,26.0,32.2,41.3,4.3,True,weather_daily_agg_v1,42,08efbdb5ab95
2025-05-14,Pune,18.5204,73.8567,40.2,24.7,32.5,32.2,0.0,True,weather_daily_agg_v1,42,08efbdb5ab95
2025-05-14,Nashik,19.9975,73.7898,40.2,23.9,32.0,45.8,0.0,True,weather_daily_agg_v1,42,08efbdb5ab95
2025-05-14,Nagpur,21.1458,79.0882,40.0,20.8,30.4,37.9,0.0,True,weather_daily_agg_v1,42,08efbdb5ab95
2025-05-14,Indore,22.7196,75.8577,30.9,24.4,27.7,40.2,0.0,True,weather_daily_agg_v1,42,08efbdb5ab95
2025-05-15,Pune,18.5204,73.8567,40.4,23.3,31.9,39.6,0.0,True,weather_daily_agg_v1,42,08efbdb5ab95
2025-05-15,Nashik,19.9975,73.7898,41.3,25.4,33.3,20.6,0.0,True,weather_daily_agg_v1,42,08efbdb5ab95
2025-05-15,Nagpur,21.1458,79.0882,40.4,21.0,30.7,29.2,0.0,True,weather_daily_agg_v1,42,08efbdb5ab95
2025-05-15,Indore,22.7196,75.8577,40.0,27.4,33.7,36.0,0.0,True,weather_daily_agg_v1,42,08efbdb5ab95
2025-05-16,Pune,18.5204,73.8567,35.2,22.6,28.9,28.1,0.0,True,weather_daily_agg_v1,42,08efbdb5ab95
2025-05-16,Nashik,19.9975,73.7898,41.3,23.5,32.4,41.1,0.0,True,weather_daily_agg_v1,42,08efbdb5ab95
2025-05-16,Nagpur,21.1458,79.0882,36.5,23.4,29.9,40.6,0.0,True,weather_daily_agg_v1,42,08efbdb5ab95
2025-05-16,Indore,22.7196,75.8577,38.1,22.4,30.3,31.4,0.0,True,weather_daily_agg_v1,42,08efbdb5ab95
2025-05-17,Pune,18.5204,73.8567,37.5,22.3,29.9,37.3,0.0,True,weather_daily_agg_v1,42,08efbdb5ab95
2025-05-17,Nashik,19.9975,73.7898,38.1,26.2,32.2,31.0,0.0,True,weather_daily_agg_v1,42,08efbdb5ab95
2025-05-17,Nagpur,21.1458,79.0882,37.8,24.8,31.3,52.4,0.0,True,weather_daily_agg_v1,42,08efbdb5ab95
2025-05-17,Indore,22.7196,75.8577,37.6,23.2,30.4,44.1,0.0,True,weather_daily_agg_v1,42,08efbdb5ab95
2025-05-18,Pune,18.5204,73.8567,39.3,24.3,31.8,32.9,0.0,True,weather_daily_agg_v1,42,08efbdb5ab95
2025-05-18,Nashik,19.9975,73.7898,35.7,23.1,29.4,29.3,0.0,True,weather_daily_agg_v1,42,08efbdb5ab95
2025-05-18,Nagpur,21.1458,79.0882,40.4,24.0,32.2,40.3,0.0,True,weather_daily_agg_v1,42,08efbdb5ab95
2025-05-18,Indore,22.7196,75.8577,32.8,23.6,28.2,33.7,0.0,True,weather_daily_agg_v1,42,08efbdb5ab95
2025-05-19,Pune,18.5204,73.8567,36.3,24.3,30.3,26.7,0.0,True,weather_daily_agg_v1,42,08efbdb5ab95
2025-05-19,Nashik,19.9975,73.7898,42.6,20.8,31.7,29.3,0.0,True,weather_daily_agg_v1,42,08efbdb5ab95
2025-05-19,Nagpur,21.1458,79.0882,35.7,23.6,29.7,25.7,0.0,True,weather_daily_agg_v1,42,08efbdb5ab95
2025-05-19,Indore,22.7196,75.8577,40.5,26.0,33.3,45.8,1.5,True,weather_daily_agg_v1,42,08efbdb5ab95
2025-05-20,Pune,18.5204,73.8567,39.4,25.7,32.6,33.1,0.0,True,weather_daily_agg_v1,42,08efbdb5ab95
2025-05-20,Nashik,19.9975,73.7898,40.7,29.3,35.0,43.6,0.0,True,weather_daily_agg_v1,42,08efbdb5ab95
2025-05-20,Nagpur,21.1458,79.0882,38.5,22.2,30.4,32.7,0.0,True,weather_daily_agg_v1,42,08efbdb5ab95
2025-05-20,Indore,22.7196,75.8577,36.4,23.8,30.1,21.2,0.0,True,weather_daily_agg_v1,42,08efbdb5ab95
2025-05-21,Pune,18.5204,73.8567,35.1,28.2,31.6,43.9,0.0,True,weather_daily_agg_v1,42,08efbdb5ab95
2025-05-21,Nashik,19.9975,73.7898,33.1,22.8,28.0,36.9,0.0,True,weather_daily_agg_v1,42,08efbdb5ab95
2025-05-21,Nagpur,21.1458,79.0882,38.3,24.5,31.4,36.4,0.0,True,weather_daily_agg_v1,42,08efbdb5ab95
2025-05-21,Indore,22.7196,75.8577,42.2,26.2,34.2,34.2,0.0,True,weather_daily_agg_v1,42,08efbdb5ab95
2025-05-22,Pune,18.5204,73.8567,34.2,22.1,28.1,47.5,0.0,True,weather_daily_agg_v1,42,08efbdb5ab95
2025-05-22,Nashik,19.9975,73.7898,37.1,23.9,30.5,39.6,0.0,True,weather_daily_agg_v1,42,08efbdb5ab95
2025-05-22,Nagpur,21.1458,79.0882,38.6,24.0,31.3,37.2,0.0,True,weather_daily_agg_v1,42,08efbdb5ab95
2025-05-22,Indore,22.7196,75.8577,36.4,22.0,29.2,37.1,0.0,True,weather_daily_agg_v1,42,08efbdb5ab95
2025-05-23,Pune,18.5204,73.8567,43.8,25.3,34.6,52.4,0.0,True,weather_daily_agg_v1,42,08efbdb5ab95
2025-05-23,Nashik,19.9975,73.7898,39.2,23.2,31.2,34.4,0.0,True,weather_daily_agg_v1,42,08efbdb5ab95
2025-05-23,Nagpur,21.1458,79.0882,37.1,25.6,31.4,18.7,0.0,True,weather_daily_agg_v1,42,08efbdb5ab95
2025-05-23,Indore,22.7196,75.8577,39.8,27.0,33.4,33.1,0.0,True,weather_daily_agg_v1,42,08efbdb5ab95
2025-05-24,Pune,18.5204,73.8567,35.2,20.9,28.0,24.1,0.0,True,weather_daily_agg_v1,42,08efbdb5ab95
2025-05-24,Nashik,19.9975,73.7898,37.1,24.1,30.6,44.9,4.6,True,weather_daily_agg_v1,42,08efbdb5ab95
2025-05-24,Nagpur,21.1458,79.0882,43.6,22.2,32.9,40.1,0.0,True,weather_daily_agg_v1,42,08efbdb5ab95
2025-05-24,Indore,22.7196,75.8577,39.2,24.8,32.0,35.1,14.8,True,weather_daily_agg_v1,42,08efbdb5ab95
2025-05-25,Pune,18.5204,73.8567,39.6,23.2,31.4,39.2,0.0,True,weather_daily_agg_v1,42,08efbdb5ab95
2025-05-25,Nashik,19.9975,73.7898,38.3,29.8,34.0,27.3,0.0,True,weather_daily_agg_v1,42,08efbdb5ab95
2025-05-25,Nagpur,21.1458,79.0882,38.8,23.5,31.2,36.9,0.0,True,weather_daily_agg_v1,42,08efbdb5ab95
2025-05-25,Indore,22.7196,75.8577,37.2,24.4,30.8,35.7,0.0,True,weather_daily_agg_v1,42,08efbdb5ab95
2025-05-26,Pune,18.5204,73.8567,37.2,25.1,31.2,51.2,0.0,True,weather_daily_agg_v1,42,08efbdb5ab95
2025-05-26,Nashik,19.9975,73.7898,36.0,25.9,30.9,32.1,0.0,True,weather_daily_agg_v1,42,08efbdb5ab95
2025-05-26,Nagpur,21.1458,79.0882,34.9,22.5,28.7,38.4,0.0,True,weather_daily_agg_v1,42,08efbdb5ab95
2025-05-26,Indore,22.7196,75.8577,39.9,22.1,31.0,28.9,0.0,True,weather_daily_agg_v1,42,08efbdb5ab95
2025-05-27,Pune,18.5204,73.8567,35.1,22.6,28.8,29.5,0.0,True,weather_daily_agg_v1,42,08efbdb5ab95
2025-05-27,Nashik,19.9975,73.7898,38.2,21.8,30.0,38.2,0.0,True,weather_daily_agg_v1,42,08efbdb5ab95
2025-05-27,Nagpur,21.1458,79.0882,39.9,25.7,32.8,25.9,0.0,True,weather_daily_agg_v1,42,08efbdb5ab95
2025-05-27,Indore,22.7196,75.8577,43.3,23.7,33.5,37.2,0.0,True,weather_daily_agg_v1,42,08efbdb5ab95
2025-05-28,Pune,18.5204,73.8567,34.6,23.6,29.1,39.6,0.0,True,weather_daily_agg_v1,42,08efbdb5ab95
2025-05-28,Nashik,19.9975,73.7898,37.2,25.8,31.5,29.4,0.0,True,weather_daily_agg_v1,42,08efbdb5ab95
2025-05-28,Nagpur,21.1458,79.0882,39.0,23.5,31.2,42.4,0.0,True,weather_daily_agg_v1,42,08efbdb5ab95
2025-05-28,Indore,22.7196,75.8577,31.2,20.2,25.7,37.9,0.0,True,weather_daily_agg_v1,42,08efbdb5ab95
2025-05-29,Pune,18.5204,73.8567,36.6,27.1,31.9,37.1,0.0,True,weather_daily_agg_v1,42,08efbdb5ab95
2025-05-29,Nashik,19.9975,73.7898,42.7,25.0,33.9,46.1,1.3,True,weather_daily_agg_v1,42,08efbdb5ab95
2025-05-29,Nagpur,21.1458,79.0882,33.7,23.9,28.8,30.6,0.0,True,weather_daily_agg_v1,42,08efbdb5ab95
2025-05-29,Indore,22.7196,75.8577,32.0,21.5,26.8,37.1,0.7,True,weather_daily_agg_v1,42,08efbdb5ab95
2025-05-30,Pune,18.5204,73.8567,36.5,23.5,30.0,34.6,0.0,True,weather_daily_agg_v1,42,08efbdb5ab95
2025-05-30,Nashik,19.9975,73.7898,37.4,23.4,30.4,30.7,1.0,True,weather_daily_agg_v1,42,08efbdb5ab95
2025-05-30,Nagpur,21.1458,79.0882,40.0,22.7,31.4,38.4,0.0,True,weather_daily_agg_v1,42,08efbdb5ab95
2025-05-30,Indore,22.7196,75.8577,39.2,22.1,30.6,45.2,0.0,True,weather_daily_agg_v1,42,08efbdb5ab95
2025-05-31,Pune,18.5204,73.8567,43.2,24.5,33.8,43.5,0.0,True,weather_daily_agg_v1,42,08efbdb5ab95
2025-05-31,Nashik,19.9975,73.7898,37.9,23.3,30.6,25.3,0.0,True,weather_daily_agg_v1,42,08efbdb5ab95
2025-05-31,Nagpur,21.1458,79.0882,38.7,22.1,30.4,47.9,0.0,True,weather_daily_agg_v1,42,08efbdb5ab95
2025-05-31,Indore,22.7196,75.8577,39.3,23.3,31.3,39.1,0.6,True,weather_daily_agg_v1,42,08efbdb5ab95
2025-06-01,Pune,18.5204,73.8567,26.1,21.5,23.8,81.9,0.7,True,weather_daily_agg_v1,42,08efbdb5ab95
2025-06-01,Nashik,19.9975,73.7898,26.8,21.7,24.2,74.5,4.1,True,weather_daily_agg_v1,42,08efbdb5ab95
2025-06-01,Nagpur,21.1458,79.0882,29.8,22.5,26.1,95.7,0.0,True,weather_daily_agg_v1,42,08efbdb5ab95
2025-06-01,Indore,22.7196,75.8577,29.7,23.1,26.4,82.5,2.0,True,weather_daily_agg_v1,42,08efbdb5ab95
2025-06-02,Pune,18.5204,73.8567,29.5,19.9,24.7,93.9,4.7,True,weather_daily_agg_v1,42,08efbdb5ab95
2025-06-02,Nashik,19.9975,73.7898,25.8,25.3,25.6,83.3,3.1,True,weather_daily_agg_v1,42,08efbdb5ab95
2025-06-02,Nagpur,21.1458,79.0882,23.7,21.9,22.8,78.7,0.0,True,weather_daily_agg_v1,42,08efbdb5ab95
2025-06-02,Indore,22.7196,75.8577,31.8,20.5,26.2,73.7,13.4,True,weather_daily_agg_v1,42,08efbdb5ab95
2025-06-03,Pune,18.5204,73.8567,29.9,23.1,26.5,83.0,4.6,True,weather_daily_agg_v1,42,08efbdb5ab95
2025-06-03,Nashik,19.9975,73.7898,30.0,24.4,27.2,69.0,11.9,True,weather_daily_agg_v1,42,08efbdb5ab95
2025-06-03,Nagpur,21.1458,79.0882,32.7,23.1,27.9,84.8,3.9,True,weather_daily_agg_v1,42,08efbdb5ab95
2025-06-03,Indore,22.7196,75.8577,27.2,21.4,24.3,82.3,0.0,True,weather_daily_agg_v1,42,08efbdb5ab95
2025-06-04,Pune,18.5204,73.8567,26.7,22.4,24.6,82.5,0.5,True,weather_daily_agg_v1,42,08efbdb5ab95
2025-06-04,Nashik,19.9975,73.7898,26.7,17.3,22.0,87.9,0.0,True,weather_daily_agg_v1,42,08efbdb5ab95
2025-06-04,Nagpur,21.1458,79.0882,31.4,23.7,27.5,84.2,0.6,True,weather_daily_agg_v1,42,08efbdb5ab95
2025-06-04,Indore,22.7196,75.8577,33.4,24.1,28.7,90.4,0.0,True,weather_daily_agg_v1,42,08efbdb5ab95
2025-06-05,Pune,18.5204,73.8567,25.8,25.7,25.8,77.6,0.0,True,weather_daily_agg_v1,42,08efbdb5ab95
2025-06-05,Nashik,19.9975,73.7898,31.4,18.3,24.9,72.5,23.5,True,weather_daily_agg_v1,42,08efbdb5ab95
2025-06-05,Nagpur,21.1458,79.0882,31.7,20.4,26.0,82.6,10.7,True,weather_daily_agg_v1,42,08efbdb5ab95
2025-06-05,Indore,22.7196,75.8577,30.8,21.3,26.0,98.0,4.1,True,weather_daily_agg_v1,42,08efbdb5ab95
2025-06-06,Pune,18.5204,73.8567,28.9,19.6,24.3,85.4,10.8,True,weather_daily_agg_v1,42,08efbdb5ab95
2025-06-06,Nashik,19.9975,73.7898,29.9,19.1,24.5,84.3,0.0,True,weather_daily_agg_v1,42,08efbdb5ab95
2025-06-06,Nagpur,21.1458,79.0882,32.4,22.3,27.3,62.3,0.0,True,weather_daily_agg_v1,42,08efbdb5ab95
2025-06-06,Indore,22.7196,75.8577,32.3,22.1,27.2,81.5,12.2,True,weather_daily_agg_v1,42,08efbdb5ab95
2025-06-07,Pune,18.5204,73.8567,33.2,21.2,27.2,80.6,5.6,True,weather_daily_agg_v1,42,08efbdb5ab95
2025-06-07,Nashik,19.9975,73.7898,29.5,22.6,26.0,57.3,16.2,True,weather_daily_agg_v1,42,08efbdb5ab95
2025-06-07,Nagpur,21.1458,79.0882,29.7,20.7,25.2,81.0,1.4,True,weather_daily_agg_v1,42,08efbdb5ab95
2025-06-07,Indore,22.7196,75.8577,30.0,20.7,25.4,84.5,48.1,True,weather_daily_agg_v1,42,08efbdb5ab95
2025-06-08,Pune,18.5204,73.8567,29.2,24.0,26.6,66.3,35.0,True,weather_daily_agg_v1,42,08efbdb5ab95
2025-06-08,Nashik,19.9975,73.7898,28.4,21.5,25.0,94.2,1.9,True,weather_daily_agg_v1,42,08efbdb5ab95
2025-06-08,Nagpur,21.1458,79.0882,23.1,21.9,22.5,76.1,0.0,True,weather_daily_agg_v1,42,08efbdb5ab95
2025-06-08,Indore,22.7196,75.8577,28.3,23.5,25.9,69.2,13.0,True,weather_daily_agg_v1,42,08efbdb5ab95
2025-06-09,Pune,18.5204,73.8567,28.5,23.6,26.1,90.4,25.4,True,weather_daily_agg_v1,42,08efbdb5ab95
2025-06-09,Nashik,19.9975,73.7898,28.8,20.2,24.5,83.1,4.0,True,weather_daily_agg_v1,42,08efbdb5ab95
2025-06-09,Nagpur,21.1458,79.0882,31.9,23.4,27.7,80.5,0.6,True,weather_daily_agg_v1,42,08efbdb5ab95
2025-06-09,Indore,22.7196,75.8577,30.2,24.1,27.2,74.8,0.0,True,weather_daily_agg_v1,42,08efbdb5ab95
2025-06-10,Pune,18.5204,73.8567,25.0,23.5,24.2,63.0,34.2,True,weather_daily_agg_v1,42,08efbdb5ab95
2025-06-10,Nashik,19.9975,73.7898,33.0,23.3,28.1,91.4,3.0,True,weather_daily_agg_v1,42,08efbdb5ab95
2025-06-10,Nagpur,21.1458,79.0882,25.3,24.4,24.8,93.0,3.6,True,weather_daily_agg_v1,42,08efbdb5ab95
2025-06-10,Indore,22.7196,75.8577,30.2,21.7,25.9,82.4,0.1,True,weather_daily_agg_v1,42,08efbdb5ab95
2025-06-11,Pune,18.5204,73.8567,27.5,24.0,25.7,79.6,3.0,True,weather_daily_agg_v1,42,08efbdb5ab95
2025-06-11,Nashik,19.9975,73.7898,30.8,20.8,25.8,82.4,0.0,True,weather_daily_agg_v1,42,08efbdb5ab95
2025-06-11,Nagpur,21.1458,79.0882,31.4,20.4,25.9,72.5,0.2,True,weather_daily_agg_v1,42,08efbdb5ab95
2025-06-11,Indore,22.7196,75.8577,29.1,21.2,25.2,80.9,24.4,True,weather_daily_agg_v1,42,08efbdb5ab95
2025-06-12,Pune,18.5204,73.8567,31.6,22.8,27.2,77.2,5.8,True,weather_daily_agg_v1,42,08efbdb5ab95
2025-06-12,Nashik,19.9975,73.7898,27.8,21.5,24.7,80.9,0.0,True,weather_daily_agg_v1,42,08efbdb5ab95
2025-06-12,Nagpur,21.1458,79.0882,31.8,22.1,27.0,76.3,0.0,True,weather_daily_agg_v1,42,08efbdb5ab95
2025-06-12,Indore,22.7196,75.8577,27.5,20.4,24.0,87.4,24.7,True,weather_daily_agg_v1,42,08efbdb5ab95
2025-06-13,Pune,18.5204,73.8567,30.1,21.9,26.0,87.8,6.9,True,weather_daily_agg_v1,42,08efbdb5ab95
2025-06-13,Nashik,19.9975,73.7898,28.8,25.1,27.0,89.3,24.4,True,weather_daily_agg_v1,42,08efbdb5ab95
2025-06-13,Nagpur,21.1458,79.0882,24.7,19.5,22.1,64.1,0.0,True,weather_daily_agg_v1,42,08efbdb5ab95
2025-06-13,Indore,22.7196,75.8577,30.7,22.0,26.3,75.7,0.0,True,weather_daily_agg_v1,42,08efbdb5ab95
2025-06-14,Pune,18.5204,73.8567,29.0,21.1,25.1,78.4,0.0,True,weather_daily_agg_v1,42,08efbdb5ab95
2025-06-14,Nashik,19.9975,73.7898,29.8,21.7,25.7,62.7,0.0,True,weather_daily_agg_v1,42,08efbdb5ab95
2025-06-14,Nagpur,21.1458,79.0882,28.3,24.1,26.2,78.1,4.6,True,weather_daily_agg_v1,42,08efbdb5ab95
2025-06-14,Indore,22.7196,75.8577,29.7,22.0,25.9,97.7,0.0,True,weather_daily_agg_v1,42,08efbdb5ab95
2025-06-15,Pune,18.5204,73.8567,27.5,22.2,24.9,83.6,0.0,True,weather_daily_agg_v1,42,08efbdb5ab95
2025-06-15,Nashik,19.9975,73.7898,29.9,22.6,26.2,81.3,0.0,True,weather_daily_agg_v1,42,08efbdb5ab95
2025-06-15,Nagpur,21.1458,79.0882,30.1,25.9,28.0,93.7,0.0,True,weather_daily_agg_v1,42,08efbdb5ab95
2025-06-15,Indore,22.7196,75.8577,32.5,20.9,26.7,70.7,4.7,True,weather_daily_agg_v1,42,08efbdb5ab95
2025-06-16,Pune,18.5204,73.8567,28.4,20.8,24.6,82.5,1.2,True,weather_daily_agg_v1,42,08efbdb5ab95
2025-06-16,Nashik,19.9975,73.7898,30.2,20.1,25.1,93.4,0.0,True,weather_daily_agg_v1,42,08efbdb5ab95
2025-06-16,Nagpur,21.1458,79.0882,30.4,22.9,26.7,85.4,13.2,True,weather_daily_agg_v1,42,08efbdb5ab95
2025-06-16,Indore,22.7196,75.8577,32.1,21.0,26.6,84.1,3.8,True,weather_daily_agg_v1,42,08efbdb5ab95
2025-06-17,Pune,18.5204,73.8567,25.5,22.8,24.2,81.2,4.2,True,weather_daily_agg_v1,42,08efbdb5ab95
2025-06-17,Nashik,19.9975,73.7898,33.8,23.0,28.4,83.1,36.4,True,weather_daily_agg_v1,42,08efbdb5ab95
2025-06-17,Nagpur,21.1458,79.0882,29.6,22.0,25.8,70.0,0.0,True,weather_daily_agg_v1,42,08efbdb5ab95
2025-06-17,Indore,22.7196,75.8577,32.2,21.7,26.9,98.0,24.7,True,weather_daily_agg_v1,42,08efbdb5ab95
2025-06-18,Pune,18.5204,73.8567,25.8,24.8,25.3,80.1,3.9,True,weather_daily_agg_v1,42,08efbdb5ab95
2025-06-18,Nashik,19.9975,73.7898,27.4,24.0,25.7,63.6,0.0,True,weather_daily_agg_v1,42,08efbdb5ab95
2025-06-18,Nagpur,21.1458,79.0882,28.7,22.6,25.7,88.2,0.1,True,weather_daily_agg_v1,42,08efbdb5ab95
2025-06-18,Indore,22.7196,75.8577,27.1,22.7,24.9,75.5,0.0,True,weather_daily_agg_v1,42,08efbdb5ab95
2025-06-19,Pune,18.5204,73.8567,28.5,22.2,25.3,88.0,2.2,True,weather_daily_agg_v1,42,08efbdb5ab95
2025-06-19,Nashik,19.9975,73.7898,33.0,22.6,27.8,75.1,15.6,True,weather_daily_agg_v1,42,08efbdb5ab95
2025-06-19,Nagpur,21.1458,79.0882,31.5,23.2,27.3,83.3,0.0,True,weather_daily_agg_v1,42,08efbdb5ab95
2025-06-19,Indore,22.7196,75.8577,22.8,23.9,23.3,63.0,0.0,True,weather_daily_agg_v1,42,08efbdb5ab95
2025-06-20,Pune,18.5204,73.8567,30.7,24.9,27.8,77.8,0.0,True,weather_daily_agg_v1,42,08efbdb5ab95
2025-06-20,Nashik,19.9975,73.7898,27.1,18.4,22.8,69.1,3.3,True,weather_daily_agg_v1,42,08efbdb5ab95
2025-06-20,Nagpur,21.1458,79.0882,32.0,23.0,27.5,89.1,0.0,True,weather_daily_agg_v1,42,08efbdb5ab95
2025-06-20,Indore,22.7196,75.8577,26.9,21.8,24.3,72.4,0.0,True,weather_daily_agg_v1,42,08efbdb5ab95
2025-06-21,Pune,18.5204,73.8567,28.5,19.1,23.8,65.0,4.3,True,weather_daily_agg_v1,42,08efbdb5ab95
2025-06-21,Nashik,19.9975,73.7898,26.7,22.0,24.3,74.4,20.8,True,weather_daily_agg_v1,42,08efbdb5ab95
2025-06-21,Nagpur,21.1458,79.0882,29.4,22.8,26.1,97.6,2.3,True,weather_daily_agg_v1,42,08efbdb5ab95
2025-06-21,Indore,22.7196,75.8577,35.3,21.6,28.4,77.8,19.4,True,weather_daily_agg_v1,42,08efbdb5ab95
2025-06-22,Pune,18.5204,73.8567,27.0,25.6,26.3,50.4,33.7,True,weather_daily_agg_v1,42,08efbdb5ab95
2025-06-22,Nashik,19.9975,73.7898,23.1,20.3,21.7,74.5,1.8,True,weather_daily_agg_v1,42,08efbdb5ab95
2025-06-22,Nagpur,21.1458,79.0882,29.0,21.2,25.1,80.4,0.0,True,weather_daily_agg_v1,42,08efbdb5ab95
2025-06-22,Indore,22.7196,75.8577,27.7,22.5,25.1,87.4,51.9,True,weather_daily_agg_v1,42,08efbdb5ab95
2025-06-23,Pune,18.5204,73.8567,27.9,24.8,26.4,69.2,6.6,True,weather_daily_agg_v1,42,08efbdb5ab95
2025-06-23,Nashik,19.9975,73.7898,27.0,19.8,23.4,88.2,0.0,True,weather_daily_agg_v1,42,08efbdb5ab95
2025-06-23,Nagpur,21.1458,79.0882,28.1,19.8,23.9,79.4,4.3,True,weather_daily_agg_v1,42,08efbdb5ab95
2025-06-23,Indore,22.7196,75.8577,27.1,23.9,25.5,71.2,0.4,True,weather_daily_agg_v1,42,08efbdb5ab95
2025-06-24,Pune,18.5204,73.8567,28.7,21.4,25.1,95.8,0.0,True,weather_daily_agg_v1,42,08efbdb5ab95
2025-06-24,Nashik,19.9975,73.7898,31.8,23.3,27.6,74.1,0.0,True,weather_daily_agg_v1,42,08efbdb5ab95
2025-06-24,Nagpur,21.1458,79.0882,29.0,21.4,25.2,73.4,13.3,True,weather_daily_agg_v1,42,08efbdb5ab95
2025-06-24,Indore,22.7196,75.8577,28.8,20.6,24.7,88.0,0.0,True,weather_daily_agg_v1,42,08efbdb5ab95
2025-06-25,Pune,18.5204,73.8567,28.7,24.3,26.5,79.4,0.0,True,weather_daily_agg_v1,42,08efbdb5ab95
2025-06-25,Nashik,19.9975,73.7898,28.4,20.0,24.2,74.8,0.0,True,weather_daily_agg_v1,42,08efbdb5ab95
2025-06-25,Nagpur,21.1458,79.0882,27.6,20.9,24.3,70.4,0.0,True,weather_daily_agg_v1,42,08efbdb5ab95
2025-06-25,Indore,22.7196,75.8577,28.6,22.1,25.3,80.5,16.9,True,weather_daily_agg_v1,42,08efbdb5ab95
2025-06-26,Pune,18.5204,73.8567,30.5,23.1,26.8,76.4,0.0,True,weather_daily_agg_v1,42,08efbdb5ab95
2025-06-26,Nashik,19.9975,73.7898,29.5,21.1,25.3,78.2,6.1,True,weather_daily_agg_v1,42,08efbdb5ab95
2025-06-26,Nagpur,21.1458,79.0882,32.7,25.2,29.0,58.3,10.0,True,weather_daily_agg_v1,42,08efbdb5ab95
2025-06-26,Indore,22.7196,75.8577,29.4,23.0,26.2,92.6,0.0,True,weather_daily_agg_v1,42,08efbdb5ab95
2025-06-27,Pune,18.5204,73.8567,27.9,25.4,26.7,87.3,16.4,True,weather_daily_agg_v1,42,08efbdb5ab95
2025-06-27,Nashik,19.9975,73.7898,34.5,21.2,27.9,76.2,29.5,True,weather_daily_agg_v1,42,08efbdb5ab95
2025-06-27,Nagpur,21.1458,79.0882,30.0,22.3,26.2,84.3,0.0,True,weather_daily_agg_v1,42,08efbdb5ab95
2025-06-27,Indore,22.7196,75.8577,31.7,21.3,26.5,52.1,0.0,True,weather_daily_agg_v1,42,08efbdb5ab95
2025-06-28,Pune,18.5204,73.8567,31.0,18.3,24.7,90.0,3.5,True,weather_daily_agg_v1,42,08efbdb5ab95
2025-06-28,Nashik,19.9975,73.7898,30.5,22.9,26.7,89.7,44.0,True,weather_daily_agg_v1,42,08efbdb5ab95
2025-06-28,Nagpur,21.1458,79.0882,27.9,19.3,23.6,68.9,0.0,True,weather_daily_agg_v1,42,08efbdb5ab95
2025-06-28,Indore,22.7196,75.8577,25.4,22.2,23.8,63.4,0.0,True,weather_daily_agg_v1,42,08efbdb5ab95
2025-06-29,Pune,18.5204,73.8567,26.6,21.5,24.1,73.0,8.6,True,weather_daily_agg_v1,42,08efbdb5ab95
2025-06-29,Nashik,19.9975,73.7898,30.8,21.1,26.0,62.8,1.8,True,weather_daily_agg_v1,42,08efbdb5ab95
2025-06-29,Nagpur,21.1458,79.0882,31.0,18.9,24.9,81.3,8.2,True,weather_daily_agg_v1,42,08efbdb5ab95
2025-06-29,Indore,22.7196,75.8577,30.3,24.8,27.5,89.0,0.0,True,weather_daily_agg_v1,42,08efbdb5ab95
2025-06-30,Pune,18.5204,73.8567,26.6,21.3,23.9,75.5,14.0,True,weather_daily_agg_v1,42,08efbdb5ab95
2025-06-30,Nashik,19.9975,73.7898,30.0,24.5,27.3,68.8,13.5,True,weather_daily_agg_v1,42,08efbdb5ab95
2025-06-30,Nagpur,21.1458,79.0882,31.5,22.5,27.0,74.8,0.0,True,weather_daily_agg_v1,42,08efbdb5ab95
2025-06-30,Indore,22.7196,75.8577,30.6,22.2,26.4,76.0,14.5,True,weather_daily_agg_v1,42,08efbdb5ab95
2025-07-01,Pune,18.5204,73.8567,29.8,22.6,26.2,70.2,0.0,True,weather_daily_agg_v1,42,08efbdb5ab95
2025-07-01,Nashik,19.9975,73.7898,31.6,19.0,25.3,90.5,0.8,True,weather_daily_agg_v1,42,08efbdb5ab95
2025-07-01,Nagpur,21.1458,79.0882,31.8,24.5,28.2,79.9,4.2,True,weather_daily_agg_v1,42,08efbdb5ab95
2025-07-01,Indore,22.7196,75.8577,25.6,19.0,22.3,80.4,0.0,True,weather_daily_agg_v1,42,08efbdb5ab95
2025-07-02,Pune,18.5204,73.8567,27.0,21.6,24.3,91.4,0.0,True,weather_daily_agg_v1,42,08efbdb5ab95
2025-07-02,Nashik,19.9975,73.7898,29.5,21.7,25.6,88.7,4.5,True,weather_daily_agg_v1,42,08efbdb5ab95
2025-07-02,Nagpur,21.1458,79.0882,26.4,21.8,24.1,83.5,3.5,True,weather_daily_agg_v1,42,08efbdb5ab95
2025-07-02,Indore,22.7196,75.8577,28.1,21.6,24.8,75.4,36.6,True,weather_daily_agg_v1,42,08efbdb5ab95
2025-07-03,Pune,18.5204,73.8567,30.1,21.9,26.0,80.8,9.5,True,weather_daily_agg_v1,42,08efbdb5ab95
2025-07-03,Nashik,19.9975,73.7898,31.6,24.1,27.8,89.8,0.0,True,weather_daily_agg_v1,42,08efbdb5ab95
2025-07-03,Nagpur,21.1458,79.0882,28.5,23.8,26.1,73.8,16.6,True,weather_daily_agg_v1,42,08efbdb5ab95
2025-07-03,Indore,22.7196,75.8577,26.4,21.7,24.0,75.1,0.0,True,weather_daily_agg_v1,42,08efbdb5ab95
2025-07-04,Pune,18.5204,73.8567,27.1,20.4,23.8,85.6,1.4,True,weather_daily_agg_v1,42,08efbdb5ab95
2025-07-04,Nashik,19.9975,73.7898,31.8,20.6,26.2,76.3,25.1,True,weather_daily_agg_v1,42,08efbdb5ab95
2025-07-04,Nagpur,21.1458,79.0882,33.2,24.0,28.6,63.9,5.6,True,weather_daily_agg_v1,42,08efbdb5ab95
2025-07-04,Indore,22.7196,75.8577,30.0,22.2,26.1,81.8,0.0,True,weather_daily_agg_v1,42,08efbdb5ab95
2025-07-05,Pune,18.5204,73.8567,33.5,24.8,29.2,69.6,19.9,True,weather_daily_agg_v1,42,08efbdb5ab95
2025-07-05,Nashik,19.9975,73.7898,30.1,22.9,26.5,80.8,4.2,True,weather_daily_agg_v1,42,08efbdb5ab95
2025-07-05,Nagpur,21.1458,79.0882,31.8,21.7,26.8,64.4,5.2,True,weather_daily_agg_v1,42,08efbdb5ab95
2025-07-05,Indore,22.7196,75.8577,30.2,22.1,26.2,87.9,0.0,True,weather_daily_agg_v1,42,08efbdb5ab95
2025-07-06,Pune,18.5204,73.8567,30.8,22.5,26.7,82.0,5.8,True,weather_daily_agg_v1,42,08efbdb5ab95
2025-07-06,Nashik,19.9975,73.7898,27.0,22.0,24.5,62.0,6.6,True,weather_daily_agg_v1,42,08efbdb5ab95
2025-07-06,Nagpur,21.1458,79.0882,28.6,19.3,23.9,90.9,22.7,True,weather_daily_agg_v1,42,08efbdb5ab95
2025-07-06,Indore,22.7196,75.8577,29.1,22.8,26.0,78.6,0.0,True,weather_daily_agg_v1,42,08efbdb5ab95
2025-07-07,Pune,18.5204,73.8567,27.9,21.1,24.5,66.1,7.4,True,weather_daily_agg_v1,42,08efbdb5ab95
2025-07-07,Nashik,19.9975,73.7898,30.0,23.2,26.6,84.9,0.0,True,weather_daily_agg_v1,42,08efbdb5ab95
2025-07-07,Nagpur,21.1458,79.0882,29.3,22.9,26.1,84.7,5.3,True,weather_daily_agg_v1,42,08efbdb5ab95
2025-07-07,Indore,22.7196,75.8577,27.5,23.1,25.3,56.9,0.0,True,weather_daily_agg_v1,42,08efbdb5ab95
2025-07-08,Pune,18.5204,73.8567,24.1,24.1,24.1,69.5,2.2,True,weather_daily_agg_v1,42,08efbdb5ab95
2025-07-08,Nashik,19.9975,73.7898,27.3,23.9,25.6,73.7,0.0,True,weather_daily_agg_v1,42,08efbdb5ab95
2025-07-08,Nagpur,21.1458,79.0882,28.6,21.1,24.9,89.6,0.9,True,weather_daily_agg_v1,42,08efbdb5ab95
2025-07-08,Indore,22.7196,75.8577,30.9,21.7,26.3,64.8,8.6,True,weather_daily_agg_v1,42,08efbdb5ab95
2025-07-09,Pune,18.5204,73.8567,23.9,20.7,22.3,83.5,86.4,True,weather_daily_agg_v1,42,08efbdb5ab95
2025-07-09,Nashik,19.9975,73.7898,25.8,22.6,24.2,83.7,4.8,True,weather_daily_agg_v1,42,08efbdb5ab95
2025-07-09,Nagpur,21.1458,79.0882,30.9,19.2,25.1,94.1,30.7,True,weather_daily_agg_v1,42,08efbdb5ab95
2025-07-09,Indore,22.7196,75.8577,30.2,20.0,25.1,98.0,3.4,True,weather_daily_agg_v1,42,08efbdb5ab95
2025-07-10,Pune,18.5204,73.8567,31.6,20.7,26.2,76.1,1.3,True,weather_daily_agg_v1,42,08efbdb5ab95
2025-07-10,Nashik,19.9975,73.7898,29.0,21.5,25.2,68.5,4.6,True,weather_daily_agg_v1,42,08efbdb5ab95
2025-07-10,Nagpur,21.1458,79.0882,28.8,22.1,25.4,81.3,11.6,True,weather_daily_agg_v1,42,08efbdb5ab95
2025-07-10,Indore,22.7196,75.8577,26.5,24.9,25.7,91.6,0.6,True,weather_daily_agg_v1,42,08efbdb5ab95
2025-07-11,Pune,18.5204,73.8567,28.3,22.3,25.3,74.4,0.0,True,weather_daily_agg_v1,42,08efbdb5ab95
2025-07-11,Nashik,19.9975,73.7898,31.7,20.0,25.9,84.0,9.5,True,weather_daily_agg_v1,42,08efbdb5ab95
2025-07-11,Nagpur,21.1458,79.0882,32.6,19.9,26.3,76.2,9.3,True,weather_daily_agg_v1,42,08efbdb5ab95
2025-07-11,Indore,22.7196,75.8577,29.8,19.1,24.5,91.9,5.9,True,weather_daily_agg_v1,42,08efbdb5ab95
2025-07-12,Pune,18.5204,73.8567,29.3,22.3,25.8,66.2,13.4,True,weather_daily_agg_v1,42,08efbdb5ab95
2025-07-12,Nashik,19.9975,73.7898,32.0,23.4,27.7,83.9,14.6,True,weather_daily_agg_v1,42,08efbdb5ab95
2025-07-12,Nagpur,21.1458,79.0882,30.7,21.0,25.9,75.0,14.4,True,weather_daily_agg_v1,42,08efbdb5ab95
2025-07-12,Indore,22.7196,75.8577,29.5,21.7,25.6,70.5,0.0,True,weather_daily_agg_v1,42,08efbdb5ab95
2025-07-13,Pune,18.5204,73.8567,27.9,21.5,24.7,98.0,0.0,True,weather_daily_agg_v1,42,08efbdb5ab95
2025-07-13,Nashik,19.9975,73.7898,26.2,21.4,23.8,77.0,0.1,True,weather_daily_agg_v1,42,08efbdb5ab95
2025-07-13,Nagpur,21.1458,79.0882,29.1,21.5,25.3,78.2,30.0,True,weather_daily_agg_v1,42,08efbdb5ab95
2025-07-13,Indore,22.7196,75.8577,27.2,23.4,25.3,62.4,5.9,True,weather_daily_agg_v1,42,08efbdb5ab95
2025-07-14,Pune,18.5204,73.8567,28.1,23.9,26.0,74.5,0.0,True,weather_daily_agg_v1,42,08efbdb5ab95
2025-07-14,Nashik,19.9975,73.7898,29.7,21.9,25.8,68.7,31.5,True,weather_daily_agg_v1,42,08efbdb5ab95
2025-07-14,Nagpur,21.1458,79.0882,31.0,22.0,26.5,78.6,13.9,True,weather_daily_agg_v1,42,08efbdb5ab95
2025-07-14,Indore,22.7196,75.8577,30.6,22.6,26.6,61.0,9.2,True,weather_daily_agg_v1,42,08efbdb5ab95
2025-07-15,Pune,18.5204,73.8567,24.1,24.5,24.3,56.9,11.5,True,weather_daily_agg_v1,42,08efbdb5ab95
2025-07-15,Nashik,19.9975,73.7898,26.4,23.0,24.7,62.0,22.7,True,weather_daily_agg_v1,42,08efbdb5ab95
2025-07-15,Nagpur,21.1458,79.0882,29.0,21.7,25.3,83.4,0.0,True,weather_daily_agg_v1,42,08efbdb5ab95
2025-07-15,Indore,22.7196,75.8577,32.9,20.4,26.7,92.0,0.8,True,weather_daily_agg_v1,42,08efbdb5ab95
2025-07-16,Pune,18.5204,73.8567,29.9,21.7,25.8,74.5,0.0,True,weather_daily_agg_v1,42,08efbdb5ab95
2025-07-16,Nashik,19.9975,73.7898,35.0,21.2,28.1,76.9,1.2,True,weather_daily_agg_v1,42,08efbdb5ab95
2025-07-16,Nagpur,21.1458,79.0882,24.2,22.0,23.1,83.0,13.5,True,weather_daily_agg_v1,42,08efbdb5ab95
2025-07-16,Indore,22.7196,75.8577,30.9,23.5,27.2,67.4,25.1,True,weather_daily_agg_v1,42,08efbdb5ab95
2025-07-17,Pune,18.5204,73.8567,26.4,22.5,24.4,74.2,0.0,True,weather_daily_agg_v1,42,08efbdb5ab95
2025-07-17,Nashik,19.9975,73.7898,28.4,21.2,24.8,82.5,11.0,True,weather_daily_agg_v1,42,08efbdb5ab95
2025-07-17,Nagpur,21.1458,79.0882,30.3,22.5,26.4,82.0,48.3,True,weather_daily_agg_v1,42,08efbdb5ab95
2025-07-17,Indore,22.7196,75.8577,26.7,21.9,24.3,69.5,0.0,True,weather_daily_agg_v1,42,08efbdb5ab95
2025-07-18,Pune,18.5204,73.8567,31.3,23.8,27.5,80.4,25.9,True,weather_daily_agg_v1,42,08efbdb5ab95
2025-07-18,Nashik,19.9975,73.7898,26.1,21.6,23.8,64.9,0.5,True,weather_daily_agg_v1,42,08efbdb5ab95
2025-07-18,Nagpur,21.1458,79.0882,28.2,22.7,25.5,72.5,17.9,True,weather_daily_agg_v1,42,08efbdb5ab95
2025-07-18,Indore,22.7196,75.8577,31.6,21.1,26.4,78.2,21.4,True,weather_daily_agg_v1,42,08efbdb5ab95
2025-07-19,Pune,18.5204,73.8567,31.1,21.7,26.4,79.0,0.0,True,weather_daily_agg_v1,42,08efbdb5ab95
2025-07-19,Nashik,19.9975,73.7898,29.3,20.5,24.9,87.5,25.0,True,weather_daily_agg_v1,42,08efbdb5ab95
2025-07-19,Nagpur,21.1458,79.0882,29.4,23.1,26.3,57.3,2.1,True,weather_daily_agg_v1,42,08efbdb5ab95
2025-07-19,Indore,22.7196,75.8577,29.7,25.4,27.5,91.1,0.6,True,weather_daily_agg_v1,42,08efbdb5ab95
2025-07-20,Pune,18.5204,73.8567,32.1,20.8,26.5,72.5,1.0,True,weather_daily_agg_v1,42,08efbdb5ab95
2025-07-20,Nashik,19.9975,73.7898,29.9,21.7,25.8,75.6,0.0,True,weather_daily_agg_v1,42,08efbdb5ab95
2025-07-20,Nagpur,21.1458,79.0882,34.0,22.5,28.3,74.0,4.7,True,weather_daily_agg_v1,42,08efbdb5ab95
2025-07-20,Indore,22.7196,75.8577,30.4,22.4,26.4,91.2,4.0,True,weather_daily_agg_v1,42,08efbdb5ab95
2025-07-21,Pune,18.5204,73.8567,31.0,22.0,26.5,75.3,3.5,True,weather_daily_agg_v1,42,08efbdb5ab95
2025-07-21,Nashik,19.9975,73.7898,28.5,23.5,26.0,56.4,23.4,True,weather_daily_agg_v1,42,08efbdb5ab95
2025-07-21,Nagpur,21.1458,79.0882,28.5,23.4,25.9,79.8,3.0,True,weather_daily_agg_v1,42,08efbdb5ab95
2025-07-21,Indore,22.7196,75.8577,31.5,22.3,26.9,82.2,0.0,True,weather_daily_agg_v1,42,08efbdb5ab95
2025-07-22,Pune,18.5204,73.8567,30.6,23.3,27.0,60.0,0.4,True,weather_daily_agg_v1,42,08efbdb5ab95
2025-07-22,Nashik,19.9975,73.7898,25.1,21.8,23.4,87.7,28.1,True,weather_daily_agg_v1,42,08efbdb5ab95
2025-07-22,Nagpur,21.1458,79.0882,31.7,23.0,27.4,94.2,25.3,True,weather_daily_agg_v1,42,08efbdb5ab95
2025-07-22,Indore,22.7196,75.8577,31.8,22.6,27.2,79.9,29.0,True,weather_daily_agg_v1,42,08efbdb5ab95
2025-07-23,Pune,18.5204,73.8567,24.2,23.2,23.7,79.0,0.0,True,weather_daily_agg_v1,42,08efbdb5ab95
2025-07-23,Nashik,19.9975,73.7898,30.4,22.3,26.4,86.2,13.6,True,weather_daily_agg_v1,42,08efbdb5ab95
2025-07-23,Nagpur,21.1458,79.0882,30.3,21.6,25.9,71.6,32.3,True,weather_daily_agg_v1,42,08efbdb5ab95
2025-07-23,Indore,22.7196,75.8577,29.9,19.8,24.9,80.8,0.0,True,weather_daily_agg_v1,42,08efbdb5ab95
2025-07-24,Pune,18.5204,73.8567,28.4,22.7,25.5,67.8,10.8,True,weather_daily_agg_v1,42,08efbdb5ab95
2025-07-24,Nashik,19.9975,73.7898,28.3,21.3,24.8,63.9,0.0,True,weather_daily_agg_v1,42,08efbdb5ab95
2025-07-24,Nagpur,21.1458,79.0882,27.9,22.1,25.0,73.9,8.3,True,weather_daily_agg_v1,42,08efbdb5ab95
2025-07-24,Indore,22.7196,75.8577,32.6,23.7,28.1,80.8,0.0,True,weather_daily_agg_v1,42,08efbdb5ab95
2025-07-25,Pune,18.5204,73.8567,26.1,23.0,24.5,93.6,19.9,True,weather_daily_agg_v1,42,08efbdb5ab95
2025-07-25,Nashik,19.9975,73.7898,27.1,23.0,25.0,92.0,0.0,True,weather_daily_agg_v1,42,08efbdb5ab95
2025-07-25,Nagpur,21.1458,79.0882,25.5,20.8,23.2,96.5,0.0,True,weather_daily_agg_v1,42,08efbdb5ab95
2025-07-25,Indore,22.7196,75.8577,34.7,21.9,28.3,79.4,0.0,True,weather_daily_agg_v1,42,08efbdb5ab95
2025-07-26,Pune,18.5204,73.8567,29.9,22.6,26.3,76.8,10.7,True,weather_daily_agg_v1,42,08efbdb5ab95
2025-07-26,Nashik,19.9975,73.7898,31.3,23.9,27.6,85.4,0.1,True,weather_daily_agg_v1,42,08efbdb5ab95
2025-07-26,Nagpur,21.1458,79.0882,30.9,21.1,26.0,81.6,0.0,True,weather_daily_agg_v1,42,08efbdb5ab95
2025-07-26,Indore,22.7196,75.8577,25.8,22.6,24.2,76.8,0.0,True,weather_daily_agg_v1,42,08efbdb5ab95
2025-07-27,Pune,18.5204,73.8567,30.1,21.1,25.6,70.9,0.0,True,weather_daily_agg_v1,42,08efbdb5ab95
2025-07-27,Nashik,19.9975,73.7898,25.8,22.3,24.1,68.0,5.7,True,weather_daily_agg_v1,42,08efbdb5ab95
2025-07-27,Nagpur,21.1458,79.0882,34.0,20.8,27.4,84.7,0.0,True,weather_daily_agg_v1,42,08efbdb5ab95
2025-07-27,Indore,22.7196,75.8577,31.0,21.1,26.1,87.4,17.3,True,weather_daily_agg_v1,42,08efbdb5ab95
2025-07-28,Pune,18.5204,73.8567,27.5,22.2,24.8,79.9,33.0,True,weather_daily_agg_v1,42,08efbdb5ab95
2025-07-28,Nashik,19.9975,73.7898,27.4,21.4,24.4,70.0,6.6,True,weather_daily_agg_v1,42,08efbdb5ab95
2025-07-28,Nagpur,21.1458,79.0882,29.2,22.4,25.8,82.6,5.8,True,weather_daily_agg_v1,42,08efbdb5ab95
2025-07-28,Indore,22.7196,75.8577,31.7,20.8,26.2,61.2,0.0,True,weather_daily_agg_v1,42,08efbdb5ab95
2025-07-29,Pune,18.5204,73.8567,30.2,22.2,26.2,77.2,10.1,True,weather_daily_agg_v1,42,08efbdb5ab95
2025-07-29,Nashik,19.9975,73.7898,30.8,22.5,26.6,93.3,0.0,True,weather_daily_agg_v1,42,08efbdb5ab95
2025-07-29,Nagpur,21.1458,79.0882,26.3,22.2,24.2,98.0,26.6,True,weather_daily_agg_v1,42,08efbdb5ab95
2025-07-29,Indore,22.7196,75.8577,27.9,20.8,24.4,74.8,0.0,True,weather_daily_agg_v1,42,08efbdb5ab95
2025-07-30,Pune,18.5204,73.8567,30.6,21.4,26.0,87.8,1.8,True,weather_daily_agg_v1,42,08efbdb5ab95
2025-07-30,Nashik,19.9975,73.7898,26.2,20.4,23.3,76.4,0.0,True,weather_daily_agg_v1,42,08efbdb5ab95
2025-07-30,Nagpur,21.1458,79.0882,28.0,21.7,24.9,80.4,1.3,True,weather_daily_agg_v1,42,08efbdb5ab95
2025-07-30,Indore,22.7196,75.8577,29.2,22.8,26.0,60.5,0.0,True,weather_daily_agg_v1,42,08efbdb5ab95
2025-07-31,Pune,18.5204,73.8567,26.5,21.0,23.7,95.7,0.0,True,weather_daily_agg_v1,42,08efbdb5ab95
2025-07-31,Nashik,19.9975,73.7898,24.2,22.9,23.6,80.4,0.0,True,weather_daily_agg_v1,42,08efbdb5ab95
2025-07-31,Nagpur,21.1458,79.0882,28.7,20.8,24.7,56.8,0.0,True,weather_daily_agg_v1,42,08efbdb5ab95
2025-07-31,Indore,22.7196,75.8577,30.0,24.6,27.3,64.6,0.0,True,weather_daily_agg_v1,42,08efbdb5ab95
2025-08-01,Pune,18.5204,73.8567,28.5,20.3,24.4,80.9,5.0,True,weather_daily_agg_v1,42,08efbdb5ab95
2025-08-01,Nashik,19.9975,73.7898,27.3,19.5,23.4,86.8,0.0,True,weather_daily_agg_v1,42,08efbdb5ab95
2025-08-01,Nagpur,21.1458,79.0882,27.7,21.0,24.3,76.4,5.1,True,weather_daily_agg_v1,42,08efbdb5ab95
2025-08-01,Indore,22.7196,75.8577,31.0,21.0,26.0,80.0,1.3,True,weather_daily_agg_v1,42,08efbdb5ab95
2025-08-02,Pune,18.5204,73.8567,27.5,18.9,23.2,72.8,0.0,True,weather_daily_agg_v1,42,08efbdb5ab95
2025-08-02,Nashik,19.9975,73.7898,30.3,22.2,26.3,86.0,12.8,True,weather_daily_agg_v1,42,08efbdb5ab95
2025-08-02,Nagpur,21.1458,79.0882,31.8,22.0,26.9,68.4,4.3,True,weather_daily_agg_v1,42,08efbdb5ab95
2025-08-02,Indore,22.7196,75.8577,26.9,20.7,23.8,73.6,2.3,True,weather_daily_agg_v1,42,08efbdb5ab95
2025-08-03,Pune,18.5204,73.8567,32.8,21.6,27.2,80.1,0.0,True,weather_daily_agg_v1,42,08efbdb5ab95
2025-08-03,Nashik,19.9975,73.7898,31.5,22.2,26.8,92.4,0.0,True,weather_daily_agg_v1,42,08efbdb5ab95
2025-08-03,Nagpur,21.1458,79.0882,26.4,22.1,24.2,69.9,0.0,True,weather_daily_agg_v1,42,08efbdb5ab95
2025-08-03,Indore,22.7196,75.8577,26.1,22.4,24.2,62.3,11.3,True,weather_daily_agg_v1,42,08efbdb5ab95
2025-08-04,Pune,18.5204,73.8567,28.3,24.0,26.2,60.6,9.6,True,weather_daily_agg_v1,42,08efbdb5ab95
2025-08-04,Nashik,19.9975,73.7898,26.9,22.9,24.9,76.3,24.4,True,weather_daily_agg_v1,42,08efbdb5ab95
2025-08-04,Nagpur,21.1458,79.0882,28.9,20.7,24.8,90.6,0.0,True,weather_daily_agg_v1,42,08efbdb5ab95
2025-08-04,Indore,22.7196,75.8577,24.5,21.5,23.0,74.0,16.6,True,weather_daily_agg_v1,42,08efbdb5ab95
2025-08-05,Pune,18.5204,73.8567,30.3,24.8,27.5,80.3,2.5,True,weather_daily_agg_v1,42,08efbdb5ab95
2025-08-05,Nashik,19.9975,73.7898,31.4,22.8,27.1,85.3,0.0,True,weather_daily_agg_v1,42,08efbdb5ab95
2025-08-05,Nagpur,21.1458,79.0882,29.2,21.2,25.2,79.0,3.1,True,weather_daily_agg_v1,42,08efbdb5ab95
2025-08-05,Indore,22.7196,75.8577,28.4,22.7,25.6,59.1,11.4,True,weather_daily_agg_v1,42,08efbdb5ab95
2025-08-06,Pune,18.5204,73.8567,26.2,21.4,23.8,92.9,1.2,True,weather_daily_agg_v1,42,08efbdb5ab95
2025-08-06,Nashik,19.9975,73.7898,28.9,23.8,26.4,58.3,0.0,True,weather_daily_agg_v1,42,08efbdb5ab95
2025-08-06,Nagpur,21.1458,79.0882,30.7,20.4,25.6,84.6,0.0,True,weather_daily_agg_v1,42,08efbdb5ab95
2025-08-06,Indore,22.7196,75.8577,26.1,22.6,24.4,66.0,0.0,True,weather_daily_agg_v1,42,08efbdb5ab95
2025-08-07,Pune,18.5204,73.8567,33.4,22.7,28.0,82.3,9.6,True,weather_daily_agg_v1,42,08efbdb5ab95
2025-08-07,Nashik,19.9975,73.7898,31.3,22.1,26.7,69.7,7.2,True,weather_daily_agg_v1,42,08efbdb5ab95
2025-08-07,Nagpur,21.1458,79.0882,23.4,19.7,21.6,60.2,0.0,True,weather_daily_agg_v1,42,08efbdb5ab95
2025-08-07,Indore,22.7196,75.8577,27.4,21.6,24.5,85.3,10.4,True,weather_daily_agg_v1,42,08efbdb5ab95
2025-08-08,Pune,18.5204,73.8567,30.5,22.6,26.5,94.4,0.0,True,weather_daily_agg_v1,42,08efbdb5ab95
2025-08-08,Nashik,19.9975,73.7898,31.7,23.4,27.5,71.7,0.0,True,weather_daily_agg_v1,42,08efbdb5ab95
2025-08-08,Nagpur,21.1458,79.0882,26.8,20.8,23.8,73.6,0.2,True,weather_daily_agg_v1,42,08efbdb5ab95
2025-08-08,Indore,22.7196,75.8577,30.1,22.7,26.4,75.7,12.5,True,weather_daily_agg_v1,42,08efbdb5ab95
2025-08-09,Pune,18.5204,73.8567,27.1,20.7,23.9,75.7,5.3,True,weather_daily_agg_v1,42,08efbdb5ab95
2025-08-09,Nashik,19.9975,73.7898,29.7,23.5,26.6,98.0,25.8,True,weather_daily_agg_v1,42,08efbdb5ab95
2025-08-09,Nagpur,21.1458,79.0882,33.2,20.4,26.8,84.2,0.0,True,weather_daily_agg_v1,42,08efbdb5ab95
2025-08-09,Indore,22.7196,75.8577,27.3,24.8,26.1,61.0,4.2,True,weather_daily_agg_v1,42,08efbdb5ab95
2025-08-10,Pune,18.5204,73.8567,34.2,26.5,30.4,97.8,0.0,True,weather_daily_agg_v1,42,08efbdb5ab95
2025-08-10,Nashik,19.9975,73.7898,29.8,22.3,26.1,98.0,0.0,True,weather_daily_agg_v1,42,08efbdb5ab95
2025-08-10,Nagpur,21.1458,79.0882,29.4,23.1,26.3,78.0,0.0,True,weather_daily_agg_v1,42,08efbdb5ab95
2025-08-10,Indore,22.7196,75.8577,27.3,21.1,24.2,81.6,5.7,True,weather_daily_agg_v1,42,08efbdb5ab95
2025-08-11,Pune,18.5204,73.8567,31.8,21.7,26.8,74.3,0.0,True,weather_daily_agg_v1,42,08efbdb5ab95
2025-08-11,Nashik,19.9975,73.7898,29.4,20.1,24.7,77.1,11.4,True,weather_daily_agg_v1,42,08efbdb5ab95
2025-08-11,Nagpur,21.1458,79.0882,25.6,19.7,22.7,87.9,20.5,True,weather_daily_agg_v1,42,08efbdb5ab95
2025-08-11,Indore,22.7196,75.8577,27.1,19.8,23.4,80.2,5.1,True,weather_daily_agg_v1,42,08efbdb5ab95
2025-08-12,Pune,18.5204,73.8567,31.3,23.5,27.4,70.5,0.0,True,weather_daily_agg_v1,42,08efbdb5ab95
2025-08-12,Nashik,19.9975,73.7898,26.1,21.9,24.0,84.5,2.5,True,weather_daily_agg_v1,42,08efbdb5ab95
2025-08-12,Nagpur,21.1458,79.0882,29.3,23.0,26.1,60.9,3.8,True,weather_daily_agg_v1,42,08efbdb5ab95
2025-08-12,Indore,22.7196,75.8577,28.5,22.4,25.5,72.5,16.0,True,weather_daily_agg_v1,42,08efbdb5ab95
2025-08-13,Pune,18.5204,73.8567,26.2,22.6,24.4,84.0,0.0,True,weather_daily_agg_v1,42,08efbdb5ab95
2025-08-13,Nashik,19.9975,73.7898,25.5,21.6,23.5,95.1,4.4,True,weather_daily_agg_v1,42,08efbdb5ab95
2025-08-13,Nagpur,21.1458,79.0882,29.4,21.8,25.6,88.5,10.0,True,weather_daily_agg_v1,42,08efbdb5ab95
2025-08-13,Indore,22.7196,75.8577,31.0,23.1,27.1,81.3,0.0,True,weather_daily_agg_v1,42,08efbdb5ab95
2025-08-14,Pune,18.5204,73.8567,26.3,20.8,23.5,77.2,0.0,True,weather_daily_agg_v1,42,08efbdb5ab95
2025-08-14,Nashik,19.9975,73.7898,25.5,20.4,22.9,96.9,21.1,True,weather_daily_agg_v1,42,08efbdb5ab95
2025-08-14,Nagpur,21.1458,79.0882,28.7,21.8,25.3,81.1,1.4,True,weather_daily_agg_v1,42,08efbdb5ab95
2025-08-14,Indore,22.7196,75.8577,33.0,21.7,27.4,84.4,10.6,True,weather_daily_agg_v1,42,08efbdb5ab95
